index;action;size;isElectric;isDisabled;isSuccess;hour;smallFreeSpaces;mediumFreeSpaces;largeFreeSpaces
8;0;0;0;1;1;0;301;300;398
17;0;0;1;1;1;0;301;300;397
60;0;2;0;1;1;0;301;300;396
71;0;1;0;1;1;0;301;300;395
94;0;1;1;0;1;0;301;300;394
114;0;1;1;0;1;0;301;300;393
132;0;0;1;0;1;0;301;300;392
138;0;2;1;0;1;0;301;300;391
175;0;0;1;1;1;0;301;300;390
206;0;1;0;1;1;0;301;300;389
209;0;2;0;0;1;0;301;300;388
212;0;0;0;1;1;0;301;300;387
224;0;1;0;0;1;0;301;299;387
239;0;0;0;1;1;0;301;299;386
275;0;2;0;1;1;0;301;299;385
278;0;0;1;1;1;0;301;299;384
284;0;1;0;0;1;0;301;298;384
324;0;0;1;0;1;0;301;298;383
343;0;0;0;1;1;0;300;298;383
348;0;0;1;1;1;0;300;298;382
367;0;2;1;1;1;0;300;298;381
392;0;0;1;1;1;0;300;298;380
398;0;2;1;1;1;0;300;298;379
414;0;2;0;0;1;0;300;298;378
434;0;2;1;0;1;0;300;298;377
445;0;1;1;0;1;0;300;298;376
489;0;0;1;1;1;0;300;298;375
491;0;2;0;0;1;0;300;298;374
492;0;1;1;0;1;0;300;298;373
523;0;2;0;0;1;0;300;298;372
527;0;0;1;0;1;0;300;298;371
531;0;2;1;0;1;0;300;298;370
541;0;0;1;1;1;0;300;298;369
587;0;0;1;0;1;0;300;298;368
590;0;1;1;0;1;1;300;298;367
591;0;2;0;0;1;1;300;298;366
592;0;2;1;0;1;1;300;298;365
593;1;1;1;0;1;1;300;298;365
598;0;2;1;0;1;1;300;298;365
600;0;1;1;0;1;1;300;298;364
602;0;0;0;1;1;1;299;298;364
606;1;0;1;1;1;1;299;298;364
607;0;2;1;0;1;1;299;298;364
608;0;1;1;0;1;1;299;298;363
610;0;1;1;0;1;1;299;298;362
613;0;0;0;0;1;1;298;298;362
614;0;0;0;1;1;1;298;298;361
620;0;2;0;0;1;1;298;298;360
621;1;1;0;1;1;1;298;298;360
622;0;0;0;0;1;1;297;298;361
631;0;1;0;0;1;1;297;297;361
635;0;0;0;0;1;1;296;297;361
636;0;0;0;1;1;1;296;297;360
638;0;2;1;1;1;1;296;297;359
639;0;1;0;0;1;1;296;296;359
640;0;2;0;0;1;1;296;296;358
643;0;0;0;1;1;1;295;296;358
646;1;2;0;0;1;1;295;296;358
648;0;0;1;1;1;1;295;296;358
649;0;0;1;0;1;1;295;296;357
655;1;0;1;1;1;1;295;296;357
656;0;2;1;1;1;1;295;296;357
664;0;1;1;0;1;1;295;296;356
665;0;1;0;0;1;1;295;295;356
668;0;0;0;1;1;1;294;295;356
670;0;1;0;1;1;1;294;294;356
671;0;2;0;0;1;1;294;294;355
672;0;2;1;1;1;1;294;294;354
675;0;2;0;0;1;1;294;294;353
677;1;0;0;1;1;1;294;294;353
678;1;2;0;0;1;1;295;294;353
683;1;1;1;0;1;1;295;294;354
685;0;0;0;1;1;1;294;294;355
694;0;2;1;0;1;1;294;294;354
697;0;2;0;0;1;1;294;294;353
698;0;0;0;0;1;1;293;294;353
699;0;2;0;1;1;1;293;294;352
701;0;2;0;0;1;1;293;294;351
702;0;1;0;0;1;1;293;293;351
709;0;2;1;1;1;1;293;293;350
710;1;0;1;1;1;1;293;293;350
712;0;0;1;1;1;1;293;293;350
713;0;1;0;1;1;1;293;292;350
720;0;2;1;1;1;1;293;292;349
721;0;1;1;1;1;1;293;292;348
722;1;1;1;0;1;1;293;292;348
724;0;0;0;0;1;1;292;292;349
725;1;2;0;0;1;1;292;292;349
733;0;1;1;0;1;1;292;292;349
734;1;0;1;1;1;1;292;292;349
737;0;1;0;1;1;1;292;291;350
742;0;2;0;0;1;1;292;291;349
750;0;2;1;1;1;1;292;291;348
752;1;2;0;0;1;1;292;291;348
753;1;2;0;0;1;1;292;291;349
758;1;0;0;0;1;1;292;291;350
759;0;2;0;1;1;1;293;291;349
762;0;1;1;0;1;1;293;291;348
764;1;2;1;1;1;1;293;291;348
766;0;0;0;1;1;1;292;291;349
767;1;1;1;0;1;1;292;291;349
769;0;0;0;0;1;1;291;291;350
772;1;1;0;0;1;1;291;291;350
773;1;1;1;0;1;1;291;292;350
775;0;0;1;0;1;1;291;292;350
776;0;0;1;0;1;1;291;292;349
779;0;1;1;1;1;1;291;292;348
783;0;1;1;1;1;1;291;292;347
785;1;2;1;0;1;1;291;292;347
792;0;2;0;0;1;1;291;292;347
793;1;0;0;0;1;1;291;292;347
794;0;0;1;0;1;1;292;292;346
795;0;0;1;0;1;1;292;292;345
796;0;2;0;0;1;1;292;292;344
802;0;2;1;1;1;1;292;292;343
805;0;0;0;0;1;1;291;292;343
806;0;2;0;1;1;1;291;292;342
807;0;1;0;0;1;1;291;291;342
810;0;0;0;1;1;1;290;291;342
811;0;2;1;1;1;1;290;291;341
813;1;0;0;1;1;1;290;291;341
815;0;1;0;0;1;1;291;290;341
822;1;0;1;1;1;1;291;290;341
823;1;0;1;0;1;1;291;290;342
825;1;1;0;0;1;1;291;290;343
829;0;0;0;0;1;1;290;291;343
833;0;1;1;1;1;1;290;291;342
838;1;0;1;0;1;1;290;291;342
842;0;1;0;0;1;1;290;290;343
844;0;0;0;1;1;1;289;290;343
845;0;1;0;1;1;1;289;289;343
848;0;1;1;0;1;1;289;289;342
850;0;1;0;0;1;1;289;288;342
852;1;1;0;1;1;1;289;288;342
855;0;2;0;1;1;1;289;288;342
857;1;2;0;0;1;1;289;288;342
858;1;0;1;0;1;1;289;288;343
860;0;0;0;0;1;1;288;288;344
861;1;1;1;0;1;1;288;288;344
863;0;2;0;1;1;1;288;288;344
866;0;0;0;1;1;1;287;288;344
868;0;0;1;1;1;1;287;288;343
873;1;1;0;1;1;1;287;288;343
874;0;0;0;0;1;1;286;289;343
876;1;1;0;1;1;1;286;289;343
877;0;1;1;1;1;1;286;290;342
881;1;2;1;1;1;1;286;290;342
883;0;0;0;1;1;1;285;290;343
885;0;0;0;1;1;1;284;290;343
886;0;1;1;1;1;1;284;290;342
887;0;2;0;1;1;1;284;290;341
888;0;0;0;0;1;1;283;290;341
892;1;0;0;1;1;1;283;290;341
893;0;0;0;0;1;1;282;290;342
895;0;1;0;0;1;1;282;289;342
897;0;1;0;0;1;1;282;288;342
898;0;1;0;1;1;1;282;288;341
905;1;1;0;0;1;1;282;288;341
912;1;0;1;1;1;1;282;289;341
914;0;0;0;0;1;1;281;289;342
921;0;1;1;1;1;1;281;289;341
922;0;1;0;1;1;1;281;288;341
924;0;0;1;0;1;1;281;288;340
925;1;0;1;0;1;1;281;288;340
937;0;2;1;0;1;1;281;288;340
941;0;2;1;1;1;1;281;288;339
944;0;1;1;1;1;1;281;288;338
945;0;1;1;0;1;1;281;288;337
949;0;2;1;1;1;1;281;288;336
951;0;0;0;0;1;1;280;288;336
957;0;2;0;1;1;1;280;288;335
959;0;1;0;1;1;1;280;287;335
961;0;2;0;0;1;1;280;287;334
964;0;1;0;1;1;1;280;286;334
965;0;1;0;0;1;1;280;285;334
966;0;0;0;1;1;1;279;285;334
967;0;2;1;0;1;1;279;285;333
969;1;0;0;1;1;1;279;285;333
974;0;2;1;1;1;1;280;285;332
976;0;0;1;1;1;1;280;285;331
979;0;1;0;0;1;1;280;284;331
985;0;0;1;1;1;1;280;284;330
987;0;1;1;0;1;1;280;284;329
990;0;2;1;0;1;1;280;284;328
993;0;1;1;0;1;1;280;284;327
994;0;2;1;1;1;1;280;284;326
997;0;1;1;0;1;1;280;284;325
998;0;0;1;1;1;1;279;284;325
1006;1;2;0;0;1;1;279;284;325
1012;0;0;0;1;1;1;278;284;326
1015;0;2;1;1;1;1;278;284;325
1017;1;1;1;0;1;1;278;284;325
1024;1;0;0;1;1;1;278;284;326
1025;0;2;1;1;1;1;279;284;325
1026;0;1;0;1;1;1;279;283;325
1028;0;0;1;1;1;1;278;283;325
1029;0;2;0;1;1;1;278;283;324
1030;1;0;1;1;1;1;278;283;324
1031;0;2;0;0;1;1;279;283;323
1032;0;1;0;0;1;1;279;282;323
1035;0;2;1;1;1;1;279;282;322
1036;0;2;1;1;1;1;279;282;321
1038;0;0;0;1;1;1;278;282;321
1040;0;0;0;0;1;1;277;282;321
1041;1;2;1;1;1;1;277;282;321
1044;0;0;1;0;1;1;277;282;321
1050;0;2;1;1;1;1;277;282;320
1052;0;1;0;1;1;1;277;281;320
1056;0;0;0;0;1;1;276;281;320
1058;0;2;0;0;1;1;276;281;319
1061;0;2;1;1;1;1;276;281;318
1067;1;0;1;0;1;1;276;281;318
1068;0;1;1;1;1;1;276;281;318
1084;1;0;0;0;1;1;276;281;318
1085;0;0;1;0;1;1;276;281;318
1087;0;0;1;0;1;1;275;281;318
1092;0;0;0;0;1;1;274;281;318
1093;1;2;0;0;1;1;274;281;318
1094;0;0;0;0;1;1;273;281;319
1096;0;2;0;1;1;1;273;281;318
1097;0;2;0;1;1;1;273;281;317
1098;0;1;0;0;1;1;273;280;317
1106;0;1;1;1;1;1;273;279;317
1110;0;1;1;1;1;1;273;278;317
1114;0;1;1;1;1;1;273;277;317
1116;1;2;0;0;1;1;273;277;317
1121;0;1;1;1;1;1;273;276;318
1127;0;0;1;1;1;1;272;276;318
1132;0;2;1;1;1;1;272;276;317
1133;1;0;1;1;1;1;272;276;317
1135;0;2;0;0;1;1;273;276;316
1138;0;2;0;1;1;1;273;276;315
1139;0;2;1;0;1;1;273;276;314
1141;1;2;1;1;1;1;273;276;314
1146;0;0;0;0;1;1;272;276;315
1147;1;1;0;0;1;1;272;276;315
1151;0;1;1;1;1;1;272;277;314
1160;0;0;0;1;1;1;271;277;314
1162;0;1;1;1;1;1;271;276;314
1168;0;2;0;1;1;1;271;276;313
1169;0;0;0;1;1;1;270;276;313
1170;0;1;0;1;1;1;270;275;313
1171;0;0;0;1;1;1;269;275;313
1174;0;1;0;0;1;1;269;274;313
1176;0;2;0;0;1;2;269;274;312
1177;1;1;0;1;1;2;269;274;312
1178;0;2;0;1;1;2;269;275;311
1179;0;0;0;0;1;2;268;275;311
1180;0;2;1;0;1;2;268;275;310
1182;0;2;0;1;1;2;268;275;309
1183;0;2;1;1;1;2;268;275;308
1184;0;1;1;0;1;2;268;274;308
1185;0;2;0;0;1;2;268;274;307
1186;0;0;1;0;1;2;267;274;307
1187;0;2;0;0;1;2;267;274;306
1188;0;0;1;0;1;2;266;274;306
1189;0;2;1;0;1;2;266;274;305
1190;0;2;0;0;1;2;266;274;304
1191;0;1;0;1;1;2;266;273;304
1192;0;0;0;1;1;2;265;273;304
1193;0;2;0;0;1;2;265;273;303
1194;0;2;1;1;1;2;265;273;302
1195;0;0;1;0;1;2;264;273;302
1196;1;0;1;0;1;2;264;273;302
1197;0;2;1;0;1;2;265;273;301
1198;0;2;0;0;1;2;265;273;300
1199;0;1;0;0;1;2;265;272;300
1200;0;0;0;0;1;2;264;272;300
1201;1;2;0;0;1;2;264;272;300
1203;0;1;1;1;1;2;264;271;301
1204;0;1;1;1;1;2;264;270;301
1205;0;0;1;0;1;2;263;270;301
1206;1;1;0;1;1;2;263;270;301
1207;0;0;0;1;1;2;263;270;301
1208;0;1;1;1;1;2;263;269;301
1209;0;2;0;0;1;2;263;269;300
1210;0;0;0;1;1;2;262;269;300
1211;0;2;0;1;1;2;262;269;299
1212;0;0;1;0;1;2;261;269;299
1213;0;1;1;0;1;2;261;268;299
1214;1;2;0;0;1;2;261;268;299
1216;0;1;1;1;1;2;261;267;300
1217;1;2;0;1;1;2;261;267;300
1218;0;0;1;0;1;2;260;267;301
1219;0;0;1;0;1;2;259;267;301
1220;1;1;0;0;1;2;259;267;301
1221;1;1;1;0;1;2;259;268;301
1222;1;2;0;0;1;2;259;268;302
1223;0;2;0;0;1;2;259;268;302
1224;0;2;0;1;1;2;259;268;301
1226;0;2;1;0;1;2;259;268;300
1227;0;0;1;1;1;2;258;268;300
1228;0;2;0;0;1;2;258;268;299
1229;0;1;1;1;1;2;258;267;299
1230;0;1;0;0;1;2;258;266;299
1231;0;1;0;0;1;2;258;265;299
1232;0;2;0;1;1;2;258;265;298
1233;0;2;1;1;1;2;258;265;297
1234;0;1;0;1;1;2;258;264;297
1235;0;1;0;1;1;2;258;263;297
1236;0;1;1;1;1;2;258;262;297
1237;0;0;1;1;1;2;257;262;297
1238;0;0;1;1;1;2;256;262;297
1239;0;2;0;1;1;2;256;262;296
1240;0;1;1;0;1;2;256;261;296
1241;0;1;0;0;1;2;256;260;296
1242;0;2;0;1;1;2;256;260;295
1243;1;2;0;1;1;2;256;260;295
1246;1;2;0;1;1;2;256;260;296
1248;0;1;1;1;1;2;256;259;297
1249;0;0;1;0;1;2;255;259;297
1250;0;0;0;1;1;2;254;259;297
1251;0;1;0;1;1;2;254;258;297
1252;0;0;0;0;1;2;253;258;297
1254;0;1;1;1;1;2;253;257;297
1255;0;1;1;1;1;2;253;256;297
1256;0;1;1;0;1;2;253;255;297
1257;0;1;1;1;1;2;253;254;297
1258;0;1;1;1;1;2;253;253;297
1259;0;0;1;0;1;2;252;253;297
1260;0;1;0;0;1;2;252;252;297
1261;0;0;0;0;1;2;251;252;297
1262;0;1;1;0;1;2;251;251;297
1263;0;2;0;0;1;2;251;251;296
1264;1;1;0;0;1;2;251;251;296
1265;0;1;1;0;1;2;251;251;296
1266;0;2;1;1;1;2;251;251;295
1267;0;2;1;1;1;2;251;251;294
1268;0;0;1;1;1;2;250;251;294
1269;0;2;0;1;1;2;250;251;293
1271;0;1;1;1;1;2;250;250;293
1272;0;2;0;0;1;2;250;250;292
1273;0;1;1;1;1;2;250;249;292
1274;0;2;0;0;1;2;250;249;291
1275;0;1;1;1;1;2;250;248;291
1276;0;1;1;1;1;2;250;247;291
1277;0;2;1;1;1;2;250;247;290
1278;0;0;1;0;1;2;249;247;290
1279;0;0;0;1;1;2;248;247;290
1280;0;2;0;0;1;2;248;247;289
1281;0;0;0;0;1;2;247;247;289
1282;0;2;0;0;1;2;247;247;288
1283;0;2;1;0;1;2;247;247;287
1284;0;0;1;1;1;2;246;247;287
1287;0;0;1;0;1;2;245;247;287
1288;1;0;0;0;1;2;245;247;287
1289;0;0;1;0;1;2;245;247;287
1290;1;0;1;1;1;2;245;247;287
1291;0;0;0;0;1;2;244;247;288
1292;0;1;1;0;1;2;244;247;287
1293;0;2;0;1;1;2;244;247;286
1294;0;2;1;0;1;2;244;247;285
1296;0;2;1;1;1;2;244;247;284
1297;0;2;1;1;1;2;244;247;283
1298;0;2;1;1;1;2;244;247;282
1299;1;2;0;0;1;2;244;247;282
1300;0;2;1;1;1;2;244;247;282
1301;0;0;1;0;1;2;243;247;282
1302;0;1;1;0;1;2;243;246;282
1303;1;0;1;0;1;2;243;246;282
1304;0;1;1;0;1;2;244;245;282
1305;0;1;0;1;1;2;244;244;282
1307;0;0;1;0;1;2;243;244;282
1309;0;1;0;0;1;2;243;243;282
1310;0;0;1;1;1;2;242;243;282
1311;0;1;0;1;1;2;242;242;282
1313;0;2;1;0;1;2;242;242;281
1314;0;2;0;0;1;2;242;242;280
1315;0;1;1;1;1;2;242;241;280
1318;0;1;0;1;1;2;242;240;280
1319;0;2;1;1;1;2;242;240;279
1320;0;2;1;0;1;2;242;240;278
1321;0;0;1;0;1;2;241;240;278
1322;0;2;1;0;1;2;241;240;277
1323;0;1;0;0;1;2;241;239;277
1324;0;2;0;0;1;2;241;239;276
1325;0;2;1;0;1;2;241;239;275
1326;1;2;1;0;1;2;241;239;275
1327;0;2;0;0;1;2;241;239;275
1328;1;0;1;1;1;2;241;239;275
1329;1;2;1;1;1;2;242;239;275
1330;0;2;0;1;1;2;242;239;275
1331;0;2;0;1;1;2;242;239;274
1332;0;1;1;1;1;2;242;239;273
1333;0;1;1;1;1;2;242;238;273
1334;0;0;0;1;1;2;241;238;273
1335;0;1;1;0;1;2;241;237;273
1337;1;1;0;1;1;2;241;237;273
1339;1;0;0;1;1;2;241;238;273
1340;0;0;0;0;1;2;241;238;273
1343;0;2;1;1;1;2;241;238;272
1344;0;0;1;0;1;2;240;238;272
1345;0;1;0;1;1;2;240;237;272
1347;0;2;0;1;1;2;240;237;271
1348;0;0;0;1;1;2;239;237;271
1349;0;1;1;0;1;2;239;236;271
1350;0;2;0;1;1;2;239;236;270
1351;0;1;0;0;1;2;239;235;270
1352;0;0;1;0;1;2;238;235;270
1354;0;0;0;1;1;2;237;235;270
1355;0;2;1;1;1;2;237;235;269
1356;1;0;1;1;1;2;237;235;269
1357;0;0;0;0;1;2;237;235;269
1358;0;2;0;0;1;2;237;235;268
1359;0;0;0;1;1;2;236;235;268
1361;1;0;0;1;1;2;236;235;268
1362;0;2;1;0;1;2;237;235;267
1364;1;2;0;0;1;2;237;235;267
1365;1;1;1;1;1;2;237;235;268
1366;0;1;0;1;1;2;237;234;269
1367;0;1;1;0;1;2;237;234;268
1368;1;0;1;1;1;2;237;234;268
1369;0;2;0;0;1;2;238;234;267
1370;0;2;1;0;1;2;238;234;266
1371;0;2;1;0;1;2;238;234;265
1372;0;2;1;0;1;2;238;234;264
1373;0;1;1;0;1;2;238;233;264
1374;0;0;1;1;1;2;237;233;264
1375;0;1;1;0;1;2;237;232;264
1376;1;2;1;0;1;2;237;232;264
1377;0;2;1;1;1;2;237;232;264
1378;0;1;1;0;1;2;237;231;264
1379;1;2;0;0;1;2;237;231;264
1380;0;1;0;1;1;2;237;230;265
1381;1;2;1;1;1;2;237;230;265
1382;0;2;1;1;1;2;237;230;265
1384;0;1;0;1;1;2;237;229;265
1387;0;1;1;0;1;2;237;228;265
1388;0;1;0;0;1;2;237;227;265
1389;0;1;0;1;1;2;237;226;265
1390;0;1;0;0;1;2;237;225;265
1391;1;2;0;0;1;2;237;225;265
1392;1;2;1;1;1;2;237;225;266
1394;0;0;0;0;1;2;236;225;267
1395;0;1;1;1;1;2;236;224;267
1396;0;2;0;0;1;2;236;224;266
1397;0;0;1;0;1;2;235;224;266
1401;0;2;0;1;1;2;235;224;265
1402;0;2;0;1;1;2;235;224;264
1403;0;2;0;0;1;2;235;224;263
1405;0;0;0;1;1;2;234;224;263
1406;0;2;0;1;1;2;234;224;262
1407;0;1;1;0;1;2;234;223;262
1409;1;2;1;1;1;2;234;223;262
1410;0;2;0;0;1;2;234;223;262
1413;0;2;1;1;1;2;234;223;261
1414;0;2;1;0;1;2;234;223;260
1415;0;2;0;1;1;2;234;223;259
1416;0;1;1;1;1;2;234;222;259
1417;0;1;1;1;1;2;234;221;259
1418;1;1;0;0;1;2;234;221;259
1419;0;0;1;0;1;2;233;222;259
1421;0;1;0;1;1;2;233;221;259
1422;1;0;0;1;1;2;233;221;259
1423;0;0;1;0;1;2;233;221;259
1424;0;0;0;1;1;2;232;221;259
1425;0;0;1;0;1;2;231;221;259
1427;1;0;0;0;1;2;231;221;259
1428;0;0;1;0;1;2;231;221;259
1430;0;0;0;1;1;2;230;221;259
1431;0;2;0;0;1;2;230;221;258
1432;1;0;1;0;1;2;230;221;258
1433;1;1;0;0;1;2;231;221;258
1434;0;2;1;0;1;2;231;222;257
1436;0;0;0;1;1;2;230;222;257
1437;0;2;0;1;1;2;230;222;256
1439;0;1;1;1;1;2;230;221;256
1440;0;1;0;1;1;2;230;220;256
1441;0;1;0;1;1;2;230;219;256
1442;0;0;0;0;1;2;229;219;256
1443;0;0;0;0;1;2;228;219;256
1444;0;1;1;0;1;2;228;218;256
1445;0;0;0;1;1;2;227;218;256
1446;1;0;0;0;1;2;227;218;256
1447;0;2;0;0;1;2;228;218;255
1448;0;0;0;1;1;2;227;218;255
1449;0;2;1;1;1;2;227;218;254
1450;0;1;1;1;1;2;227;217;254
1451;0;1;0;0;1;2;227;216;254
1452;0;0;1;0;1;2;226;216;254
1453;0;2;1;0;1;2;226;216;253
1454;0;0;1;0;1;2;225;216;253
1455;0;0;0;0;1;2;224;216;253
1456;0;1;1;1;1;2;224;215;253
1457;0;2;1;0;1;2;224;215;252
1458;0;2;0;1;1;2;224;215;251
1459;0;0;0;1;1;2;223;215;251
1460;0;1;1;1;1;2;223;214;251
1463;1;2;1;1;1;2;223;214;251
1465;0;0;1;1;1;2;223;214;251
1466;0;1;0;0;1;2;223;213;251
1467;0;2;0;1;1;2;223;213;250
1468;0;2;0;1;1;2;223;213;249
1469;0;1;0;0;1;2;223;212;249
1470;0;2;1;1;1;2;223;212;248
1471;0;1;1;1;1;2;223;211;248
1472;0;2;0;0;1;2;223;211;247
1473;0;0;1;1;1;2;222;211;247
1474;0;0;1;0;1;2;221;211;247
1475;1;2;0;1;1;2;221;211;247
1476;0;1;1;0;1;2;221;210;248
1477;0;0;1;1;1;2;220;210;248
1478;0;2;1;0;1;2;220;210;247
1479;0;0;0;0;1;2;219;210;247
1481;0;2;1;0;1;2;219;210;246
1482;0;2;0;0;1;2;219;210;245
1483;0;1;0;0;1;2;219;209;245
1485;0;1;1;0;1;2;219;208;245
1486;0;2;1;0;1;2;219;208;244
1487;0;2;1;0;1;2;219;208;243
1488;0;0;1;0;1;2;218;208;243
1489;0;0;0;1;1;2;217;208;243
1490;0;2;0;0;1;2;217;208;242
1492;0;1;1;1;1;2;217;207;242
1494;0;1;1;0;1;2;217;206;242
1495;0;2;0;0;1;2;217;206;241
1497;0;1;0;1;1;2;217;205;241
1498;0;2;0;1;1;2;217;205;240
1499;0;0;1;1;1;2;216;205;240
1501;0;0;1;0;1;2;215;205;240
1502;0;1;0;1;1;2;215;204;240
1503;0;0;1;1;1;2;214;204;240
1504;0;1;0;1;1;2;214;203;240
1505;0;2;0;1;1;2;214;203;239
1506;0;2;0;1;1;2;214;203;238
1507;0;1;0;0;1;2;214;202;238
1508;0;0;1;1;1;2;213;202;238
1509;0;2;1;1;1;2;213;202;237
1510;0;1;0;0;1;2;213;201;237
1511;0;2;0;0;1;2;213;201;236
1512;1;0;1;0;1;2;213;201;236
1513;0;2;0;0;1;2;214;201;235
1515;0;0;0;0;1;2;213;201;235
1516;0;1;0;1;1;2;213;200;235
1517;0;1;0;0;1;2;213;199;235
1518;0;2;0;0;1;2;213;199;234
1519;0;0;0;1;1;2;212;199;234
1520;0;2;0;0;1;2;212;199;233
1521;0;0;0;0;1;2;211;199;233
1522;0;1;0;1;1;2;211;198;233
1523;1;0;0;1;1;2;211;198;233
1524;0;0;0;0;1;2;210;198;234
1526;0;0;1;0;1;2;209;198;234
1527;0;1;1;1;1;2;209;198;233
1528;0;0;0;0;1;2;208;198;233
1529;0;0;0;0;1;2;207;198;233
1530;0;2;1;1;1;2;207;198;232
1531;0;1;0;1;1;2;207;197;232
1532;0;0;1;1;1;2;206;197;232
1533;0;1;0;0;1;2;206;196;232
1534;0;1;0;1;1;2;206;195;232
1535;0;2;0;0;1;2;206;195;231
1536;1;1;1;0;1;2;206;195;231
1537;0;2;0;1;1;2;206;196;230
1538;0;0;1;1;1;2;205;196;230
1539;0;2;0;1;1;2;205;196;229
1540;0;1;1;0;1;2;205;195;229
1541;0;2;1;1;1;2;205;195;228
1542;0;1;0;1;1;2;205;194;228
1543;0;2;0;0;1;2;205;194;227
1544;1;1;0;1;1;2;205;194;227
1545;0;0;1;1;1;2;204;195;227
1547;0;2;0;0;1;2;204;195;226
1548;0;2;1;0;1;2;204;195;225
1549;0;1;1;1;1;2;204;194;225
1550;0;1;0;0;1;2;204;193;225
1551;0;2;0;0;1;2;204;193;224
1552;0;1;0;1;1;2;204;192;224
1553;0;1;0;1;1;2;204;191;224
1554;0;2;0;0;1;2;204;191;223
1555;0;2;0;0;1;2;204;191;222
1556;0;1;0;1;1;2;204;190;222
1557;0;2;0;0;1;2;204;190;221
1558;0;2;1;0;1;2;204;190;220
1559;0;0;1;0;1;2;203;190;220
1560;0;1;1;0;1;2;203;189;220
1561;0;2;1;1;1;2;203;189;219
1562;1;1;1;0;1;2;203;189;219
1563;0;1;0;1;1;2;203;189;219
1564;0;2;1;1;1;2;203;189;218
1565;0;2;1;0;1;2;203;189;217
1566;0;0;0;1;1;2;202;189;217
1567;0;0;0;0;1;2;201;189;217
1568;0;1;0;1;1;2;201;188;217
1569;0;0;1;0;1;2;200;188;217
1570;0;1;1;1;1;2;200;187;217
1572;0;1;0;1;1;2;200;186;217
1573;0;2;0;1;1;2;200;186;216
1574;0;1;1;0;1;2;200;185;216
1575;0;0;0;1;1;2;199;185;216
1576;0;1;0;0;1;2;199;184;216
1577;0;0;1;1;1;2;198;184;216
1578;0;2;1;1;1;2;198;184;215
1579;0;1;1;1;1;2;198;183;215
1580;0;2;1;0;1;2;198;183;214
1581;0;2;0;1;1;2;198;183;213
1582;0;0;0;1;1;2;197;183;213
1583;0;0;0;1;1;2;196;183;213
1584;0;1;1;1;1;2;196;182;213
1585;0;2;0;0;1;2;196;182;212
1586;0;0;0;1;1;2;195;182;212
1589;0;2;1;1;1;2;195;182;211
1590;0;2;1;1;1;2;195;182;210
1591;0;1;1;0;1;2;195;181;210
1592;0;0;1;0;1;2;194;181;210
1593;1;0;0;0;1;2;194;181;210
1594;0;2;0;0;1;2;195;181;209
1595;0;0;1;0;1;2;194;181;209
1596;1;2;1;0;1;2;194;181;209
1597;0;1;0;0;1;2;194;180;210
1598;0;0;1;1;1;2;194;180;209
1599;0;0;0;0;1;2;193;180;209
1600;1;0;0;0;1;2;193;180;209
1601;1;2;0;1;1;2;194;180;209
1602;0;1;0;1;1;2;194;179;210
1603;1;0;0;1;1;2;194;179;210
1604;0;1;1;0;1;2;195;178;210
1605;0;0;0;1;1;2;194;178;210
1606;0;1;0;0;1;2;194;177;210
1607;1;0;0;1;1;2;194;177;210
1609;0;2;1;1;1;2;195;177;209
1610;0;0;0;0;1;2;194;177;209
1612;1;0;1;1;1;2;194;177;209
1613;0;0;0;1;1;2;194;177;209
1614;0;1;0;1;1;2;194;176;209
1615;1;1;1;1;1;2;194;176;209
1616;0;2;0;1;1;2;194;177;208
1617;1;1;0;1;1;2;194;177;208
1618;0;1;1;0;1;2;194;177;208
1619;0;2;0;1;1;2;194;177;207
1620;0;2;1;1;1;2;194;177;206
1621;0;1;0;0;1;2;194;176;206
1622;0;1;0;0;1;2;194;175;206
1623;0;2;1;1;1;2;194;175;205
1624;0;1;1;0;1;2;194;174;205
1625;0;2;0;1;1;2;194;174;204
1626;0;1;1;1;1;2;194;173;204
1627;0;1;0;0;1;2;194;172;204
1628;0;1;1;1;1;2;194;171;204
1629;0;1;1;1;1;2;194;170;204
1632;1;0;0;1;1;2;194;170;204
1633;1;2;1;1;1;2;195;170;204
1635;0;2;1;1;1;2;195;170;204
1636;0;2;0;0;1;2;195;170;203
1637;0;1;0;1;1;2;195;169;203
1638;1;0;0;1;1;2;195;169;203
1639;0;1;1;0;1;2;196;168;203
1641;0;1;1;0;1;2;196;167;203
1642;0;1;0;1;1;2;196;166;203
1643;0;2;0;1;1;2;196;166;202
1644;0;2;1;0;1;2;196;166;201
1645;0;1;0;0;1;2;196;165;201
1647;0;2;0;1;1;2;196;165;200
1648;0;2;1;0;1;2;196;165;199
1649;0;2;0;0;1;2;196;165;198
1650;1;0;0;1;1;2;196;165;198
1652;0;0;0;0;1;2;196;165;198
1653;0;2;0;1;1;2;196;165;197
1654;0;0;0;0;1;2;195;165;197
1655;0;2;0;0;1;2;195;165;196
1656;0;2;0;0;1;2;195;165;195
1657;0;1;0;1;1;2;195;164;195
1658;0;2;0;1;1;2;195;164;194
1659;0;1;0;1;1;2;195;163;194
1660;0;1;1;0;1;2;195;162;194
1661;0;0;0;0;1;2;194;162;194
1662;0;2;0;1;1;2;194;162;193
1663;0;2;1;0;1;2;194;162;192
1665;0;0;0;1;1;2;193;162;192
1666;0;0;0;1;1;2;192;162;192
1667;1;0;0;0;1;2;192;162;192
1668;0;2;1;1;1;2;193;162;191
1669;0;2;0;0;1;2;193;162;190
1670;0;2;0;1;1;2;193;162;189
1671;0;1;1;0;1;2;193;161;189
1672;1;1;1;0;1;2;193;161;189
1673;0;2;0;1;1;2;193;162;188
1674;0;1;0;0;1;2;193;161;188
1675;0;1;1;1;1;2;193;160;188
1676;0;2;1;0;1;2;193;160;187
1678;0;1;0;1;1;2;193;159;187
1679;0;1;1;1;1;2;193;158;187
1680;0;2;0;0;1;2;193;158;186
1682;0;1;1;0;1;2;193;157;186
1683;0;2;0;0;1;2;193;157;185
1684;0;2;1;1;1;2;193;157;184
1685;0;0;0;0;1;2;192;157;184
1686;0;0;1;1;1;2;191;157;184
1688;0;1;0;0;1;2;191;156;184
1689;1;1;1;0;1;2;191;156;184
1690;0;0;1;0;1;2;190;157;184
1691;0;0;0;0;1;2;189;157;184
1692;0;0;0;0;1;2;188;157;184
1693;0;2;1;0;1;2;188;157;183
1694;1;2;1;0;1;2;188;157;183
1695;1;2;1;0;1;2;188;157;184
1696;0;0;0;0;1;2;187;157;185
1697;0;2;1;1;1;2;187;157;184
1698;0;0;0;0;1;2;186;157;184
1700;1;0;0;0;1;2;186;157;184
1701;0;1;0;0;1;2;187;156;184
1702;0;2;0;1;1;2;187;156;183
1703;0;0;0;0;1;2;186;156;183
1704;0;1;0;0;1;2;186;155;183
1705;0;0;1;0;1;2;185;155;183
1706;0;1;0;1;1;2;185;154;183
1707;0;2;1;1;1;2;185;154;182
1708;0;0;0;0;1;2;184;154;182
1709;0;0;0;1;1;2;183;154;182
1710;0;1;1;0;1;2;183;153;182
1713;0;1;0;0;1;2;183;152;182
1714;0;1;1;0;1;2;183;151;182
1715;0;2;0;0;1;2;183;151;181
1716;0;0;0;0;1;2;182;151;181
1717;0;2;0;0;1;2;182;151;180
1718;0;0;0;1;1;2;181;151;180
1719;0;2;1;1;1;2;181;151;179
1721;0;2;0;0;1;2;181;151;178
1722;1;2;1;1;1;2;181;151;178
1723;0;2;0;1;1;2;181;151;178
1724;0;1;0;1;1;2;181;150;178
1725;1;1;0;0;1;2;181;150;178
1726;0;1;0;1;1;2;181;150;178
1728;0;1;1;0;1;2;181;150;177
1729;0;0;1;1;1;2;180;150;177
1730;0;1;0;0;1;2;180;149;177
1731;0;1;1;0;1;2;180;148;177
1732;0;2;0;0;1;2;180;148;176
1735;0;1;0;0;1;2;180;147;176
1736;0;1;1;1;1;2;180;146;176
1737;0;0;0;1;1;2;179;146;176
1738;0;0;0;1;1;2;178;146;176
1739;0;0;1;1;1;2;177;146;176
1740;0;2;1;1;1;2;177;146;175
1741;0;0;0;0;1;2;176;146;175
1742;0;2;0;0;1;2;176;146;174
1743;0;0;1;1;1;2;175;146;174
1744;0;2;1;1;1;2;175;146;173
1746;0;0;1;0;1;2;174;146;173
1747;1;1;1;0;1;2;174;146;173
1748;0;1;1;0;1;2;174;146;173
1750;0;0;1;1;1;2;173;146;173
1751;1;0;0;1;1;2;173;146;173
1752;0;2;0;0;1;2;173;146;173
1753;0;1;0;1;1;2;173;146;172
1755;0;0;0;1;1;2;172;146;172
1756;0;1;0;0;1;2;172;145;172
1757;0;2;1;0;1;2;172;145;171
1758;1;1;0;0;1;2;172;145;171
1760;0;2;1;0;1;2;172;146;170
1762;0;1;0;1;1;2;172;145;170
1763;1;0;0;0;1;2;172;145;170
1764;0;1;1;1;1;3;173;144;170
1765;0;2;1;1;1;3;173;144;169
1766;1;2;0;0;1;3;173;144;169
1767;0;2;1;0;1;3;173;144;169
1768;0;2;1;0;1;3;173;144;168
1769;1;2;1;1;1;3;173;144;168
1770;0;0;1;1;1;3;172;144;169
1771;0;2;1;0;1;3;172;144;168
1772;0;1;1;1;1;3;172;143;168
1773;0;2;0;1;1;3;172;143;167
1774;0;2;1;0;1;3;172;143;166
1775;0;0;1;1;1;3;171;143;166
1776;0;2;1;0;1;3;171;143;165
1777;0;0;1;0;1;3;170;143;165
1778;0;1;0;1;1;3;170;142;165
1779;0;0;0;0;1;3;169;142;165
1780;0;2;0;0;1;3;169;142;164
1781;0;1;0;0;1;3;169;141;164
1782;0;2;1;0;1;3;169;141;163
1783;0;1;0;1;1;3;169;140;163
1784;0;1;0;1;1;3;169;139;163
1785;1;1;1;0;1;3;169;139;163
1786;0;2;0;1;1;3;169;140;162
1787;0;0;1;1;1;3;168;140;162
1788;0;2;1;1;1;3;168;140;161
1789;0;0;1;1;1;3;167;140;161
1790;0;1;1;0;1;3;167;139;161
1791;0;0;0;1;1;3;166;139;161
1792;0;0;1;0;1;3;165;139;161
1793;0;0;1;1;1;3;164;139;161
1794;0;2;0;0;1;3;164;139;160
1795;0;1;0;0;1;3;164;138;160
1796;0;2;0;0;1;3;164;138;159
1797;0;2;1;1;1;3;164;138;158
1798;0;2;1;1;1;3;164;138;157
1799;0;1;0;1;1;3;164;137;157
1800;0;2;1;0;1;3;164;137;156
1801;0;1;0;1;1;3;164;136;156
1802;0;0;1;1;1;3;163;136;156
1803;0;0;0;0;1;3;162;136;156
1804;1;1;1;1;1;3;162;136;156
1805;1;0;1;1;1;3;162;137;156
1806;0;1;1;1;1;3;163;136;156
1807;0;0;1;1;1;3;162;136;156
1808;0;0;0;1;1;3;161;136;156
1809;0;2;0;0;1;3;161;136;155
1810;0;1;1;0;1;3;161;135;155
1811;0;0;1;0;1;3;160;135;155
1812;0;2;1;1;1;3;160;135;154
1813;0;0;0;1;1;3;159;135;154
1814;0;1;1;0;1;3;159;134;154
1815;0;0;0;0;1;3;158;134;154
1816;0;2;1;1;1;3;158;134;153
1817;0;1;0;0;1;3;158;133;153
1818;0;0;0;1;1;3;157;133;153
1819;0;2;1;0;1;3;157;133;152
1820;0;2;1;1;1;3;157;133;151
1821;0;2;1;1;1;3;157;133;150
1822;0;0;0;1;1;3;156;133;150
1823;0;1;1;0;1;3;156;132;150
1824;0;2;1;0;1;3;156;132;149
1825;0;0;0;0;1;3;155;132;149
1826;1;2;0;1;1;3;155;132;149
1827;0;0;0;0;1;3;154;132;150
1828;0;2;0;1;1;3;154;132;149
1829;0;2;1;0;1;3;154;132;148
1830;1;1;0;1;1;3;154;132;148
1831;0;2;0;1;1;3;154;133;147
1832;0;2;0;1;1;3;154;133;146
1833;0;1;0;0;1;3;154;132;146
1834;0;1;0;0;1;3;154;131;146
1835;0;1;1;0;1;3;154;130;146
1836;0;0;1;1;1;3;153;130;146
1837;0;0;0;0;1;3;152;130;146
1838;0;0;1;0;1;3;151;130;146
1839;0;2;0;0;1;3;151;130;145
1840;0;0;0;1;1;3;150;130;145
1841;0;1;1;0;1;3;150;129;145
1842;0;1;0;0;1;3;150;128;145
1843;0;1;0;1;1;3;150;127;145
1844;0;0;0;1;1;3;149;127;145
1845;0;1;0;0;1;3;149;126;145
1846;0;2;1;1;1;3;149;126;144
1847;1;1;1;0;1;3;149;126;144
1848;1;1;0;1;1;3;149;127;144
1849;0;0;0;0;1;3;148;128;144
1850;0;1;1;0;1;3;148;127;144
1851;0;0;0;1;1;3;147;127;144
1852;0;0;1;0;1;3;146;127;144
1853;0;1;1;0;1;3;146;126;144
1854;0;1;1;1;1;3;146;125;144
1855;1;2;0;1;1;3;146;125;144
1856;0;0;1;0;1;3;145;125;145
1857;0;2;0;1;1;3;145;125;144
1858;0;2;0;1;1;3;145;125;143
1859;0;0;1;0;1;3;144;125;143
1860;0;0;0;1;1;3;143;125;143
1861;0;0;1;0;1;3;142;125;143
1862;0;0;1;0;1;3;141;125;143
1863;1;2;1;1;1;3;141;125;143
1864;0;2;0;1;1;3;141;125;143
1865;0;2;0;1;1;3;141;125;142
1866;0;1;0;1;1;3;141;124;142
1867;1;1;1;1;1;3;141;124;142
1868;0;1;0;1;1;3;141;124;142
1869;0;0;1;0;1;3;140;124;142
1870;0;2;1;0;1;3;140;124;141
1871;0;0;1;0;1;3;139;124;141
1872;0;0;1;0;1;3;138;124;141
1873;0;1;0;1;1;3;138;123;141
1874;0;1;1;0;1;3;138;122;141
1875;0;1;0;0;1;3;138;121;141
1876;0;0;0;0;1;3;137;121;141
1877;1;1;1;0;1;3;137;121;141
1878;0;0;0;0;1;3;136;121;142
1879;0;1;0;0;1;3;136;120;142
1880;0;0;1;1;1;3;136;120;141
1881;1;0;0;0;1;3;136;120;141
1882;0;1;0;0;1;3;137;119;141
1883;1;1;1;1;1;3;137;119;141
1884;1;2;1;0;1;3;137;120;141
1885;0;2;0;0;1;3;137;120;141
1886;0;0;1;1;1;3;136;120;141
1887;1;2;0;1;1;3;136;120;141
1888;0;1;1;1;1;3;136;119;142
1889;0;2;1;1;1;3;136;119;141
1890;0;0;0;1;1;3;135;119;141
1891;0;1;1;0;1;3;135;118;141
1892;0;2;1;1;1;3;135;118;140
1893;0;2;1;0;1;3;135;118;139
1894;0;0;0;0;1;3;134;118;139
1895;0;1;0;0;1;3;134;117;139
1896;0;2;0;0;1;3;134;117;138
1897;0;1;0;0;1;3;134;116;138
1898;0;1;1;1;1;3;134;115;138
1899;0;1;1;1;1;3;134;114;138
1900;0;2;1;1;1;3;134;114;137
1901;0;2;1;0;1;3;134;114;136
1902;0;2;1;1;1;3;134;114;135
1903;0;1;1;1;1;3;134;113;135
1904;0;1;0;0;1;3;134;112;135
1905;0;1;1;1;1;3;134;111;135
1906;0;0;1;1;1;3;133;111;135
1907;0;1;0;1;1;3;133;110;135
1908;0;2;1;1;1;3;133;110;134
1909;0;2;1;0;1;3;133;110;133
1910;0;1;1;1;1;3;133;109;133
1911;0;2;0;0;1;3;133;109;132
1912;0;2;1;0;1;3;133;109;131
1913;1;1;1;1;1;3;133;109;131
1914;1;0;0;0;1;3;133;110;131
1915;0;0;1;1;1;3;133;110;131
1916;0;0;1;0;1;3;132;110;131
1917;0;2;1;1;1;3;132;110;130
1918;0;0;1;0;1;3;131;110;130
1919;0;2;1;1;1;3;131;110;129
1920;0;2;0;1;1;3;131;110;128
1921;0;1;0;1;1;3;131;109;128
1922;0;1;1;1;1;3;131;108;128
1923;0;2;1;0;1;3;131;108;127
1924;0;1;1;1;1;3;131;107;127
1925;0;1;0;1;1;3;131;106;127
1926;1;1;1;0;1;3;131;106;127
1927;0;0;0;1;1;3;130;107;127
1928;0;2;0;0;1;3;130;107;126
1929;0;2;0;0;1;3;130;107;125
1930;0;2;1;0;1;3;130;107;124
1931;0;0;0;1;1;3;129;107;124
1932;0;0;1;0;1;3;128;107;124
1933;0;0;1;0;1;3;127;107;124
1934;0;2;1;1;1;3;127;107;123
1935;0;1;1;1;1;3;127;106;123
1936;0;0;0;1;1;3;126;106;123
1937;1;0;1;0;1;3;126;106;123
1938;0;1;0;1;1;3;127;105;123
1939;0;0;0;1;1;3;126;105;123
1940;0;1;1;0;1;3;126;104;123
1941;0;0;1;0;1;3;125;104;123
1942;0;0;1;1;1;3;124;104;123
1943;0;0;1;1;1;3;123;104;123
1944;0;2;1;1;1;3;123;104;122
1945;0;1;0;1;1;3;123;103;122
1946;0;1;1;0;1;3;123;102;122
1947;0;2;1;0;1;3;123;102;121
1948;0;0;1;1;1;3;122;102;121
1949;0;2;1;1;1;3;122;102;120
1950;1;2;0;1;1;3;122;102;120
1951;0;2;0;0;1;3;122;102;120
1952;0;1;0;0;1;3;122;101;120
1953;1;0;0;0;1;3;122;101;120
1954;0;1;0;1;1;3;123;101;119
1955;0;2;1;1;1;3;123;101;118
1956;0;0;1;1;1;3;122;101;118
1957;0;2;1;1;1;3;122;101;117
1958;0;0;0;1;1;3;121;101;117
1959;0;0;0;0;1;3;120;101;117
1960;0;2;0;0;1;3;120;101;116
1961;0;1;0;0;1;3;120;100;116
1962;0;2;0;0;1;3;120;100;115
1963;0;1;1;1;1;3;120;99;115
1964;0;0;1;0;1;3;119;99;115
1965;1;1;0;1;1;3;119;99;115
1966;0;2;1;1;1;3;119;100;114
1967;0;0;0;0;1;3;118;100;114
1968;1;1;0;1;1;3;118;100;114
1969;0;2;0;0;1;3;118;101;113
1970;0;2;0;0;1;3;118;101;112
1971;0;2;1;0;1;3;118;101;111
1972;0;2;0;0;1;3;118;101;110
1973;0;2;0;0;1;3;118;101;109
1974;0;1;1;0;1;3;118;100;109
1975;0;0;0;0;1;3;117;100;109
1976;0;1;1;0;1;3;117;99;109
1977;0;1;0;1;1;3;117;98;109
1978;0;2;1;1;1;3;117;98;108
1979;0;2;0;1;1;3;117;98;107
1980;0;0;1;1;1;3;116;98;107
1981;0;1;1;1;1;3;116;97;107
1982;0;1;1;1;1;3;116;96;107
1983;0;0;0;1;1;3;115;96;107
1984;0;0;1;0;1;3;114;96;107
1985;0;0;0;0;1;3;113;96;107
1986;0;2;0;1;1;3;113;96;106
1987;0;0;0;1;1;3;112;96;106
1988;0;2;1;1;1;3;112;96;105
1989;0;0;0;0;1;3;111;96;105
1990;0;0;0;0;1;3;110;96;105
1991;0;1;1;1;1;3;110;95;105
1992;1;2;0;0;1;3;110;95;105
1993;0;2;0;0;1;3;110;95;105
1994;0;1;0;0;1;3;110;94;105
1995;0;2;0;0;1;3;110;94;104
1996;1;2;0;1;1;3;110;94;104
1997;0;1;0;1;1;3;110;93;105
1998;0;0;1;0;1;3;109;93;105
1999;0;2;1;1;1;3;109;93;104
2000;0;0;1;1;1;3;108;93;104
2001;0;0;1;0;1;3;107;93;104
2002;0;2;0;1;1;3;107;93;103
2003;1;1;0;1;1;3;107;93;103
2004;0;2;1;1;1;3;107;94;102
2005;0;1;1;1;1;3;107;93;102
2006;0;2;1;1;1;3;107;93;101
2007;0;2;1;1;1;3;107;93;100
2008;0;1;0;1;1;3;107;92;100
2009;0;1;1;1;1;3;107;91;100
2010;0;2;1;0;1;3;107;91;99
2011;0;2;0;0;1;3;107;91;98
2012;0;1;1;1;1;3;107;90;98
2013;1;2;0;0;1;3;107;90;98
2014;0;2;1;1;1;3;107;90;98
2015;0;1;0;0;1;3;107;89;98
2016;0;2;0;1;1;3;107;89;97
2017;0;0;1;0;1;3;106;89;97
2018;0;0;0;1;1;3;105;89;97
2019;1;0;1;0;1;3;105;89;97
2020;0;1;1;1;1;3;106;88;97
2021;0;1;0;1;1;3;106;87;97
2022;0;0;0;0;1;3;105;87;97
2023;0;0;1;1;1;3;104;87;97
2024;0;0;1;0;1;3;103;87;97
2025;0;1;0;0;1;3;103;86;97
2026;0;2;1;1;1;3;103;86;96
2027;0;1;0;1;1;3;103;85;96
2028;0;0;1;1;1;3;102;85;96
2029;0;1;0;1;1;3;102;84;96
2030;0;2;0;1;1;3;102;84;95
2031;0;0;1;1;1;3;101;84;95
2032;0;0;0;1;1;3;100;84;95
2033;0;1;0;1;1;3;100;83;95
2034;0;0;0;0;1;3;99;83;95
2035;0;1;1;1;1;3;99;82;95
2036;0;1;1;1;1;3;99;81;95
2037;0;2;1;1;1;3;99;81;94
2038;0;2;1;0;1;3;99;81;93
2039;0;0;1;1;1;3;98;81;93
2040;0;2;0;1;1;3;98;81;92
2041;0;0;1;0;1;3;97;81;92
2042;0;2;1;1;1;3;97;81;91
2043;0;2;1;1;1;3;97;81;90
2044;0;2;0;0;1;3;97;81;89
2045;0;1;0;0;1;3;97;80;89
2046;0;1;0;1;1;3;97;79;89
2047;0;0;0;0;1;3;96;79;89
2048;0;2;0;0;1;3;96;79;88
2049;0;2;1;1;1;3;96;79;87
2050;0;1;1;0;1;3;96;78;87
2051;0;1;0;0;1;3;96;77;87
2052;0;1;0;0;1;3;96;76;87
2053;0;0;0;0;1;3;95;76;87
2054;1;1;0;1;1;3;95;76;87
2055;0;0;1;0;1;3;94;77;87
2056;0;1;1;1;1;3;94;76;87
2057;1;2;0;1;1;3;94;76;87
2058;0;1;1;1;1;3;94;75;88
2059;0;2;1;1;1;3;94;75;87
2060;0;1;0;0;1;3;94;74;87
2061;0;2;1;0;1;3;94;74;86
2062;0;0;1;1;1;3;93;74;86
2063;0;2;0;0;1;3;93;74;85
2064;0;2;0;0;1;3;93;74;84
2065;0;0;1;1;1;3;92;74;84
2066;0;0;1;1;1;3;91;74;84
2067;0;0;0;0;1;3;90;74;84
2068;0;0;1;1;1;3;89;74;84
2069;0;0;1;1;1;3;88;74;84
2070;0;2;1;1;1;3;88;74;83
2071;0;0;1;0;1;3;87;74;83
2072;1;0;1;0;1;3;87;74;83
2073;0;0;1;0;1;3;87;74;83
2074;0;0;0;0;1;3;86;74;83
2075;0;2;1;0;1;3;86;74;82
2076;0;1;1;0;1;3;86;73;82
2077;1;0;1;1;1;3;86;73;82
2078;0;0;1;0;1;3;86;73;82
2079;0;0;0;0;1;3;85;73;82
2080;0;2;0;0;1;3;85;73;81
2081;0;2;1;0;1;3;85;73;80
2082;0;1;0;1;1;3;85;72;80
2083;0;2;1;0;1;3;85;72;79
2084;0;2;1;1;1;3;85;72;78
2085;0;2;1;0;1;3;85;72;77
2086;0;2;1;1;1;3;85;72;76
2087;1;0;0;1;1;3;85;72;76
2088;0;0;1;0;1;3;85;72;76
2089;0;1;1;1;1;3;85;71;76
2090;0;0;1;1;1;3;84;71;76
2091;0;0;1;1;1;3;83;71;76
2092;1;1;0;0;1;3;83;71;76
2093;0;1;0;1;1;3;83;71;76
2094;0;0;1;0;1;3;82;71;76
2095;0;2;0;1;1;3;82;71;75
2096;0;0;0;1;1;3;81;71;75
2097;0;1;1;0;1;3;81;70;75
2098;0;0;1;0;1;3;80;70;75
2099;0;1;1;0;1;3;80;69;75
2100;0;0;0;0;1;3;79;69;75
2101;0;1;1;0;1;3;79;68;75
2102;0;1;1;1;1;3;79;67;75
2103;0;1;1;1;1;3;79;66;75
2104;1;2;0;0;1;3;79;66;75
2105;0;1;1;0;1;3;79;65;76
2106;0;0;0;0;1;3;78;65;76
2107;0;1;0;1;1;3;78;64;76
2108;1;0;1;0;1;3;78;64;76
2109;0;1;0;0;1;3;79;63;76
2110;0;2;0;1;1;3;79;63;75
2111;0;2;1;1;1;3;79;63;74
2112;0;0;1;0;1;3;78;63;74
2113;0;1;1;1;1;3;78;62;74
2114;0;0;0;1;1;3;77;62;74
2115;0;2;0;1;1;3;77;62;73
2116;0;1;0;1;1;3;77;61;73
2117;0;0;0;1;1;3;76;61;73
2118;0;0;0;1;1;3;75;61;73
2119;0;0;0;0;1;3;74;61;73
2120;0;2;0;0;1;3;74;61;72
2121;0;2;0;1;1;3;74;61;71
2122;0;0;0;1;1;3;73;61;71
2123;0;0;0;1;1;3;72;61;71
2124;0;2;1;1;1;3;72;61;70
2125;0;0;1;0;1;3;71;61;70
2126;0;2;1;1;1;3;71;61;69
2127;0;1;0;1;1;3;71;60;69
2128;0;2;0;0;1;3;71;60;68
2129;0;2;0;0;1;3;71;60;67
2130;0;0;1;0;1;3;70;60;67
2131;0;0;0;0;1;3;69;60;67
2132;0;1;1;1;1;3;69;59;67
2133;0;2;1;1;1;3;69;59;66
2134;0;1;0;0;1;3;69;58;66
2135;0;0;0;0;1;3;68;58;66
2136;1;1;0;1;1;3;68;58;66
2137;0;0;0;1;1;3;67;59;66
2138;0;1;0;0;1;3;67;58;66
2139;1;2;1;0;1;3;67;58;66
2140;0;0;1;1;1;3;67;58;66
2141;0;0;0;1;1;3;66;58;66
2142;0;2;1;0;1;3;66;58;65
2143;0;1;1;0;1;3;66;57;65
2144;0;0;0;0;1;3;65;57;65
2145;0;0;1;1;1;3;64;57;65
2146;0;0;1;0;1;3;63;57;65
2147;0;1;0;1;1;3;63;56;65
2148;0;1;0;1;1;3;63;55;65
2149;0;0;1;0;1;3;62;55;65
2150;0;1;1;1;1;3;62;54;65
2151;0;2;1;1;1;3;62;54;64
2152;0;1;0;1;1;3;62;53;64
2153;0;1;1;0;1;3;62;52;64
2154;0;1;1;1;1;3;62;51;64
2155;1;0;1;0;1;3;62;51;64
2156;0;1;0;1;1;3;63;50;64
2157;0;0;0;1;1;3;62;50;64
2158;0;1;1;1;1;3;62;49;64
2159;0;1;1;1;1;3;62;48;64
2160;0;2;0;1;1;3;62;48;63
2161;0;0;1;1;1;3;61;48;63
2162;0;1;0;1;1;3;61;47;63
2163;0;2;1;0;1;3;61;47;62
2164;0;1;0;0;1;3;61;46;62
2165;0;0;0;1;1;3;60;46;62
2166;0;0;1;0;1;3;59;46;62
2167;0;0;0;0;1;3;58;46;62
2168;0;2;0;0;1;3;58;46;61
2169;0;1;1;1;1;3;58;45;61
2170;0;1;0;1;1;3;58;44;61
2171;1;0;0;0;1;3;58;44;61
2172;0;1;0;0;1;3;59;43;61
2173;0;2;0;0;1;3;59;43;60
2174;0;1;0;1;1;3;59;42;60
2175;1;2;0;1;1;3;59;42;60
2176;0;2;1;1;1;3;59;42;60
2177;0;0;1;1;1;3;58;42;60
2178;0;2;1;1;1;3;58;42;59
2179;0;2;1;0;1;3;58;42;58
2180;0;2;0;0;1;3;58;42;57
2181;0;1;0;0;1;3;58;41;57
2182;0;1;0;1;1;3;58;40;57
2183;0;0;0;0;1;3;57;40;57
2184;0;2;0;0;1;3;57;40;56
2185;0;1;0;0;1;3;57;39;56
2186;0;0;0;0;1;3;56;39;56
2187;0;2;1;0;1;3;56;39;55
2188;0;0;1;0;1;3;55;39;55
2189;0;1;1;0;1;3;55;38;55
2190;1;0;1;1;1;3;55;38;55
2191;0;2;0;0;1;3;56;38;54
2192;0;2;1;0;1;3;56;38;53
2193;0;1;1;0;1;3;56;37;53
2194;0;0;1;0;1;3;55;37;53
2195;0;0;1;1;1;3;54;37;53
2196;0;2;1;0;1;3;54;37;52
2197;0;1;1;0;1;3;54;36;52
2198;0;0;0;1;1;3;53;36;52
2199;0;2;1;0;1;3;53;36;51
2200;0;0;0;1;1;3;52;36;51
2201;0;0;1;0;1;3;51;36;51
2202;0;2;0;1;1;3;51;36;50
2203;0;2;0;0;1;3;51;36;49
2204;0;2;1;1;1;3;51;36;48
2205;0;0;1;1;1;3;50;36;48
2206;0;1;1;0;1;3;50;35;48
2207;0;1;0;1;1;3;50;34;48
2208;0;2;1;1;1;3;50;34;47
2209;0;0;0;0;1;3;49;34;47
2210;0;0;0;1;1;3;48;34;47
2211;0;1;1;1;1;3;48;33;47
2212;0;2;0;0;1;3;48;33;46
2213;0;1;1;0;1;3;48;32;46
2214;0;1;0;0;1;3;48;31;46
2215;0;0;1;0;1;3;47;31;46
2216;0;2;0;1;1;3;47;31;45
2217;0;1;1;1;1;3;47;30;45
2218;0;2;1;0;1;3;47;30;44
2219;0;0;0;1;1;3;46;30;44
2220;0;0;1;1;1;3;45;30;44
2221;0;1;0;1;1;3;45;29;44
2222;1;1;0;1;1;3;45;29;44
2223;1;0;0;0;1;3;45;30;44
2224;0;0;1;1;1;3;45;30;44
2225;0;1;1;1;1;3;45;29;44
2226;0;0;0;0;1;3;44;29;44
2227;1;2;1;1;1;3;44;29;44
2228;1;2;1;1;1;3;44;29;45
2229;0;1;1;0;1;3;44;28;46
2230;0;2;0;0;1;3;44;28;45
2231;0;2;1;0;1;3;44;28;44
2232;0;1;0;0;1;3;44;27;44
2233;0;1;1;1;1;3;44;26;44
2234;0;1;0;1;1;3;44;25;44
2235;0;1;0;0;1;3;44;24;44
2236;0;2;0;1;1;3;44;24;43
2237;0;1;1;1;1;3;44;23;43
2238;0;2;1;1;1;3;44;23;42
2239;0;2;1;0;1;3;44;23;41
2240;1;2;1;0;1;3;44;23;41
2241;0;1;1;0;1;3;44;22;42
2242;0;0;0;1;1;3;43;22;42
2243;0;2;1;0;1;3;43;22;41
2244;0;2;1;0;1;3;43;22;40
2245;0;2;1;1;1;3;43;22;39
2246;0;2;1;1;1;3;43;22;38
2247;0;1;0;0;1;3;43;21;38
2248;0;1;1;0;1;3;43;20;38
2249;0;0;1;1;1;3;42;20;38
2250;0;2;1;1;1;3;42;20;37
2251;0;1;0;1;1;3;42;19;37
2252;0;2;1;1;1;3;42;19;36
2253;0;1;0;1;1;3;42;18;36
2254;0;0;0;1;1;3;41;18;36
2255;0;0;1;1;1;3;40;18;36
2256;0;2;0;1;1;3;40;18;35
2257;0;0;1;1;1;3;39;18;35
2258;0;2;1;0;1;3;39;18;34
2259;0;1;0;0;1;3;39;17;34
2260;0;0;1;0;1;3;38;17;34
2261;0;0;1;1;1;3;37;17;34
2262;1;0;1;0;1;3;37;17;34
2263;0;0;1;1;1;3;37;17;34
2264;0;0;1;0;1;3;36;17;34
2265;0;2;1;1;1;3;36;17;33
2266;0;0;1;0;1;3;35;17;33
2267;0;1;0;0;1;3;35;16;33
2268;0;2;0;0;1;3;35;16;32
2269;0;2;1;0;1;3;35;16;31
2270;0;2;1;0;1;3;35;16;30
2271;0;0;0;1;1;3;34;16;30
2272;0;2;1;0;1;3;34;16;29
2273;1;2;0;0;1;3;34;16;29
2274;1;1;1;1;1;3;34;16;30
2275;0;1;0;1;1;3;34;16;30
2276;0;2;0;1;1;3;34;16;29
2277;0;2;1;1;1;3;34;16;28
2278;1;2;1;0;1;3;34;16;28
2279;0;0;1;0;1;3;34;16;28
2280;0;2;1;0;1;3;34;16;27
2281;0;1;0;0;1;3;34;15;27
2282;0;0;0;1;1;3;33;15;27
2283;0;2;1;1;1;3;33;15;26
2284;1;2;1;0;1;3;33;15;26
2285;0;1;0;1;1;3;33;14;27
2286;0;1;0;1;1;3;33;13;27
2287;0;2;1;1;1;3;33;13;26
2288;0;0;1;1;1;3;32;13;26
2289;0;0;1;0;1;3;31;13;26
2290;0;1;0;1;1;3;31;12;26
2291;0;2;1;1;1;3;31;12;25
2292;0;1;1;0;1;3;31;11;25
2293;0;2;1;1;1;3;31;11;24
2294;0;0;0;1;1;3;30;11;24
2295;0;2;0;0;1;3;30;11;23
2296;0;2;1;1;1;3;30;11;22
2297;0;1;0;1;1;3;30;10;22
2298;0;2;1;0;1;3;30;10;21
2299;0;2;0;1;1;3;30;10;20
2300;1;1;0;0;1;3;30;10;20
2301;0;0;0;1;1;3;29;11;20
2302;0;1;1;0;1;3;29;10;20
2303;0;0;0;1;1;3;28;10;20
2304;0;2;1;1;1;3;28;10;19
2305;0;2;1;0;1;3;28;10;18
2306;0;1;0;1;1;3;28;9;18
2307;1;2;0;1;1;3;28;9;18
2308;0;1;1;1;1;3;28;8;19
2309;0;2;0;0;1;3;28;8;18
2310;0;1;0;0;1;3;28;7;18
2311;1;2;1;0;1;3;28;7;18
2312;0;1;1;1;1;3;28;6;19
2313;1;1;1;1;1;3;28;6;19
2314;0;2;1;0;1;3;28;7;18
2315;0;1;0;1;1;3;28;6;18
2316;0;1;0;1;1;3;28;5;18
2317;0;2;0;0;1;3;28;5;17
2318;0;0;0;1;1;3;27;5;17
2319;1;1;1;0;1;3;27;5;17
2320;0;0;1;1;1;3;26;6;17
2321;0;0;0;0;1;3;25;6;17
2322;1;2;1;1;1;3;25;6;17
2323;0;2;1;1;1;3;25;6;17
2324;0;0;0;0;1;3;24;6;17
2325;0;1;1;1;1;3;24;5;17
2326;0;1;1;1;1;3;24;4;17
2327;0;2;0;0;1;3;24;4;16
2328;0;1;0;0;1;3;24;3;16
2329;1;1;0;0;1;3;24;3;16
2330;0;1;1;1;1;3;24;3;16
2331;0;2;0;0;1;3;24;3;15
2332;0;1;1;1;1;3;24;2;15
2333;0;0;0;1;1;3;23;2;15
2334;1;0;1;1;1;3;23;2;15
2335;0;0;1;0;1;3;23;2;15
2336;1;0;1;0;1;3;23;2;15
2337;0;1;1;1;1;3;24;1;15
2338;0;2;0;1;1;3;24;1;14
2339;1;0;0;0;1;3;24;1;14
2340;0;1;0;1;1;3;25;0;14
2341;0;2;0;1;1;3;25;0;13
2342;0;0;0;0;1;3;24;0;13
2343;0;1;0;0;1;3;24;0;12
2344;0;1;0;0;1;3;24;0;11
2345;0;0;1;1;1;3;23;0;11
2346;0;1;1;1;1;3;23;0;10
2347;1;1;0;0;1;3;23;0;10
2348;0;0;1;0;1;3;22;1;10
2349;0;1;0;0;1;3;22;0;10
2350;0;1;0;0;1;3;22;0;9
2351;0;0;0;0;1;3;21;0;9
2352;0;1;1;0;1;4;21;0;8
2353;0;1;0;1;1;4;21;0;7
2354;1;2;0;0;1;4;21;0;7
2355;0;1;1;1;1;4;21;0;7
2356;0;2;1;1;1;4;21;0;6
2357;0;2;1;1;1;4;21;0;5
2358;0;0;1;1;1;4;20;0;5
2359;1;0;0;1;1;4;20;0;5
2360;0;1;1;0;1;4;21;0;4
2361;0;0;1;1;1;4;20;0;4
2362;0;1;1;1;1;4;20;0;3
2363;1;2;0;0;1;4;20;0;3
2364;1;0;1;1;1;4;20;0;4
2365;0;0;1;0;1;4;20;0;4
2366;0;2;0;0;1;4;20;0;3
2367;1;2;1;1;1;4;20;0;3
2368;0;2;0;0;1;4;20;0;3
2369;0;0;1;0;1;4;19;0;3
2370;1;0;0;1;1;4;19;0;3
2371;0;2;0;0;1;4;20;0;2
2372;0;2;1;0;1;4;20;0;1
2373;0;0;1;0;1;4;19;0;1
2374;0;2;0;0;1;4;19;0;0
2375;1;2;1;0;1;4;19;0;0
2376;1;1;0;1;1;4;19;0;1
2377;1;0;0;0;1;4;19;1;1
2378;0;1;0;1;1;4;20;0;1
2379;0;0;1;1;1;4;19;0;1
2380;0;0;0;0;1;4;18;0;1
2381;0;0;1;1;1;4;17;0;1
2382;1;2;0;0;1;4;17;0;1
2383;0;0;0;0;1;4;16;0;2
2384;0;1;1;0;1;4;16;0;1
2385;1;1;0;0;1;4;16;0;1
2386;0;1;1;1;1;4;16;0;1
2387;0;1;0;0;1;4;16;0;0
2388;0;2;1;1;0;4;16;0;0
2389;1;1;0;1;1;4;16;0;0
2390;1;0;0;0;1;4;16;1;0
2391;0;2;0;1;0;4;17;1;0
2392;1;1;1;0;1;4;17;1;0
2393;0;2;1;1;0;4;17;2;0
2394;0;2;1;0;0;4;17;2;0
2395;1;1;1;0;1;4;17;2;0
2396;0;2;1;0;0;4;17;3;0
2397;1;1;0;1;1;4;17;3;0
2398;0;0;1;1;1;4;16;4;0
2399;0;0;1;1;1;4;15;4;0
2400;1;2;0;0;1;4;15;4;0
2401;0;1;1;1;1;4;15;3;1
2402;1;1;0;0;1;4;15;3;1
2403;1;2;1;1;1;4;15;4;1
2404;0;0;1;0;1;4;14;4;2
2405;0;1;0;0;1;4;14;3;2
2406;0;2;1;0;1;4;14;3;1
2407;0;2;1;0;1;4;14;3;0
2408;1;1;1;1;1;4;14;3;0
2409;1;2;0;0;1;4;14;4;0
2410;0;1;0;1;1;4;14;3;1
2411;0;0;1;1;1;4;13;3;1
2412;0;0;0;0;1;4;12;3;1
2413;0;1;0;0;1;4;12;2;1
2414;0;2;0;1;1;4;12;2;0
2415;0;1;1;0;1;4;12;1;0
2416;0;1;1;0;1;4;12;0;0
2417;0;0;1;0;1;4;11;0;0
2418;0;1;0;0;0;4;11;0;0
2419;0;2;1;0;0;4;11;0;0
2420;0;2;0;1;0;4;11;0;0
2421;0;0;1;0;1;4;10;0;0
2422;0;0;1;0;1;4;9;0;0
2423;1;1;0;1;1;4;9;0;0
2424;0;2;1;1;0;4;9;1;0
2425;0;1;1;1;1;4;9;0;0
2426;0;2;0;1;0;4;9;0;0
2427;0;2;0;0;0;4;9;0;0
2428;0;2;1;0;0;4;9;0;0
2429;0;0;1;1;1;4;8;0;0
2430;0;2;1;1;0;4;8;0;0
2431;1;2;0;1;1;4;8;0;0
2432;0;2;0;0;1;4;8;0;0
2433;0;1;0;0;0;4;8;0;0
2434;0;1;0;1;0;4;8;0;0
2435;1;0;1;0;1;4;8;0;0
2436;0;0;1;1;1;4;8;0;0
2437;0;1;0;0;0;4;8;0;0
2438;0;0;0;1;1;4;7;0;0
2439;0;1;1;0;0;4;7;0;0
2440;0;2;1;0;0;4;7;0;0
2441;0;1;1;0;0;4;7;0;0
2442;0;2;0;1;0;4;7;0;0
2443;1;2;1;1;1;4;7;0;0
2444;1;1;0;1;1;4;7;0;1
2445;0;0;0;1;1;4;6;1;1
2446;0;2;1;0;1;4;6;1;0
2447;0;2;0;1;0;4;6;1;0
2448;0;2;0;1;0;4;6;1;0
2449;0;0;1;1;1;4;5;1;0
2450;0;2;0;1;0;4;5;1;0
2451;0;1;0;0;1;4;5;0;0
2452;1;2;1;1;1;4;5;0;0
2453;0;1;1;1;1;4;5;0;0
2454;0;1;1;1;0;4;5;0;0
2455;1;0;1;1;1;4;5;0;0
2456;1;0;0;0;1;4;6;0;0
2457;0;0;1;0;1;4;6;0;0
2458;0;0;0;0;1;4;5;0;0
2459;0;1;1;0;0;4;5;0;0
2460;0;1;1;0;0;4;5;0;0
2461;0;0;1;0;1;4;4;0;0
2462;0;1;0;0;0;4;4;0;0
2463;0;2;1;0;0;4;4;0;0
2464;0;0;1;0;1;4;3;0;0
2465;1;0;1;1;1;4;3;0;0
2466;0;0;0;1;1;4;2;0;1
2467;0;1;1;1;1;4;2;0;0
2468;0;0;1;1;1;4;1;0;0
2469;0;2;1;0;0;4;1;0;0
2470;0;1;1;1;0;4;1;0;0
2471;1;0;1;0;1;4;1;0;0
2472;0;1;0;1;0;4;2;0;0
2473;0;1;0;1;0;4;2;0;0
2474;0;1;0;1;0;4;2;0;0
2475;0;1;1;0;0;4;2;0;0
2476;0;2;1;1;0;4;2;0;0
2477;0;1;1;0;0;4;2;0;0
2478;0;1;0;1;0;4;2;0;0
2479;0;1;0;1;0;4;2;0;0
2480;1;0;1;1;1;4;2;0;0
2481;1;2;1;0;1;4;3;0;0
2482;0;2;1;0;1;4;3;0;0
2483;0;1;0;1;0;4;3;0;0
2484;0;1;1;0;0;4;3;0;0
2485;0;0;0;0;1;4;2;0;0
2486;1;1;0;0;1;4;2;0;0
2487;1;1;1;1;1;4;2;1;0
2488;1;1;1;0;1;4;2;2;0
2489;1;2;0;0;1;4;2;3;0
2490;0;0;0;0;1;4;1;3;1
2491;0;2;1;0;1;4;1;3;0
2492;0;2;0;0;0;4;1;3;0
2493;0;2;0;1;0;4;1;3;0
2494;0;0;0;1;1;4;1;2;0
2495;0;0;1;1;1;4;1;1;0
2496;0;1;0;0;1;4;1;0;0
2497;0;0;0;0;0;4;1;0;0
2498;1;2;1;1;1;4;1;0;0
2499;0;1;0;1;1;4;1;0;0
2500;0;2;0;1;0;4;1;0;0
2501;0;2;0;1;0;4;1;0;0
2502;1;2;1;0;1;4;1;0;0
2503;0;0;1;0;1;4;1;0;0
2504;1;0;1;0;1;4;1;0;0
2505;0;1;1;0;0;4;2;0;0
2506;0;2;1;1;0;4;2;0;0
2507;1;2;1;0;1;4;2;0;0
2508;0;1;1;0;1;4;2;0;0
2509;1;0;1;0;1;4;2;0;0
2510;0;0;1;0;1;4;2;0;0
2511;0;1;1;1;0;4;2;0;0
2512;0;1;0;0;0;4;2;0;0
2513;1;2;0;1;1;4;2;0;0
2514;1;1;1;1;1;4;2;0;1
2515;0;1;0;1;1;4;2;0;1
2516;0;1;1;0;1;4;2;0;0
2517;1;2;0;1;1;4;2;0;0
2518;0;2;1;1;1;4;2;0;0
2519;0;2;0;0;0;4;2;0;0
2520;0;0;1;0;1;4;1;0;0
2521;1;0;0;0;1;4;1;0;0
2522;0;2;1;0;0;4;2;0;0
2523;0;2;1;0;0;4;2;0;0
2524;0;2;0;0;0;4;2;0;0
2525;1;0;1;1;1;4;2;0;0
2526;0;2;0;1;0;4;3;0;0
2527;1;2;1;0;1;4;3;0;0
2528;0;0;0;0;1;4;2;0;1
2529;0;2;0;0;1;4;2;0;0
2530;1;0;1;0;1;4;2;0;0
2531;1;0;0;1;1;4;3;0;0
2532;0;2;0;1;0;4;4;0;0
2533;0;0;1;0;1;4;3;0;0
2534;1;1;1;0;1;4;3;0;0
2535;0;2;0;0;0;4;3;1;0
2536;0;2;0;0;0;4;3;1;0
2537;0;2;1;1;0;4;3;1;0
2538;1;1;0;1;1;4;3;1;0
2539;0;1;1;1;1;4;3;1;0
2540;1;2;1;1;1;4;3;1;0
2541;0;1;0;0;1;4;3;0;1
2542;0;2;1;0;1;4;3;0;0
2543;0;0;1;1;1;4;2;0;0
2544;1;2;1;1;1;4;2;0;0
2545;1;1;1;1;1;4;2;0;1
2546;0;1;0;0;1;4;2;0;1
2547;0;0;0;1;1;4;1;0;1
2548;1;1;0;1;1;4;1;0;1
2549;0;0;1;1;1;4;1;0;1
2550;1;1;1;1;1;4;1;0;1
2551;0;0;0;0;1;4;1;0;1
2552;0;0;0;1;1;4;1;0;0
2553;0;2;1;0;0;4;1;0;0
2554;1;0;1;1;1;4;1;0;0
2555;0;2;0;1;1;4;1;0;0
2556;0;2;1;0;0;4;1;0;0
2557;0;0;1;1;0;4;1;0;0
2558;0;0;1;0;0;4;1;0;0
2559;0;1;0;1;0;4;1;0;0
2560;0;2;1;0;0;4;1;0;0
2561;1;1;0;0;1;4;1;0;0
2562;0;1;1;0;1;4;1;0;0
2563;0;2;0;1;0;4;1;0;0
2564;0;1;1;0;0;4;1;0;0
2565;0;1;0;1;0;4;1;0;0
2566;1;0;1;0;1;4;1;0;0
2567;0;2;0;0;0;4;1;0;1
2568;0;0;0;1;0;4;1;0;1
2569;0;1;1;1;1;4;1;0;0
2570;1;1;1;1;1;4;1;0;0
2571;0;0;0;1;1;4;1;0;0
2572;0;1;1;0;0;4;1;0;0
2573;0;2;1;1;0;4;1;0;0
2574;0;1;1;1;0;4;1;0;0
2575;1;1;0;0;1;4;1;0;0
2576;0;2;0;1;0;4;1;1;0
2577;0;1;0;0;1;4;1;0;0
2578;1;0;1;1;1;4;1;0;0
2579;0;1;0;1;0;4;2;0;0
2580;0;0;0;1;1;4;1;0;0
2581;0;2;1;1;0;4;1;0;0
2582;0;0;1;0;0;4;1;0;0
2583;1;2;1;1;1;4;1;0;0
2584;1;1;1;1;1;4;1;0;1
2585;0;1;0;0;1;4;1;0;1
2586;0;0;1;1;1;4;1;0;0
2587;0;1;1;1;0;4;1;0;0
2588;0;0;0;0;0;4;1;0;0
2589;0;0;1;0;0;4;1;0;0
2590;0;0;1;1;0;4;1;0;0
2591;1;2;0;1;1;4;1;0;0
2592;0;2;1;0;1;4;1;0;0
2593;1;0;1;0;1;4;1;0;0
2594;0;1;0;1;0;4;2;0;0
2595;1;2;0;0;1;4;2;0;0
2596;0;1;1;0;1;4;2;0;0
2597;0;0;1;1;1;4;1;0;0
2598;1;1;0;1;1;4;1;0;0
2599;0;2;0;1;0;4;1;1;0
2600;0;2;0;0;0;4;1;1;0
2601;0;0;1;0;1;4;1;0;0
2602;0;1;0;1;0;4;1;0;0
2603;0;1;0;0;0;4;1;0;0
2604;0;2;1;0;0;4;1;0;0
2605;0;1;1;1;0;4;1;0;0
2606;1;2;1;1;1;4;1;0;0
2607;0;0;0;1;1;4;1;0;0
2608;0;1;1;1;0;4;1;0;0
2609;0;1;1;1;0;4;1;0;0
2610;0;0;1;0;0;4;1;0;0
2611;1;2;0;0;1;4;1;0;0
2612;0;0;1;1;1;4;1;0;0
2613;0;0;1;0;0;4;1;0;0
2614;0;0;1;1;0;4;1;0;0
2615;0;1;0;0;0;4;1;0;0
2616;0;2;1;0;0;4;1;0;0
2617;0;1;1;1;0;4;1;0;0
2618;1;1;0;1;1;4;1;0;0
2619;0;2;0;1;0;4;1;1;0
2620;0;2;1;1;0;4;1;1;0
2621;0;1;1;1;1;4;1;0;0
2622;0;2;0;1;0;4;1;0;0
2623;0;2;1;0;0;4;1;0;0
2624;0;2;1;0;0;4;1;0;0
2625;0;2;0;0;0;4;1;0;0
2626;1;2;1;0;1;4;1;0;0
2627;0;0;1;0;1;4;1;0;0
2628;0;2;1;1;0;4;1;0;0
2629;0;0;1;0;0;4;1;0;0
2630;0;1;1;0;0;4;1;0;0
2631;0;0;0;1;0;4;1;0;0
2632;0;1;1;0;0;4;1;0;0
2633;0;0;0;0;0;4;1;0;0
2634;0;1;1;1;0;4;1;0;0
2635;0;2;0;0;0;4;1;0;0
2636;0;2;0;0;0;4;1;0;0
2637;1;0;0;1;1;4;1;0;0
2638;1;1;0;1;1;4;2;0;0
2639;0;1;1;1;1;4;2;0;0
2640;0;1;0;0;0;4;2;0;0
2641;1;0;1;1;1;4;2;0;0
2642;0;0;1;1;1;4;2;0;0
2643;1;2;1;0;1;4;2;0;0
2644;0;0;1;0;1;4;1;0;1
2645;0;0;0;0;1;4;1;0;0
2646;1;1;0;1;1;4;1;0;0
2647;0;2;1;0;0;4;1;1;0
2648;1;1;1;1;1;4;1;1;0
2649;0;2;1;0;0;4;1;2;0
2650;0;1;1;1;1;4;1;1;0
2651;1;0;0;1;1;4;1;1;0
2652;0;1;0;1;1;4;2;0;0
2653;1;1;0;1;1;4;2;0;0
2654;0;0;0;1;1;4;1;1;0
2655;1;2;1;0;1;4;1;1;0
2656;0;0;1;1;1;4;1;0;1
2657;1;0;1;1;1;4;1;0;1
2658;0;1;1;1;1;4;2;0;0
2659;0;1;0;0;0;4;2;0;0
2660;0;1;1;0;0;4;2;0;0
2661;1;2;0;0;1;4;2;0;0
2662;1;1;0;0;1;4;2;0;1
2663;1;0;1;0;1;4;2;1;1
2664;0;0;1;1;1;4;2;1;1
2665;1;2;0;1;1;4;2;1;1
2666;0;1;0;1;1;4;2;0;2
2667;1;2;0;0;1;4;2;0;2
2668;0;1;1;0;1;4;2;0;2
2669;1;2;0;0;1;4;2;0;2
2670;0;1;1;1;1;4;2;0;2
2671;0;0;0;1;1;4;1;0;2
2672;0;2;1;0;1;4;1;0;1
2673;0;0;1;0;1;4;1;0;0
2674;1;1;0;1;1;4;1;0;0
2675;0;2;1;1;0;4;1;1;0
2676;1;2;0;0;1;4;1;1;0
2677;1;0;1;0;1;4;1;1;1
2678;1;2;1;1;1;4;1;1;2
2679;1;2;0;0;1;4;1;1;3
2680;0;0;0;0;1;4;1;0;4
2681;1;2;1;0;1;4;1;0;4
2682;0;1;0;0;1;4;1;0;4
2683;1;0;1;0;1;4;1;0;4
2684;0;2;0;0;1;4;2;0;3
2685;0;1;1;0;1;4;2;0;2
2686;0;1;0;0;1;4;2;0;1
2687;1;0;1;1;1;4;2;0;1
2688;1;0;0;1;1;4;3;0;1
2689;1;0;0;0;1;4;4;0;1
2690;0;1;0;1;1;4;5;0;0
2691;0;2;0;0;0;4;5;0;0
2692;1;0;1;1;1;4;5;0;0
2693;0;2;0;0;0;4;6;0;0
2694;0;1;1;1;0;4;6;0;0
2695;0;1;1;1;0;4;6;0;0
2696;0;1;1;0;0;4;6;0;0
2697;1;2;0;1;1;4;6;0;0
2698;1;0;1;0;1;4;6;0;1
2699;0;1;0;1;1;4;7;0;0
2700;0;1;0;0;0;4;7;0;0
2701;1;1;0;1;1;4;7;0;0
2702;0;2;1;0;0;4;7;1;0
2703;1;1;1;1;1;4;7;1;0
2704;1;0;0;1;1;4;7;2;0
2705;1;1;0;1;1;4;8;2;0
2706;0;0;0;0;1;4;7;3;0
2707;1;0;1;1;1;4;7;3;0
2708;0;2;1;0;0;4;7;4;0
2709;0;0;0;0;1;4;6;4;0
2710;1;0;1;1;1;4;6;4;0
2711;1;1;0;0;1;4;7;4;0
2712;0;2;1;0;0;4;7;5;0
2713;0;1;0;1;1;4;7;4;0
2714;0;2;0;1;0;4;7;4;0
2715;1;2;0;1;1;4;7;4;0
2716;1;1;0;1;1;4;7;4;1
2717;0;2;1;0;1;4;7;5;0
2718;0;0;0;1;1;4;6;5;0
2719;0;0;1;0;1;4;5;5;0
2720;1;1;1;0;1;4;5;5;0
2721;0;0;1;1;1;4;4;6;0
2722;0;1;1;1;1;4;4;5;0
2723;0;2;0;1;0;4;4;5;0
2724;1;1;1;1;1;4;4;5;0
2725;1;2;1;0;1;4;4;6;0
2726;0;0;0;0;1;4;3;6;1
2727;1;2;0;0;1;4;3;6;1
2728;1;1;0;1;1;4;3;6;2
2729;0;2;0;0;1;4;3;7;1
2730;0;0;1;1;1;4;2;7;1
2731;0;0;1;1;1;4;1;7;1
2732;0;2;0;0;1;4;1;7;0
2733;0;0;0;1;1;4;1;6;0
2734;1;2;0;1;1;4;1;6;0
2735;1;1;1;0;1;4;1;6;1
2736;1;0;0;1;1;4;1;6;2
2737;0;1;1;0;1;4;2;5;2
2738;0;2;0;0;1;4;2;5;1
2739;0;0;0;0;1;4;1;5;1
2740;0;1;0;1;1;4;1;4;1
2741;0;0;1;1;1;4;1;3;1
2742;1;0;0;1;1;4;1;3;1
2743;0;0;0;1;1;4;1;3;1
2744;1;1;1;0;1;4;1;3;1
2745;0;0;0;0;1;4;1;3;1
2746;0;2;1;0;1;4;1;3;0
2747;1;1;0;0;1;4;1;3;0
2748;0;1;1;1;1;4;1;3;0
2749;1;1;0;0;1;4;1;3;0
2750;0;0;0;0;1;4;1;2;1
2751;0;2;1;0;1;4;1;2;0
2752;1;2;1;0;1;4;1;2;0
2753;0;2;1;1;1;4;1;2;0
2754;0;1;0;1;1;4;1;1;0
2755;1;2;1;1;1;4;1;1;0
2756;0;1;0;0;1;4;1;0;1
2757;0;1;1;0;1;4;1;0;0
2758;0;1;0;1;0;4;1;0;0
2759;1;1;1;0;1;4;1;0;0
2760;0;0;1;0;1;4;1;0;0
2761;0;1;1;0;0;4;1;0;0
2762;1;1;1;1;1;4;1;0;0
2763;1;0;1;0;1;4;1;0;1
2764;0;1;0;1;1;4;1;0;1
2765;0;2;0;0;0;4;1;0;1
2766;0;0;1;0;1;4;1;0;0
2767;1;1;1;1;1;4;1;0;0
2768;1;0;0;1;1;4;1;1;0
2769;0;2;1;0;0;4;2;1;0
2770;1;0;0;1;1;4;2;1;0
2771;0;2;1;1;0;4;3;1;0
2772;0;0;1;1;1;4;2;1;0
2773;0;2;0;0;0;4;2;1;0
2774;0;1;1;1;1;4;2;0;0
2775;1;0;1;0;1;4;2;0;0
2776;0;0;0;0;1;4;2;0;0
2777;0;2;1;0;0;4;2;0;0
2778;1;0;1;0;1;4;2;0;0
2779;1;1;1;1;1;4;3;0;0
2780;0;0;0;0;1;4;2;1;0
2781;0;0;1;0;1;4;1;1;0
2782;0;0;1;0;1;4;1;0;0
2783;0;0;0;1;0;4;1;0;0
2784;1;0;0;0;1;4;1;0;0
2785;1;2;1;1;1;4;2;0;0
2786;0;2;1;0;1;4;2;0;0
2787;0;1;1;0;0;4;2;0;0
2788;0;0;0;0;1;4;1;0;0
2789;0;0;0;0;0;4;1;0;0
2790;0;1;0;1;0;4;1;0;0
2791;0;1;0;0;0;4;1;0;0
2792;1;2;0;1;1;4;1;0;0
2793;1;2;1;1;1;4;1;0;1
2794;1;0;1;1;1;4;1;0;2
2795;0;2;0;0;1;4;1;0;2
2796;0;0;0;0;1;4;1;0;1
2797;0;0;0;0;0;4;1;0;1
2798;1;2;0;0;1;4;1;0;1
2799;0;0;0;0;1;4;1;0;1
2800;1;0;0;1;1;4;1;0;1
2801;0;1;1;0;1;4;2;0;0
2802;1;0;1;0;1;4;2;0;0
2803;1;0;0;1;1;4;3;0;0
2804;0;1;0;1;0;4;4;0;0
2805;0;0;1;0;1;4;3;0;0
2806;0;0;1;1;1;4;2;0;0
2807;0;1;1;0;0;4;2;0;0
2808;0;1;0;1;0;4;2;0;0
2809;0;1;1;1;0;4;2;0;0
2810;0;0;1;0;1;4;1;0;0
2811;0;0;0;0;0;4;1;0;0
2812;0;1;0;1;0;4;1;0;0
2813;0;2;1;1;0;4;1;0;0
2814;1;1;0;1;1;4;1;0;0
2815;0;1;1;1;1;4;1;0;0
2816;1;1;0;1;1;4;1;0;0
2817;0;0;0;1;1;4;1;0;0
2818;0;2;1;0;0;4;1;0;0
2819;0;2;0;1;0;4;1;0;0
2820;1;0;1;1;1;4;1;0;0
2821;1;2;1;0;1;4;2;0;0
2822;1;0;1;0;1;4;2;0;1
2823;0;1;1;1;1;4;3;0;0
2824;0;2;1;0;0;4;3;0;0
2825;0;2;0;1;0;4;3;0;0
2826;0;0;0;0;1;4;2;0;0
2827;1;2;1;1;1;4;2;0;0
2828;0;0;1;1;1;4;1;0;1
2829;1;0;0;1;1;4;1;0;1
2830;1;1;1;1;1;4;2;0;1
2831;0;1;1;0;1;4;2;0;1
2832;1;2;0;0;1;4;2;0;1
2833;0;1;0;1;1;4;2;0;1
2834;1;2;0;1;1;4;2;0;1
2835;1;2;0;1;1;4;2;0;2
2836;1;0;0;1;1;4;2;0;3
2837;0;1;0;0;1;4;3;0;2
2838;1;1;1;1;1;4;3;0;2
2839;0;0;0;1;1;4;2;1;2
2840;0;0;0;1;1;4;1;1;2
2841;0;0;1;1;1;4;1;0;2
2842;1;2;1;0;1;4;1;0;2
2843;0;0;1;1;1;4;1;0;2
2844;0;2;0;0;1;4;1;0;1
2845;1;0;1;1;1;4;1;0;1
2846;0;0;0;0;1;4;1;0;1
2847;1;2;0;1;1;4;1;0;1
2848;0;2;1;0;1;4;1;0;1
2849;0;2;1;1;1;4;1;0;0
2850;1;1;1;1;1;4;1;0;0
2851;1;2;0;1;1;4;1;1;0
2852;0;1;0;1;1;4;1;0;1
2853;0;0;0;0;1;4;1;0;0
2854;1;1;1;1;1;4;1;0;0
2855;1;0;0;1;1;4;1;1;0
2856;0;0;0;0;1;4;1;1;0
2857;1;0;0;1;1;4;1;1;0
2858;1;0;0;0;1;4;2;1;0
2859;0;0;0;0;1;4;2;1;0
2860;0;1;0;1;1;4;2;0;0
2861;0;1;0;0;0;4;2;0;0
2862;0;1;0;1;0;4;2;0;0
2863;1;2;1;0;1;4;2;0;0
2864;1;0;1;0;1;4;2;0;1
2865;0;2;1;0;1;4;3;0;0
2866;0;1;1;0;0;4;3;0;0
2867;0;1;0;0;0;4;3;0;0
2868;0;1;0;0;0;4;3;0;0
2869;0;0;1;0;1;4;2;0;0
2870;1;1;1;1;1;4;2;0;0
2871;0;2;1;1;1;4;2;0;0
2872;0;2;0;0;0;4;2;0;0
2873;0;1;0;1;0;4;2;0;0
2874;0;0;0;0;1;4;1;0;0
2875;1;0;0;0;1;4;1;0;0
2876;0;2;1;0;0;4;2;0;0
2877;1;0;0;0;1;4;2;0;0
2878;0;2;1;1;1;4;2;0;0
2879;0;1;0;1;0;4;2;0;0
2880;0;1;1;0;0;4;2;0;0
2881;1;0;0;1;1;4;2;0;0
2882;0;0;0;0;1;4;2;0;0
2883;1;1;0;0;1;4;2;0;0
2884;0;0;0;0;1;4;1;1;0
2885;0;0;1;0;1;4;1;0;0
2886;1;1;1;0;1;4;1;0;0
2887;0;2;1;1;1;4;1;0;0
2888;1;1;0;1;1;4;1;0;0
2889;1;0;0;0;1;4;1;1;0
2890;1;2;1;0;1;4;2;1;0
2891;0;0;1;0;1;4;1;1;1
2892;0;0;0;1;1;4;1;0;1
2893;0;0;1;1;1;4;1;0;0
2894;0;2;1;1;0;4;1;0;0
2895;1;0;0;1;1;4;1;0;0
2896;0;2;0;1;0;4;2;0;0
2897;1;1;0;1;1;4;2;0;0
2898;0;1;1;1;1;4;2;0;0
2899;0;2;0;0;0;4;2;0;0
2900;0;2;0;1;0;4;2;0;0
2901;0;0;0;1;1;4;1;0;0
2902;0;2;1;1;0;4;1;0;0
2903;0;1;1;0;0;4;1;0;0
2904;0;1;0;0;0;4;1;0;0
2905;0;2;0;1;0;4;1;0;0
2906;1;2;0;1;1;4;1;0;0
2907;0;1;0;0;1;4;1;0;0
2908;0;2;0;1;0;4;1;0;0
2909;0;2;1;1;0;4;1;0;0
2910;0;2;1;1;0;4;1;0;0
2911;0;2;0;0;0;4;1;0;0
2912;0;1;0;1;0;4;1;0;0
2913;0;2;0;1;0;4;1;0;0
2914;1;0;0;1;1;4;1;0;0
2915;0;1;0;1;0;4;2;0;0
2916;1;1;0;1;1;4;2;0;0
2917;1;2;0;0;1;4;2;1;0
2918;0;2;0;0;1;4;2;1;0
2919;0;1;1;0;1;4;2;0;0
2920;1;0;0;0;1;4;2;0;0
2921;0;0;1;0;1;4;1;1;0
2922;1;0;0;0;1;4;1;1;0
2923;0;0;0;0;1;4;1;1;0
2924;1;0;1;0;1;4;1;1;0
2925;1;2;1;0;1;4;2;1;0
2926;1;1;0;1;1;4;2;1;1
2927;1;2;1;1;1;4;2;2;1
2928;1;0;1;0;1;4;2;2;2
2929;1;2;0;0;1;4;3;2;2
2930;0;0;1;1;1;4;2;2;3
2931;0;0;1;0;1;4;1;2;3
2932;0;2;1;0;1;4;1;2;2
2933;0;2;0;0;1;4;1;2;1
2934;1;2;1;1;1;4;1;2;1
2935;1;1;0;1;1;4;1;2;2
2936;0;1;0;1;1;4;1;2;2
2937;0;1;1;1;1;4;1;1;2
2938;0;1;0;0;1;4;1;0;2
2939;0;1;1;0;1;4;1;0;1
2940;1;0;1;0;1;5;1;0;1
2941;1;1;0;0;1;5;2;0;1
2942;1;0;0;0;1;5;2;1;1
2943;1;2;0;0;1;5;3;1;1
2944;1;0;1;0;1;5;3;1;2
2945;1;1;1;0;1;5;4;1;2
2946;0;2;0;1;1;5;4;1;2
2947;1;0;1;0;1;5;4;1;2
2948;1;0;0;0;1;5;5;1;2
2949;0;1;1;1;1;5;6;0;2
2950;1;0;1;0;1;5;6;0;2
2951;1;0;1;0;1;5;7;0;2
2952;1;1;0;1;1;5;7;0;3
2953;1;0;0;1;1;5;7;0;4
2954;0;0;0;1;1;5;7;0;4
2955;1;0;0;1;1;5;7;0;4
2956;1;1;0;0;1;5;8;0;4
2957;1;0;1;1;1;5;8;1;4
2958;0;2;1;1;1;5;9;1;3
2959;1;1;1;1;1;5;9;1;3
2960;1;1;1;1;1;5;9;2;3
2961;0;2;0;0;1;5;9;3;2
2962;0;0;1;1;1;5;8;3;2
2963;0;2;0;0;1;5;8;3;1
2964;1;1;0;0;1;5;8;3;1
2965;0;2;1;0;1;5;8;4;0
2966;1;0;0;0;1;5;8;4;0
2967;0;0;1;1;1;5;8;4;0
2968;1;2;1;1;1;5;8;4;0
2969;0;2;1;1;1;5;8;4;0
2970;1;2;1;0;1;5;8;4;0
2971;1;2;1;0;1;5;8;4;1
2972;1;1;0;0;1;5;8;4;2
2973;1;0;1;1;1;5;8;5;2
2974;0;0;1;1;1;5;8;5;2
2975;1;0;0;0;1;5;8;5;2
2976;1;0;1;0;1;5;9;5;2
2977;1;2;1;1;1;5;10;5;2
2978;1;1;0;0;1;5;10;5;3
2979;1;0;1;0;1;5;10;6;3
2980;1;2;0;0;1;5;11;6;3
2981;0;1;0;0;1;5;11;5;4
2982;0;2;0;1;1;5;11;5;3
2983;1;1;1;0;1;5;11;5;3
2984;0;1;0;0;1;5;11;5;3
2985;0;0;0;1;1;5;10;5;3
2986;0;1;1;1;1;5;10;4;3
2987;0;0;1;0;1;5;9;4;3
2988;0;2;0;1;1;5;9;4;2
2989;0;2;1;0;1;5;9;4;1
2990;0;0;1;1;1;5;8;4;1
2991;1;0;1;1;1;5;8;4;1
2992;0;0;0;1;1;5;7;4;2
2993;0;1;1;0;1;5;7;3;2
2994;1;1;0;0;1;5;7;3;2
2995;0;0;1;0;1;5;6;3;3
2996;0;1;0;0;1;5;6;2;3
2997;1;1;0;1;1;5;6;2;3
2998;1;0;1;1;1;5;6;3;3
2999;1;1;1;0;1;5;7;3;3
3000;0;1;0;1;1;5;7;3;3
3001;1;1;1;0;1;5;7;3;3
3002;0;2;1;0;1;5;7;4;2
3003;0;0;1;0;1;5;6;4;2
3004;0;1;1;1;1;5;6;3;2
3005;1;2;0;0;1;5;6;3;2
3006;1;2;0;0;1;5;6;3;3
3007;0;2;0;1;1;5;6;3;3
3008;1;0;1;0;1;5;6;3;3
3009;1;0;0;0;1;5;7;3;3
3010;1;1;1;0;1;5;8;3;3
3011;0;0;1;1;1;5;7;4;3
3012;1;0;1;0;1;5;7;4;3
3013;1;0;0;1;1;5;7;4;4
3014;0;0;1;1;1;5;8;4;3
3015;1;1;0;0;1;5;8;4;3
3016;0;0;1;0;1;5;7;5;3
3017;1;0;0;0;1;5;7;5;3
3018;1;2;1;1;1;5;8;5;3
3019;1;0;1;1;1;5;8;5;4
3020;1;0;0;0;1;5;9;5;4
3021;0;2;1;1;1;5;10;5;3
3022;1;2;0;1;1;5;10;5;3
3023;1;0;0;1;1;5;10;5;4
3024;0;0;1;0;1;5;10;5;4
3025;1;2;1;1;1;5;10;5;4
3026;0;1;1;1;1;5;10;4;5
3027;0;0;0;0;1;5;9;4;5
3028;1;0;1;0;1;5;9;4;5
3029;1;1;1;1;1;5;10;4;5
3030;0;1;0;1;1;5;10;4;5
3031;1;1;0;0;1;5;10;4;5
3032;0;1;1;1;1;5;10;4;5
3033;0;0;0;0;1;5;9;4;5
3034;0;0;1;0;1;5;8;4;5
3035;1;0;0;1;1;5;8;4;5
3036;0;0;1;0;1;5;7;5;5
3037;0;0;1;1;1;5;6;5;5
3038;1;0;1;0;1;5;6;5;5
3039;0;0;1;0;1;5;6;5;5
3040;0;2;0;0;1;5;6;5;4
3041;1;0;1;0;1;5;6;5;4
3042;0;1;1;0;1;5;7;4;4
3043;1;0;0;1;1;5;7;4;4
3044;0;2;0;1;1;5;8;4;3
3045;1;0;1;0;1;5;8;4;3
3046;0;2;0;0;1;5;9;4;2
3047;1;0;1;0;1;5;9;4;2
3048;1;1;1;1;1;5;10;4;2
3049;1;1;0;1;1;5;10;5;2
3050;0;1;0;0;1;5;10;5;2
3051;0;2;1;1;1;5;10;5;1
3052;1;1;0;0;1;5;10;5;1
3053;0;2;1;1;1;5;10;6;0
3054;1;2;1;1;1;5;10;6;0
3055;1;1;0;1;1;5;10;6;1
3056;0;2;0;0;1;5;10;7;0
3057;1;2;0;1;1;5;10;7;0
3058;0;1;1;0;1;5;10;6;1
3059;0;0;0;1;1;5;9;6;1
3060;1;0;1;0;1;5;9;6;1
3061;1;0;1;1;1;5;10;6;1
3062;1;1;1;0;1;5;10;6;2
3063;1;2;0;1;1;5;10;7;2
3064;1;2;0;0;1;5;10;7;3
3065;0;1;1;1;1;5;10;7;3
3066;1;2;1;0;1;5;10;7;3
3067;0;0;1;1;1;5;9;7;4
3068;1;1;1;1;1;5;9;7;4
3069;0;0;1;0;1;5;9;7;4
3070;0;2;1;1;1;5;9;7;3
3071;1;0;1;1;1;5;9;7;3
3072;0;1;0;1;1;5;10;6;3
3073;1;1;1;0;1;5;10;6;3
3074;1;0;1;1;1;5;10;6;4
3075;0;1;0;0;1;5;11;5;4
3076;0;0;0;1;1;5;10;5;4
3077;1;1;1;0;1;5;10;5;4
3078;1;1;0;0;1;5;10;6;4
3079;1;1;1;1;1;5;10;7;4
3080;1;0;1;0;1;5;10;8;4
3081;1;0;0;1;1;5;11;8;4
3082;0;0;0;0;1;5;11;8;4
3083;0;0;1;1;1;5;11;8;3
3084;0;2;1;1;1;5;11;8;2
3085;0;1;1;1;1;5;11;7;2
3086;1;1;1;1;1;5;11;7;2
3087;1;1;0;0;1;5;11;8;2
3088;1;0;0;1;1;5;11;9;2
3089;0;2;1;1;1;5;11;10;1
3090;1;1;0;0;1;5;11;10;1
3091;1;2;1;1;1;5;11;10;2
3092;1;2;1;1;1;5;11;10;3
3093;0;1;1;0;1;5;11;9;4
3094;0;1;1;0;1;5;11;8;4
3095;0;0;1;1;1;5;10;8;4
3096;1;2;0;1;1;5;10;8;4
3097;1;1;1;0;1;5;10;8;5
3098;0;1;0;0;1;5;10;7;6
3099;1;0;1;1;1;5;10;7;6
3100;1;1;0;0;1;5;11;7;6
3101;0;2;1;0;1;5;11;8;5
3102;1;2;1;0;1;5;11;8;5
3103;0;0;0;0;1;5;10;8;6
3104;0;2;1;0;1;5;10;8;5
3105;0;2;1;0;1;5;10;8;4
3106;0;0;1;0;1;5;9;8;4
3107;0;0;0;1;1;5;8;8;4
3108;0;0;1;1;1;5;7;8;4
3109;1;2;1;1;1;5;7;8;4
3110;0;2;0;0;1;5;7;8;4
3111;0;2;1;0;1;5;7;8;3
3112;1;2;1;0;1;5;7;8;3
3113;0;0;1;0;1;5;6;8;4
3114;0;1;0;0;1;5;6;7;4
3115;0;1;1;1;1;5;6;6;4
3116;1;0;0;0;1;5;6;6;4
3117;1;1;1;0;1;5;7;6;4
3118;1;1;0;0;1;5;7;7;4
3119;0;2;1;1;1;5;7;7;4
3120;0;1;0;1;1;5;7;6;4
3121;0;2;1;0;1;5;7;6;3
3122;1;1;0;0;1;5;7;6;3
3123;1;1;0;1;1;5;7;7;3
3124;0;0;0;1;1;5;6;8;3
3125;0;1;1;1;1;5;6;7;3
3126;1;1;1;1;1;5;6;7;3
3127;0;0;0;0;1;5;5;8;3
3128;0;1;1;0;1;5;5;7;3
3129;0;0;1;0;1;5;4;7;3
3130;1;1;1;0;1;5;4;7;3
3131;1;2;0;1;1;5;4;8;3
3132;0;0;1;1;1;5;3;8;4
3133;1;2;1;0;1;5;3;8;4
3134;0;1;1;1;1;5;3;8;4
3135;0;1;1;1;1;5;3;7;4
3136;1;2;0;0;1;5;3;7;4
3137;0;2;1;1;1;5;3;7;4
3138;0;1;0;1;1;5;3;6;4
3139;0;1;1;0;1;5;3;5;4
3140;1;2;1;1;1;5;3;5;4
3141;1;1;0;0;1;5;3;5;5
3142;0;2;0;1;1;5;3;6;4
3143;1;2;0;1;1;5;3;6;4
3144;0;1;0;0;1;5;3;5;5
3145;0;0;1;0;1;5;2;5;5
3146;1;2;1;1;1;5;2;5;5
3147;0;0;1;0;1;5;1;5;6
3148;1;2;0;0;1;5;1;5;6
3149;1;2;1;1;1;5;1;5;7
3150;1;1;0;0;1;5;1;5;8
3151;1;0;1;1;1;5;1;6;8
3152;0;0;1;1;1;5;1;6;8
3153;1;0;0;1;1;5;1;6;8
3154;0;1;1;0;1;5;2;5;8
3155;1;0;0;1;1;5;2;5;8
3156;1;2;0;0;1;5;3;5;8
3157;1;0;0;1;1;5;3;5;9
3158;0;0;1;1;1;5;3;5;9
3159;1;1;0;1;1;5;3;5;9
3160;0;1;1;0;1;5;3;4;10
3161;0;0;0;1;1;5;2;4;10
3162;1;0;1;0;1;5;2;4;10
3163;0;1;0;1;1;5;3;3;10
3164;1;0;0;1;1;5;3;3;10
3165;0;0;0;1;1;5;3;3;10
3166;0;0;0;0;1;5;2;3;10
3167;1;2;1;1;1;5;2;3;10
3168;1;0;0;1;1;5;2;3;11
3169;1;2;0;0;1;5;3;3;11
3170;1;2;1;1;1;5;3;3;12
3171;1;2;0;0;1;5;3;3;13
3172;0;1;0;1;1;5;3;2;14
3173;0;2;0;1;1;5;3;2;13
3174;1;0;1;1;1;5;3;2;13
3175;1;1;0;0;1;5;4;2;13
3176;1;0;0;0;1;5;4;3;13
3177;1;0;0;1;1;5;4;3;14
3178;1;2;1;0;1;5;5;3;14
3179;1;1;0;1;1;5;5;3;15
3180;0;1;1;0;1;5;5;3;15
3181;0;1;0;1;1;5;5;2;15
3182;1;2;1;1;1;5;5;2;15
3183;0;0;0;1;1;5;4;2;16
3184;1;1;0;1;1;5;4;2;16
3185;1;2;0;1;1;5;4;3;16
3186;1;1;1;0;1;5;4;3;17
3187;1;0;0;1;1;5;4;4;17
3188;0;0;0;0;1;5;3;5;17
3189;1;0;1;0;1;5;3;5;17
3190;1;0;1;0;1;5;4;5;17
3191;0;2;0;0;1;5;5;5;16
3192;0;2;1;1;1;5;5;5;15
3193;1;1;0;1;1;5;5;5;15
3194;1;2;1;0;1;5;5;6;15
3195;0;0;0;1;1;5;4;6;16
3196;0;0;1;1;1;5;3;6;16
3197;1;0;0;0;1;5;3;6;16
3198;1;2;1;0;1;5;4;6;16
3199;0;0;1;1;1;5;3;6;17
3200;1;1;0;1;1;5;3;6;17
3201;1;1;1;1;1;5;3;7;17
3202;0;1;1;1;1;5;3;7;17
3203;1;1;1;0;1;5;3;7;17
3204;0;1;0;0;1;5;3;7;17
3205;1;2;1;0;1;5;3;7;17
3206;1;2;1;1;1;5;3;7;18
3207;0;2;0;1;1;5;3;7;18
3208;1;1;0;0;1;5;3;7;18
3209;1;0;0;0;1;5;3;8;18
3210;1;2;0;0;1;5;3;8;19
3211;0;2;1;0;1;5;3;8;19
3212;1;2;1;0;1;5;3;8;19
3213;0;2;0;1;1;5;3;8;19
3214;0;1;0;0;1;5;3;7;19
3215;0;0;1;1;1;5;2;7;19
3216;1;0;0;0;1;5;2;7;19
3217;1;2;0;0;1;5;3;7;19
3218;0;1;1;0;1;5;3;6;20
3219;0;1;0;0;1;5;3;5;20
3220;1;0;1;1;1;5;3;5;20
3221;1;0;0;0;1;5;3;5;21
3222;1;0;0;0;1;5;4;5;21
3223;1;1;0;0;1;5;5;5;21
3224;0;2;1;1;1;5;5;6;20
3225;0;0;0;0;1;5;4;6;20
3226;1;0;0;1;1;5;4;6;20
3227;1;1;1;1;1;5;5;6;20
3228;1;1;1;1;1;5;5;7;20
3229;1;0;1;0;1;5;5;8;20
3230;1;1;0;0;1;5;6;8;20
3231;0;0;0;1;1;5;5;9;20
3232;1;2;1;1;1;5;5;9;20
3233;1;1;0;1;1;5;5;9;21
3234;0;2;1;0;1;5;5;10;20
3235;1;0;0;0;1;5;5;10;20
3236;0;0;0;1;1;5;5;10;20
3237;0;1;0;1;1;5;5;9;20
3238;1;0;1;0;1;5;5;9;20
3239;1;2;1;1;1;5;6;9;20
3240;0;0;1;1;1;5;5;9;21
3241;1;2;0;1;1;5;5;9;21
3242;1;0;0;0;1;5;5;9;22
3243;1;0;0;0;1;5;6;9;22
3244;1;0;1;1;1;5;7;9;22
3245;1;0;1;1;1;5;8;9;22
3246;0;2;1;1;1;5;9;9;21
3247;1;2;1;1;1;5;9;9;21
3248;1;0;0;0;1;5;9;9;22
3249;1;0;1;0;1;5;10;9;22
3250;1;0;0;0;1;5;11;9;22
3251;1;2;1;0;1;5;12;9;22
3252;1;2;1;0;1;5;12;9;23
3253;1;1;1;1;1;5;12;9;24
3254;0;1;1;1;1;5;12;9;24
3255;1;0;0;0;1;5;12;9;24
3256;1;0;0;1;1;5;13;9;24
3257;0;0;0;0;1;5;13;9;24
3258;0;0;0;1;1;5;12;9;24
3259;0;2;0;0;1;5;12;9;23
3260;1;1;1;1;1;5;12;9;23
3261;1;2;0;0;1;5;12;9;24
3262;0;0;0;1;1;5;11;9;25
3263;0;0;0;0;1;5;10;9;25
3264;0;2;0;1;1;5;10;9;24
3265;1;2;0;0;1;5;10;9;24
3266;1;2;1;1;1;5;10;9;25
3267;0;1;0;1;1;5;10;8;26
3268;1;2;0;0;1;5;10;8;26
3269;1;1;1;0;1;5;10;8;27
3270;1;1;1;1;1;5;10;9;27
3271;0;2;1;0;1;5;10;9;27
3272;0;2;1;1;1;5;10;9;26
3273;1;1;0;0;1;5;10;9;26
3274;0;2;0;0;1;5;10;10;25
3275;1;0;0;0;1;5;10;10;25
3276;0;1;0;0;1;5;11;9;25
3277;0;1;1;0;1;5;11;8;25
3278;1;0;1;0;1;5;11;8;25
3279;0;2;0;0;1;5;12;8;24
3280;1;0;0;0;1;5;12;8;24
3281;0;0;1;1;1;5;12;8;24
3282;0;0;0;1;1;5;11;8;24
3283;1;2;0;0;1;5;11;8;24
3284;1;0;0;0;1;5;11;8;25
3285;1;1;0;0;1;5;12;8;25
3286;1;2;0;1;1;5;12;9;25
3287;0;1;0;1;1;5;12;8;26
3288;0;2;1;1;1;5;12;8;25
3289;1;1;1;0;1;5;12;8;25
3290;0;1;0;1;1;5;12;8;25
3291;0;2;1;1;1;5;12;8;24
3292;0;2;0;0;1;5;12;8;23
3293;0;1;1;0;1;5;12;7;23
3294;1;0;1;0;1;5;12;7;23
3295;1;1;1;1;1;5;13;7;23
3296;1;1;0;0;1;5;13;8;23
3297;0;0;1;1;1;5;12;9;23
3298;0;2;0;0;1;5;12;9;22
3299;1;1;1;1;1;5;12;9;22
3300;0;1;1;1;1;5;12;9;22
3301;0;2;1;1;1;5;12;9;21
3302;0;0;1;1;1;5;11;9;21
3303;1;0;0;1;1;5;11;9;21
3304;0;0;0;1;1;5;11;9;21
3305;1;2;0;0;1;5;11;9;21
3306;0;2;0;0;1;5;11;9;21
3307;1;0;0;0;1;5;11;9;21
3308;0;1;1;1;1;5;12;8;21
3309;1;0;1;0;1;5;12;8;21
3310;1;1;1;1;1;5;13;8;21
3311;1;0;1;0;1;5;13;9;21
3312;0;0;0;1;1;5;12;9;22
3313;1;0;0;0;1;5;12;9;22
3314;0;2;1;1;1;5;13;9;21
3315;1;2;1;1;1;5;13;9;21
3316;0;0;1;1;1;5;12;9;22
3317;1;1;1;0;1;5;12;9;22
3318;1;2;0;1;1;5;12;9;23
3319;1;0;0;0;1;5;12;9;24
3320;1;1;1;1;1;5;13;9;24
3321;0;1;0;1;1;5;13;9;24
3322;0;1;1;0;1;5;13;9;23
3323;0;0;0;0;1;5;12;9;23
3324;1;1;0;1;1;5;12;9;23
3325;1;1;1;1;1;5;12;10;23
3326;0;0;1;0;1;5;11;11;23
3327;0;0;1;1;1;5;10;11;23
3328;1;1;1;0;1;5;10;11;23
3329;1;2;1;1;1;5;10;12;23
3330;1;1;1;1;1;5;10;12;24
3331;1;2;1;1;1;5;10;13;24
3332;1;2;1;0;1;5;10;13;25
3333;1;0;0;0;1;5;10;13;26
3334;1;2;1;1;1;5;11;13;26
3335;1;1;0;1;1;5;11;13;27
3336;1;2;1;1;1;5;11;14;27
3337;0;2;1;1;1;5;11;14;27
3338;1;2;0;1;1;5;11;14;27
3339;1;1;0;1;1;5;11;14;28
3340;0;1;1;1;1;5;11;14;28
3341;0;0;1;1;1;5;10;14;28
3342;0;0;0;1;1;5;9;14;28
3343;1;2;0;0;1;5;9;14;28
3344;1;0;1;0;1;5;9;14;29
3345;0;1;0;0;1;5;10;13;29
3346;1;0;1;0;1;5;10;13;29
3347;0;2;1;1;1;5;11;13;28
3348;1;0;1;0;1;5;11;13;28
3349;0;2;1;0;1;5;12;13;27
3350;1;0;0;1;1;5;12;13;27
3351;0;2;0;1;1;5;13;13;26
3352;1;2;1;1;1;5;13;13;26
3353;1;0;1;1;1;5;13;13;27
3354;1;2;0;0;1;5;14;13;27
3355;0;0;1;0;1;5;14;13;27
3356;0;1;1;1;1;5;14;12;27
3357;1;2;0;0;1;5;14;12;27
3358;0;1;1;0;1;5;14;11;28
3359;1;1;1;1;1;5;14;11;28
3360;0;2;1;1;1;5;14;12;27
3361;0;2;1;0;1;5;14;12;26
3362;1;2;1;0;1;5;14;12;26
3363;0;0;1;0;1;5;13;12;27
3364;0;2;1;0;1;5;13;12;26
3365;0;1;1;0;1;5;13;11;26
3366;1;1;1;1;1;5;13;11;26
3367;0;2;0;1;1;5;13;12;25
3368;0;0;1;0;1;5;12;12;25
3369;0;2;0;0;1;5;12;12;24
3370;1;2;0;0;1;5;12;12;24
3371;1;2;0;0;1;5;12;12;25
3372;1;0;0;0;1;5;12;12;26
3373;1;2;1;1;1;5;13;12;26
3374;0;2;0;1;1;5;13;12;26
3375;0;0;0;0;1;5;12;12;26
3376;0;0;1;1;1;5;11;12;26
3377;0;0;1;0;1;5;10;12;26
3378;0;0;0;0;1;5;9;12;26
3379;0;1;1;1;1;5;9;11;26
3380;0;1;0;1;1;5;9;10;26
3381;0;2;1;0;1;5;9;10;25
3382;1;2;1;0;1;5;9;10;25
3383;0;0;0;1;1;5;8;10;26
3384;1;0;1;0;1;5;8;10;26
3385;0;2;0;1;1;5;9;10;25
3386;1;1;0;0;1;5;9;10;25
3387;1;1;1;0;1;5;9;11;25
3388;1;0;1;0;1;5;9;12;25
3389;1;1;0;1;1;5;10;12;25
3390;1;1;1;0;1;5;10;13;25
3391;0;2;1;1;1;5;10;14;24
3392;1;0;0;1;1;5;10;14;24
3393;1;2;0;0;1;5;11;14;24
3394;0;0;0;1;1;5;10;14;25
3395;1;1;1;1;1;5;10;14;25
3396;1;0;1;0;1;5;10;15;25
3397;0;1;1;0;1;5;11;14;25
3398;1;0;0;0;1;5;11;14;25
3399;0;0;0;0;1;5;11;14;25
3400;0;1;0;1;1;5;11;13;25
3401;1;1;1;1;1;5;11;13;25
3402;1;0;1;1;1;5;11;14;25
3403;0;0;1;0;1;5;11;14;25
3404;0;1;0;0;1;5;11;13;25
3405;1;1;1;0;1;5;11;13;25
3406;0;2;0;1;1;5;11;14;24
3407;1;2;0;1;1;5;11;14;24
3408;0;0;1;0;1;5;10;14;25
3409;1;2;0;0;1;5;10;14;25
3410;1;2;1;1;1;5;10;14;26
3411;0;0;0;0;1;5;9;14;27
3412;1;0;0;1;1;5;9;14;27
3413;0;2;0;0;1;5;10;14;26
3414;0;2;1;0;1;5;10;14;25
3415;1;2;0;0;1;5;10;14;25
3416;1;0;0;1;1;5;10;14;26
3417;1;2;1;1;1;5;11;14;26
3418;1;1;1;0;1;5;11;14;27
3419;0;2;0;1;1;5;11;14;27
3420;0;0;1;0;1;5;11;14;26
3421;0;1;1;1;1;5;11;14;25
3422;1;2;1;0;1;5;11;14;25
3423;0;0;0;0;1;5;10;14;26
3424;0;0;1;0;1;5;9;14;26
3425;0;1;0;0;1;5;9;13;26
3426;1;2;0;0;1;5;9;13;26
3427;1;1;1;0;1;5;9;13;27
3428;1;0;0;0;1;5;9;14;27
3429;1;1;0;0;1;5;10;14;27
3430;1;1;1;1;1;5;10;15;27
3431;0;1;1;1;1;5;10;15;27
3432;1;1;0;1;1;5;10;15;27
3433;1;1;1;1;1;5;10;16;27
3434;1;0;1;0;1;5;10;16;28
3435;0;0;0;1;1;5;10;16;28
3436;1;2;1;1;1;5;10;16;28
3437;1;2;1;1;1;5;10;16;29
3438;0;2;1;1;1;5;10;16;29
3439;0;1;1;0;1;5;10;15;29
3440;0;2;0;1;1;5;10;15;28
3441;0;0;1;1;1;5;9;15;28
3442;1;2;0;0;1;5;9;15;28
3443;0;2;0;1;1;5;9;15;28
3444;1;1;0;1;1;5;9;15;28
3445;1;0;1;1;1;5;9;16;28
3446;0;0;1;1;1;5;9;16;28
3447;1;0;0;1;1;5;9;16;28
3448;1;0;1;1;1;5;10;16;28
3449;0;0;1;1;1;5;10;16;28
3450;1;1;1;1;1;5;10;16;28
3451;1;2;0;0;1;5;10;17;28
3452;1;0;0;0;1;5;10;17;29
3453;1;0;1;1;1;5;11;17;29
3454;0;1;0;1;1;5;12;16;29
3455;1;2;0;1;1;5;12;16;29
3456;0;1;0;1;1;5;12;15;30
3457;1;1;1;1;1;5;12;15;30
3458;0;0;0;0;1;5;11;16;30
3459;0;2;0;0;1;5;11;16;29
3460;0;1;0;1;1;5;11;15;29
3461;1;0;1;1;1;5;11;15;29
3462;0;1;1;1;1;5;11;15;29
3463;1;0;1;0;1;5;11;15;29
3464;1;1;1;0;1;5;12;15;29
3465;1;0;1;1;1;5;12;16;29
3466;1;1;1;1;1;5;13;16;29
3467;0;2;0;0;1;5;13;17;28
3468;0;1;1;1;1;5;13;16;28
3469;1;1;1;0;1;5;13;16;28
3470;0;1;0;1;1;5;13;15;29
3471;1;1;1;0;1;5;13;15;29
3472;0;0;0;1;1;5;12;16;29
3473;0;1;1;1;1;5;12;16;28
3474;1;2;0;0;1;5;12;16;28
3475;0;2;0;1;1;5;12;16;28
3476;0;1;1;1;1;5;12;15;28
3477;0;2;1;0;1;5;12;15;27
3478;1;2;1;0;1;5;12;15;27
3479;1;0;0;1;1;5;12;15;28
3480;1;2;1;0;1;5;12;16;28
3481;1;0;1;0;1;5;12;16;29
3482;0;0;1;1;1;5;12;16;29
3483;1;0;0;0;1;5;12;16;29
3484;1;1;0;0;1;5;13;16;29
3485;1;2;0;1;1;5;13;17;29
3486;0;1;0;1;1;5;13;16;30
3487;1;1;0;0;1;5;13;16;30
3488;0;2;1;1;1;5;13;17;29
3489;0;2;0;1;1;5;13;17;28
3490;1;1;1;1;1;5;13;17;28
3491;0;2;1;0;1;5;13;17;28
3492;1;1;0;0;1;5;13;17;28
3493;1;0;0;0;1;5;13;18;28
3494;1;1;1;0;1;5;13;19;28
3495;1;0;0;1;1;5;13;20;28
3496;0;1;1;0;1;5;14;19;28
3497;1;2;1;0;1;5;14;19;28
3498;1;0;1;1;1;5;14;19;29
3499;0;1;1;0;1;5;15;18;29
3500;1;0;1;1;1;5;15;18;29
3501;1;2;1;0;1;5;15;18;30
3502;1;1;0;1;1;5;15;18;31
3503;1;1;0;0;1;5;15;19;31
3504;0;0;0;1;1;5;14;20;31
3505;0;2;1;0;1;5;14;20;30
3506;0;0;1;0;1;5;14;20;29
3507;1;0;1;0;1;5;14;20;29
3508;0;0;1;0;1;5;14;20;29
3509;0;1;0;1;1;5;14;19;29
3510;1;2;0;0;1;5;14;19;29
3511;0;0;1;0;1;5;13;19;30
3512;0;2;0;0;1;5;13;19;29
3513;1;2;1;0;1;5;13;19;29
3514;0;2;1;0;1;5;13;19;29
3515;1;2;1;0;1;5;13;19;29
3516;1;2;0;0;1;5;13;19;30
3517;1;0;0;1;1;5;13;19;31
3518;0;2;1;0;1;5;14;19;30
3519;1;0;1;1;1;5;14;19;30
3520;1;2;1;0;1;5;15;19;30
3521;0;2;1;0;1;5;15;19;30
3522;0;2;1;0;1;5;15;19;29
3523;1;0;1;0;1;5;15;19;29
3524;1;1;1;1;1;5;16;19;29
3525;0;1;0;1;1;5;16;19;29
3526;0;0;0;1;1;5;15;19;29
3528;1;2;1;1;1;6;15;19;29
3529;1;0;0;1;1;6;15;19;30
3530;1;0;0;1;1;6;16;19;30
3531;1;0;0;1;1;6;17;19;30
3532;1;0;0;0;1;6;17;19;31
3533;0;1;0;1;1;6;18;18;31
3534;0;0;0;1;1;6;17;18;31
3535;1;0;1;0;1;6;17;18;31
3536;1;2;0;1;1;6;17;19;31
3537;0;1;1;0;1;6;17;18;32
3540;0;2;1;1;1;6;17;18;31
3541;0;1;0;0;1;6;17;17;31
3542;1;1;1;1;1;6;17;17;31
3543;1;1;0;1;1;6;17;18;31
3545;1;1;0;0;1;6;17;19;31
3546;1;2;1;1;1;6;17;20;31
3547;1;0;0;0;1;6;17;20;32
3548;1;1;1;1;1;6;18;20;32
3549;0;0;0;1;1;6;17;21;32
3550;1;1;0;0;1;6;17;21;32
3551;1;0;1;0;1;6;17;22;32
3552;1;1;0;1;1;6;18;22;32
3553;0;2;0;1;1;6;18;23;31
3554;1;0;0;1;1;6;18;23;31
3555;0;0;1;0;1;6;18;23;31
3556;1;1;0;0;1;6;18;23;31
3557;0;1;1;1;1;6;18;23;31
3558;0;1;1;1;1;6;18;22;31
3559;0;1;1;1;1;6;18;21;31
3560;1;2;1;1;1;6;18;21;31
3561;0;2;0;0;1;6;18;21;31
3562;1;1;0;0;1;6;18;21;31
3563;1;0;0;1;1;6;18;21;32
3564;1;1;0;1;1;6;19;21;32
3565;0;0;0;0;1;6;18;22;32
3566;1;2;1;1;1;6;18;22;32
3567;0;1;1;0;1;6;18;21;33
3568;0;2;0;0;1;6;18;21;32
3569;1;0;0;1;1;6;18;21;32
3570;1;2;0;0;1;6;19;21;32
3571;1;2;1;1;1;6;19;21;33
3572;1;1;1;1;1;6;19;21;34
3573;1;0;1;0;1;6;19;22;34
3574;0;2;0;1;1;6;20;22;33
3575;1;1;1;1;1;6;20;22;33
3576;0;0;0;1;1;6;19;23;33
3577;0;0;1;0;1;6;18;23;33
3578;0;1;0;1;1;6;18;22;33
3579;1;2;1;1;1;6;18;22;33
3580;1;1;1;0;1;6;18;22;34
3581;1;0;1;0;1;6;18;22;35
3582;1;1;1;0;1;6;19;22;35
3583;0;2;0;0;1;6;19;23;34
3584;1;0;1;0;1;6;19;23;34
3585;1;1;0;1;1;6;20;23;34
3586;1;0;0;0;1;6;20;24;34
3587;1;1;1;1;1;6;21;24;34
3588;0;1;1;1;1;6;21;24;34
3589;0;2;1;1;1;6;21;24;33
3590;1;0;1;0;1;6;21;24;33
3591;1;2;1;1;1;6;22;24;33
3592;1;2;1;0;1;6;22;24;34
3593;1;0;0;1;1;6;22;24;35
3594;0;1;1;1;1;6;22;23;36
3595;1;0;0;0;1;6;22;23;36
3596;1;0;0;0;1;6;23;23;36
3597;1;1;1;0;1;6;23;23;37
3598;0;1;0;0;1;6;23;23;37
3599;0;1;1;1;1;6;23;22;37
3600;0;0;1;0;1;6;22;22;37
3601;1;1;0;0;1;6;22;22;37
3602;0;0;0;1;1;6;21;23;37
3603;1;2;0;1;1;6;21;23;37
3604;0;1;0;0;1;6;21;22;38
3605;0;2;0;1;1;6;21;22;37
3606;0;2;1;1;1;6;21;22;36
3607;1;2;0;0;1;6;21;22;36
3608;1;0;0;0;1;6;21;22;37
3609;0;2;1;0;1;6;22;22;36
3610;1;1;0;1;1;6;22;22;36
3611;1;2;1;1;1;6;22;23;36
3612;1;0;0;0;1;6;22;23;37
3613;0;0;0;0;1;6;22;23;37
3616;1;2;0;1;1;6;22;23;37
3617;1;0;0;1;1;6;22;23;38
3618;1;1;0;0;1;6;23;23;38
3619;1;2;0;0;1;6;23;24;38
3620;1;1;0;1;1;6;23;24;39
3621;1;1;0;0;1;6;23;25;39
3622;1;2;0;1;1;6;23;26;39
3623;0;0;0;0;1;6;22;26;40
3624;1;2;0;0;1;6;22;26;40
3626;1;1;0;0;1;6;22;26;41
3627;0;1;1;0;1;6;22;26;41
3628;1;2;1;1;1;6;22;26;41
3629;0;1;0;1;1;6;22;25;42
3630;0;0;0;0;1;6;21;25;42
3631;0;0;0;0;1;6;20;25;42
3632;0;1;0;0;1;6;20;24;42
3634;1;1;0;0;1;6;20;24;42
3635;1;2;1;0;1;6;20;25;42
3636;0;1;0;0;1;6;20;24;43
3637;1;1;0;0;1;6;20;24;43
3638;0;0;1;1;1;6;19;25;43
3639;0;1;0;1;1;6;19;24;43
3640;0;2;0;1;1;6;19;24;42
3641;1;0;1;1;1;6;19;24;42
3642;1;1;1;1;1;6;20;24;42
3643;1;1;1;1;1;6;20;25;42
3644;1;1;1;1;1;6;20;26;42
3645;0;1;0;0;1;6;20;26;42
3646;0;2;1;0;1;6;20;26;41
3647;1;1;1;1;1;6;20;26;41
3648;1;0;1;1;1;6;20;26;42
3649;0;1;0;1;1;6;21;25;42
3650;0;1;0;0;1;6;21;24;42
3651;1;0;1;1;1;6;21;24;42
3652;0;2;1;0;1;6;22;24;41
3653;0;2;1;1;1;6;22;24;40
3654;1;0;0;0;1;6;22;24;40
3655;1;1;1;0;1;6;23;24;40
3656;0;0;0;1;1;6;22;25;40
3657;1;0;1;1;1;6;22;25;40
3658;0;2;1;1;1;6;23;25;39
3659;1;0;0;0;1;6;23;25;39
3660;1;1;0;1;1;6;23;26;39
3661;0;1;1;1;1;6;23;26;39
3662;1;2;0;1;1;6;23;26;39
3663;1;0;0;0;1;6;23;26;40
3665;1;2;1;0;1;6;24;26;40
3666;1;2;1;0;1;6;24;26;41
3667;1;1;1;0;1;6;24;26;42
3668;1;1;0;1;1;6;24;27;42
3669;0;2;1;0;1;6;24;28;41
3670;0;2;0;1;1;6;24;28;40
3671;0;2;0;0;1;6;24;28;39
3672;1;1;0;0;1;6;24;28;39
3673;0;1;0;1;1;6;24;28;39
3674;0;1;0;0;1;6;24;27;39
3675;0;1;1;1;1;6;24;26;39
3676;1;2;1;1;1;6;24;26;39
3677;1;2;1;0;1;6;24;26;40
3678;1;2;0;1;1;6;24;26;41
3679;1;2;1;1;1;6;24;26;42
3680;0;1;0;0;1;6;24;25;43
3681;1;1;0;1;1;6;24;25;43
3682;0;2;1;0;1;6;24;26;42
3683;1;1;0;1;1;6;24;26;42
3684;0;2;1;0;1;6;24;27;41
3685;0;0;1;0;1;6;23;27;41
3686;0;2;1;1;1;6;23;27;40
3687;1;1;1;1;1;6;23;27;40
3688;0;2;0;1;1;6;23;28;39
3689;1;0;1;0;1;6;23;28;39
3690;1;2;1;0;1;6;24;28;39
3691;1;1;1;0;1;6;24;28;40
3692;1;0;1;0;1;6;24;29;40
3693;1;0;1;1;1;6;25;29;40
3694;0;2;0;1;1;6;26;29;39
3695;1;2;1;0;1;6;26;29;39
3696;0;1;1;0;1;6;26;29;39
3697;1;0;0;1;1;6;26;29;39
3698;1;0;1;1;1;6;27;29;39
3699;1;1;0;0;1;6;28;29;39
3700;0;0;0;1;1;6;27;30;39
3701;1;2;1;1;1;6;27;30;39
3702;0;1;1;1;1;6;27;29;40
3703;0;1;0;0;1;6;27;28;40
3704;1;1;0;1;1;6;27;28;40
3705;0;1;1;0;1;6;27;28;40
3706;1;1;0;1;1;6;27;28;40
3707;1;2;0;1;1;6;27;29;40
3708;1;1;1;1;1;6;27;29;41
3709;0;0;0;0;1;6;26;30;41
3710;1;0;0;1;1;6;26;30;41
3711;0;2;1;1;1;6;27;30;40
3712;1;2;1;0;1;6;27;30;40
3713;1;2;0;1;1;6;27;30;41
3714;1;0;0;0;1;6;27;30;42
3715;0;2;1;1;1;6;28;30;41
3716;1;1;0;0;1;6;28;30;41
3717;0;1;1;0;1;6;28;30;41
3718;0;2;1;0;1;6;28;30;40
3719;1;2;0;1;1;6;28;30;40
3720;1;1;1;1;1;6;28;30;41
3721;0;0;0;0;1;6;27;31;41
3722;0;2;0;0;1;6;27;31;40
3723;0;2;0;1;1;6;27;31;39
3724;1;2;0;0;1;6;27;31;39
3725;1;1;0;0;1;6;27;31;40
3726;1;2;1;0;1;6;27;32;40
3727;0;0;0;1;1;6;26;32;41
3728;0;2;1;1;1;6;26;32;40
3729;1;1;0;1;1;6;26;32;40
3730;1;2;1;1;1;6;26;33;40
3731;1;2;0;1;1;6;26;33;41
3732;0;2;0;0;1;6;26;33;41
3733;1;0;1;0;1;6;26;33;41
3734;0;0;1;0;1;6;26;33;41
3735;1;2;1;1;1;6;26;33;41
3736;1;2;0;0;1;6;26;33;42
3737;1;1;0;1;1;6;26;33;43
3738;1;2;0;0;1;6;26;34;43
3739;1;2;1;0;1;6;26;34;44
3740;1;0;1;0;1;6;26;34;45
3741;1;1;0;1;1;6;27;34;45
3742;1;0;1;1;1;6;27;35;45
3743;1;0;1;0;1;6;28;35;45
3744;0;1;1;0;1;6;29;34;45
3745;1;1;0;0;1;6;29;34;45
3746;0;2;1;0;1;6;29;35;44
3747;0;0;1;1;1;6;28;35;44
3749;1;0;0;1;1;6;28;35;44
3751;1;0;1;1;1;6;29;35;44
3752;1;0;1;0;1;6;30;35;44
3753;0;1;1;0;1;6;31;34;44
3754;0;0;1;1;1;6;30;34;44
3756;1;2;0;1;1;6;30;34;44
3757;1;2;1;0;1;6;30;34;45
3758;0;1;0;1;1;6;30;33;46
3759;1;2;1;1;1;6;30;33;46
3760;0;0;1;1;1;6;29;33;47
3761;1;1;1;1;1;6;29;33;47
3762;1;0;0;1;1;6;29;34;47
3763;0;0;0;1;1;6;29;34;47
3765;1;2;1;1;1;6;29;34;47
3766;1;1;1;0;1;6;29;34;48
3767;0;1;0;1;1;6;29;34;48
3768;0;1;1;0;1;6;29;33;48
3769;0;2;1;1;1;6;29;33;47
3770;1;2;0;0;1;6;29;33;47
3771;0;0;0;0;1;6;28;33;48
3772;1;1;0;1;1;6;28;33;48
3773;1;1;1;0;1;6;28;34;48
3774;1;2;0;1;1;6;28;35;48
3775;1;1;1;0;1;6;28;35;49
3776;0;2;1;1;1;6;28;36;48
3777;1;2;0;0;1;6;28;36;48
3778;1;0;0;1;1;6;28;36;49
3779;0;0;0;0;1;6;28;36;49
3780;0;0;0;0;1;6;27;36;49
3781;0;1;0;0;1;6;27;35;49
3782;1;1;1;1;1;6;27;35;49
3784;1;2;1;1;1;6;27;35;50
3785;1;0;0;1;1;6;27;35;51
3786;0;2;0;0;1;6;28;35;50
3787;0;2;1;1;1;6;28;35;49
3788;0;1;1;1;1;6;28;34;49
3789;1;1;1;0;1;6;28;34;49
3791;1;0;1;0;1;6;28;35;49
3792;0;2;0;1;1;6;29;35;48
3793;0;1;0;1;1;6;29;34;48
3794;0;2;1;0;1;6;29;34;47
3795;1;2;1;1;1;6;29;34;47
3796;1;0;1;1;1;6;29;34;48
3797;1;1;1;1;1;6;30;34;48
3798;0;1;1;0;1;6;30;34;48
3799;0;0;1;0;1;6;29;34;48
3800;1;1;0;0;1;6;29;34;48
3801;0;1;1;0;1;6;29;34;48
3802;0;2;1;1;1;6;29;34;47
3803;0;1;1;1;1;6;29;33;47
3804;1;2;1;1;1;6;29;33;47
3805;0;0;0;0;1;6;28;33;48
3806;0;0;0;1;1;6;27;33;48
3807;0;0;1;0;1;6;26;33;48
3808;1;1;1;0;1;6;26;33;48
3809;0;1;0;1;1;6;26;33;48
3810;0;2;1;1;1;6;26;33;47
3811;0;1;1;0;1;6;26;32;47
3812;1;0;0;1;1;6;26;32;47
3814;1;0;0;1;1;6;27;32;47
3815;0;1;1;1;1;6;28;31;47
3816;1;0;0;1;1;6;28;31;47
3817;0;0;1;0;1;6;28;31;47
3818;1;1;1;1;1;6;28;31;47
3819;1;0;1;1;1;6;28;31;48
3820;0;0;0;1;1;6;28;31;48
3821;0;1;1;1;1;6;28;31;47
3822;0;0;0;1;1;6;27;31;47
3823;1;0;1;1;1;6;27;31;47
3824;1;0;0;0;1;6;28;31;47
3825;0;1;0;1;1;6;29;30;47
3826;0;1;1;0;1;6;29;29;47
3827;1;2;0;0;1;6;29;29;47
3828;0;0;0;1;1;6;28;29;48
3829;1;1;0;1;1;6;28;29;48
3830;1;1;1;1;1;6;28;30;48
3831;0;2;0;0;1;6;28;31;47
3832;1;1;1;0;1;6;28;31;47
3833;1;2;1;1;1;6;28;32;47
3834;1;1;0;0;1;6;28;32;48
3835;0;1;1;1;1;6;28;32;48
3836;1;1;1;1;1;6;28;32;48
3837;1;1;0;0;1;6;28;33;48
3838;0;1;1;1;1;6;28;33;48
3839;1;2;1;1;1;6;28;33;48
3840;0;0;0;1;1;6;27;33;49
3841;1;2;1;1;1;6;27;33;49
3842;1;1;0;1;1;6;27;33;50
3844;1;0;0;0;1;6;27;34;50
3845;0;1;0;1;1;6;28;33;50
3846;1;1;0;0;1;6;28;33;50
3847;0;1;0;0;1;6;28;33;50
3848;0;1;1;1;1;6;28;33;49
3849;0;2;0;0;1;6;28;33;48
3850;0;1;0;0;1;6;28;32;48
3851;1;0;1;1;1;6;28;32;48
3852;0;2;0;1;1;6;29;32;47
3853;1;0;1;1;1;6;29;32;47
3854;1;0;1;1;1;6;30;32;47
3855;0;2;0;1;1;6;31;32;46
3856;0;2;1;1;1;6;31;32;45
3857;1;1;0;1;1;6;31;32;45
3858;1;1;1;0;1;6;31;33;45
3859;1;1;1;0;1;6;31;33;46
3860;0;1;1;1;1;6;31;34;45
3861;0;0;1;0;1;6;30;34;45
3862;1;2;0;0;1;6;30;34;45
3863;1;2;0;1;1;6;30;34;46
3864;0;1;0;1;1;6;30;33;47
3865;0;0;0;0;1;6;29;33;47
3866;1;2;0;0;1;6;29;33;47
3867;0;2;0;0;1;6;29;33;47
3868;1;2;1;1;1;6;29;33;47
3869;1;0;1;0;1;6;29;33;48
3870;0;0;0;0;1;6;29;33;48
3871;1;1;0;0;1;6;29;33;48
3872;0;2;1;0;1;6;29;34;47
3873;0;2;0;0;1;6;29;34;46
3874;0;0;0;0;1;6;28;34;46
3875;0;1;1;1;1;6;28;33;46
3876;0;1;0;1;1;6;28;32;46
3877;1;2;1;0;1;6;28;32;46
3878;1;1;1;1;1;6;28;32;47
3879;1;0;1;0;1;6;28;33;47
3880;1;0;1;0;1;6;29;33;47
3881;1;2;1;0;1;6;30;33;47
3882;1;2;1;0;1;6;30;33;48
3883;0;1;1;1;1;6;30;33;48
3884;0;1;0;1;1;6;30;32;48
3885;0;2;1;1;1;6;30;32;47
3886;1;1;0;0;1;6;30;32;47
3887;1;1;0;0;1;6;30;33;47
3888;1;2;0;0;1;6;30;34;47
3889;1;1;1;1;1;6;30;34;48
3890;0;2;1;1;1;6;30;35;47
3891;1;1;1;0;1;6;30;35;47
3892;0;2;1;1;1;6;30;36;46
3893;0;0;1;0;1;6;29;36;46
3894;1;1;0;1;1;6;29;36;46
3895;0;0;0;1;1;6;29;36;46
3896;1;1;0;1;1;6;29;36;46
3897;1;0;1;0;1;6;29;37;46
3898;1;0;0;1;1;6;30;37;46
3899;0;0;0;0;1;6;30;37;46
3900;1;2;0;0;1;6;30;37;46
3901;0;1;1;1;1;6;30;36;47
3902;1;0;1;1;1;6;30;36;47
3903;0;0;0;0;1;6;30;36;47
3904;1;2;1;0;1;6;30;36;47
3905;1;1;1;1;1;6;30;36;48
3906;0;0;1;1;1;6;29;37;48
3907;0;1;1;0;1;6;29;36;48
3908;0;2;1;0;1;6;29;36;47
3909;0;1;1;0;1;6;29;35;47
3910;1;0;0;1;1;6;29;35;47
3911;1;2;0;1;1;6;30;35;47
3912;0;1;1;0;1;6;30;34;48
3913;1;2;0;0;1;6;30;34;48
3914;0;1;0;0;1;6;30;33;49
3915;1;1;1;1;1;6;30;33;49
3917;0;1;1;0;1;6;30;33;49
3918;0;0;0;1;1;6;29;33;49
3919;1;1;0;1;1;6;29;33;49
3920;1;1;1;1;1;6;29;34;49
3921;1;1;1;1;1;6;29;35;49
3923;0;0;1;1;1;6;28;36;49
3924;1;1;1;1;1;6;28;36;49
3925;1;1;0;1;1;6;28;37;49
3926;1;0;0;1;1;6;28;38;49
3927;1;1;1;0;1;6;29;38;49
3929;0;0;0;0;1;6;28;39;49
3931;1;1;0;1;1;6;28;39;49
3932;1;0;1;1;1;6;28;40;49
3933;1;1;0;1;1;6;29;40;49
3934;0;1;0;0;1;6;29;40;49
3935;0;0;1;1;1;6;28;40;49
3936;1;1;1;1;1;6;28;40;49
3937;0;2;1;0;1;6;28;41;48
3938;1;0;1;1;1;6;28;41;48
3939;1;2;1;1;1;6;28;42;48
3940;1;2;1;1;1;6;28;42;49
3941;1;2;1;1;1;6;28;42;50
3943;1;2;0;0;1;6;28;42;51
3944;1;0;0;1;1;6;28;42;52
3945;1;0;1;1;1;6;29;42;52
3946;1;0;1;0;1;6;30;42;52
3947;0;2;0;0;1;6;31;42;51
3948;0;2;0;1;1;6;31;42;50
3949;0;2;1;0;1;6;31;42;49
3950;0;1;1;1;1;6;31;41;49
3951;0;1;0;1;1;6;31;40;49
3952;0;1;1;1;1;6;31;39;49
3954;1;2;0;0;1;6;31;39;49
3955;0;1;0;0;1;6;31;38;50
3956;0;0;1;1;1;6;30;38;50
3957;0;2;1;1;1;6;30;38;49
3958;1;0;0;0;1;6;30;38;49
3959;1;0;1;1;1;6;31;38;49
3960;1;1;0;1;1;6;32;38;49
3961;1;1;1;0;1;6;32;39;49
3962;1;1;1;0;1;6;32;39;50
3963;1;1;1;1;1;6;32;40;50
3964;0;0;0;0;1;6;31;41;50
3965;1;1;0;1;1;6;31;41;50
3966;0;2;1;0;1;6;31;42;49
3967;0;1;0;1;1;6;31;41;49
3968;1;1;0;0;1;6;31;41;49
3969;1;2;1;1;1;6;31;42;49
3970;1;2;0;0;1;6;31;42;50
3971;0;1;1;0;1;6;31;41;51
3972;1;0;0;0;1;6;31;41;51
3974;0;0;0;1;1;6;31;41;51
3975;1;2;0;0;1;6;31;41;51
3976;1;0;0;1;1;6;31;41;52
3977;1;0;0;0;1;6;31;42;52
3978;0;1;0;1;1;6;32;41;52
3979;1;2;0;0;1;6;32;41;52
3980;1;0;1;1;1;6;32;41;53
3981;0;0;1;1;1;6;32;41;53
3982;1;0;1;1;1;6;32;41;53
3983;0;0;1;1;1;6;32;41;53
3984;0;2;0;0;1;6;32;41;52
3985;1;1;0;1;1;6;32;41;52
3986;0;1;1;0;1;6;32;41;52
3987;1;0;1;0;1;6;32;41;52
3988;1;0;0;0;1;6;33;41;52
3989;1;2;0;1;1;6;34;41;52
3990;1;0;0;0;1;6;34;41;53
3991;0;0;1;1;1;6;34;41;53
3992;0;0;1;0;1;6;33;41;53
3993;1;0;0;0;1;6;33;41;53
3994;1;2;0;0;1;6;34;41;53
3995;1;2;1;0;1;6;34;41;54
3996;1;2;0;1;1;6;34;41;55
3997;1;2;0;0;1;6;34;41;56
3998;1;2;1;0;1;6;34;41;57
3999;1;0;0;1;1;6;34;41;58
4000;0;0;0;1;1;6;34;41;58
4001;1;2;1;0;1;6;34;41;58
4002;1;1;1;0;1;6;34;41;59
4003;1;0;0;0;1;6;34;42;59
4005;1;2;0;0;1;6;35;42;59
4006;0;2;1;0;1;6;35;42;59
4008;0;2;1;0;1;6;35;42;58
4009;1;0;0;0;1;6;35;42;58
4010;1;0;1;1;1;6;36;42;58
4011;0;2;1;1;1;6;37;42;57
4012;1;0;1;0;1;6;37;42;57
4014;1;2;0;1;1;6;38;42;57
4015;1;2;1;0;1;6;38;42;58
4016;0;1;1;1;1;6;38;41;59
4017;0;1;1;1;1;6;38;40;59
4018;1;0;0;1;1;6;38;40;59
4019;1;1;1;1;1;6;39;40;59
4020;1;2;1;1;1;6;39;41;59
4021;1;1;0;1;1;6;39;41;60
4022;1;2;1;1;1;6;39;42;60
4023;1;2;0;1;1;6;39;42;61
4024;1;2;1;1;1;6;39;42;62
4025;0;1;1;0;1;6;39;41;63
4026;0;0;0;0;1;6;38;41;63
4027;1;2;0;0;1;6;38;41;63
4028;1;2;1;0;1;6;38;41;64
4029;0;1;0;0;1;6;38;40;65
4030;0;1;1;1;1;6;38;39;65
4031;0;0;1;1;1;6;37;39;65
4032;1;1;1;1;1;6;37;39;65
4033;0;1;1;0;1;6;37;39;65
4034;1;2;0;0;1;6;37;39;65
4035;0;0;1;0;1;6;36;39;66
4036;1;0;1;1;1;6;36;39;66
4038;0;0;0;0;1;6;36;39;66
4039;1;0;0;0;1;6;36;39;66
4040;1;2;0;0;1;6;37;39;66
4041;1;2;1;1;1;6;37;39;67
4042;0;0;1;1;1;6;37;39;67
4043;1;0;1;0;1;6;37;39;67
4044;1;0;0;1;1;6;38;39;67
4045;1;0;1;0;1;6;39;39;67
4046;1;0;0;1;1;6;40;39;67
4047;0;2;0;1;1;6;41;39;66
4048;1;1;0;1;1;6;41;39;66
4049;0;1;1;0;1;6;41;39;66
4050;1;2;1;1;1;6;41;39;66
4051;1;1;1;0;1;6;41;39;67
4052;1;0;0;0;1;6;41;40;67
4053;0;0;1;1;1;6;41;40;67
4054;1;2;0;1;1;6;41;40;67
4055;0;1;0;1;1;6;41;39;68
4056;0;0;1;0;1;6;40;39;68
4057;0;2;0;0;1;6;40;39;67
4058;0;0;1;0;1;6;39;39;67
4059;1;0;0;1;1;6;39;39;67
4060;1;1;1;1;1;6;40;39;67
4061;0;0;1;0;1;6;39;40;67
4062;0;1;0;1;1;6;39;39;67
4063;0;0;1;1;1;6;38;39;67
4064;0;0;0;1;1;6;37;39;67
4065;1;0;0;1;1;6;37;39;67
4066;1;1;0;1;1;6;38;39;67
4067;0;1;1;1;1;6;38;39;67
4068;0;2;0;0;1;6;38;39;66
4069;1;2;0;0;1;6;38;39;66
4070;0;1;0;1;1;6;38;38;67
4071;1;2;0;1;1;6;38;38;67
4072;1;2;0;1;1;6;38;38;68
4073;1;1;0;0;1;6;38;38;69
4074;0;2;0;0;1;6;38;39;68
4075;1;1;0;0;1;6;38;39;68
4076;0;0;1;0;1;6;37;40;68
4077;0;0;1;1;1;6;37;40;67
4078;0;1;0;1;1;6;37;39;67
4079;0;2;1;0;1;6;37;39;66
4080;1;1;1;1;1;6;37;39;66
4081;1;2;0;0;1;6;37;40;66
4082;1;1;1;1;1;6;37;40;67
4083;0;1;1;0;1;6;37;40;67
4084;0;0;0;1;1;6;36;40;67
4085;1;1;1;0;1;6;36;40;67
4086;0;1;0;0;1;6;36;40;67
4087;1;0;0;0;1;6;36;40;67
4088;1;1;0;0;1;6;37;40;67
4089;1;2;0;0;1;6;37;41;67
4090;1;1;1;1;1;6;37;41;68
4091;0;1;0;0;1;6;37;41;68
4092;1;1;1;1;1;6;37;41;68
4093;0;1;0;1;1;6;37;41;68
4094;0;2;0;0;1;6;37;41;67
4095;0;0;1;0;1;6;36;41;67
4096;1;1;1;0;1;6;36;41;67
4097;0;2;1;0;1;6;36;42;66
4098;0;1;1;0;1;6;36;41;66
4099;0;2;1;1;1;6;36;41;65
4100;1;2;0;1;1;6;36;41;65
4101;1;1;0;0;1;6;36;41;66
4102;0;2;0;0;1;6;36;42;65
4104;1;1;0;0;1;6;36;42;65
4106;1;1;0;0;1;6;36;43;65
4107;1;1;0;1;1;6;36;44;65
4108;0;2;0;0;1;6;36;45;64
4109;0;0;0;0;1;6;35;45;64
4110;1;0;1;1;1;6;35;45;64
4111;1;1;0;0;1;6;36;45;64
4112;0;1;0;1;1;6;36;45;64
4113;0;2;0;1;1;6;36;45;63
4114;0;0;1;1;1;6;35;45;63
4115;1;2;1;1;1;6;35;45;63
4116;0;2;1;0;1;7;35;45;63
4117;0;2;0;1;1;7;35;45;62
4118;0;2;1;1;1;7;35;45;61
4119;1;1;0;0;1;7;35;45;61
4120;1;2;1;0;1;7;35;46;61
4121;1;1;1;0;1;7;35;46;62
4122;0;1;0;1;1;7;35;46;62
4123;1;0;1;0;1;7;35;46;62
4124;0;1;1;1;1;7;35;46;62
4125;0;1;0;0;1;7;35;45;62
4126;1;1;0;1;1;7;35;45;62
4127;1;0;1;1;1;7;35;46;62
4128;0;1;1;1;1;7;35;46;62
4129;0;2;0;0;1;7;35;46;61
4130;1;0;0;1;1;7;35;46;61
4131;1;0;0;0;1;7;36;46;61
4132;1;0;0;0;1;7;37;46;61
4133;1;1;0;0;1;7;38;46;61
4134;0;2;1;0;1;7;38;47;60
4135;0;1;0;0;1;7;38;46;60
4136;1;1;0;1;1;7;38;46;60
4137;0;0;1;0;1;7;37;47;60
4138;0;0;0;1;1;7;36;47;60
4139;1;0;0;1;1;7;36;47;60
4140;1;2;1;1;1;7;37;47;60
4141;1;2;1;1;1;7;37;47;61
4142;0;0;1;1;1;7;37;47;61
4143;0;2;0;1;1;7;37;47;60
4144;0;0;0;1;1;7;36;47;60
4145;0;2;1;1;1;7;36;47;59
4146;0;2;0;0;1;7;36;47;58
4148;0;1;1;0;1;7;36;46;58
4150;1;0;0;0;1;7;36;46;58
4151;0;0;0;1;1;7;36;46;58
4152;0;0;1;0;1;7;35;46;58
4153;1;1;1;0;1;7;35;46;58
4154;0;1;1;1;1;7;35;46;58
4155;0;2;0;0;1;7;35;46;57
4156;1;2;1;1;1;7;35;46;57
4157;0;1;0;0;1;7;35;45;58
4158;0;0;1;1;1;7;34;45;58
4159;0;2;1;0;1;7;34;45;57
4160;0;1;1;1;1;7;34;44;57
4161;1;1;1;1;1;7;34;44;57
4162;1;2;0;1;1;7;34;44;58
4163;1;1;1;1;1;7;34;44;59
4164;0;2;1;1;1;7;34;45;58
4165;0;2;0;0;1;7;34;45;57
4166;1;1;1;1;1;7;34;45;57
4167;0;0;0;1;1;7;33;46;57
4169;0;0;0;1;1;7;32;46;57
4170;1;2;1;0;1;7;32;46;57
4171;1;0;0;0;1;7;32;46;58
4172;1;1;0;1;1;7;33;46;58
4173;0;2;1;0;1;7;33;47;57
4175;0;0;1;1;1;7;32;47;57
4176;1;2;1;0;1;7;32;47;57
4177;1;2;1;1;1;7;32;47;58
4178;0;2;1;0;1;7;32;47;58
4179;1;0;1;1;1;7;32;47;58
4180;0;2;0;0;1;7;32;47;58
4181;0;0;1;0;1;7;31;47;58
4182;0;0;1;0;1;7;30;47;58
4183;1;2;0;0;1;7;30;47;58
4184;1;2;0;0;1;7;30;47;59
4185;0;1;0;0;1;7;30;46;60
4186;0;0;0;1;1;7;30;46;59
4187;1;1;1;0;1;7;30;46;59
4188;0;2;1;1;1;7;30;47;58
4189;0;0;0;1;1;7;29;47;58
4190;1;1;0;1;1;7;29;47;58
4193;1;0;0;1;1;7;29;48;58
4194;1;1;1;1;1;7;30;48;58
4195;1;1;0;0;1;7;30;49;58
4196;0;0;1;0;1;7;29;50;58
4197;0;0;1;0;1;7;28;50;58
4198;0;0;1;0;1;7;27;50;58
4199;1;1;0;0;1;7;27;50;58
4200;1;2;1;0;1;7;27;51;58
4201;0;2;0;1;1;7;27;51;58
4202;1;0;1;1;1;7;27;51;58
4203;0;0;0;0;1;7;27;51;58
4204;0;0;0;1;1;7;26;51;58
4205;1;0;0;0;1;7;26;51;58
4206;0;1;0;1;1;7;27;50;58
4207;0;2;1;1;1;7;27;50;57
4208;0;2;0;1;1;7;27;50;56
4209;0;0;0;0;1;7;26;50;56
4210;0;2;1;0;1;7;26;50;55
4211;0;1;0;1;1;7;26;49;55
4212;0;2;1;1;1;7;26;49;54
4213;0;2;0;0;1;7;26;49;53
4214;1;1;1;1;1;7;26;49;53
4215;0;2;1;0;1;7;26;50;52
4216;1;1;0;1;1;7;26;50;52
4217;1;1;0;0;1;7;26;51;52
4218;1;1;1;0;1;7;26;52;52
4219;0;1;0;1;1;7;26;52;52
4220;1;0;0;0;1;7;26;52;52
4222;0;2;0;1;1;7;27;52;51
4223;0;1;1;0;1;7;27;51;51
4224;0;0;0;0;1;7;26;51;51
4225;0;0;1;0;1;7;25;51;51
4226;1;0;1;0;1;7;25;51;51
4227;0;0;1;0;1;7;25;51;51
4228;1;0;0;1;1;7;25;51;51
4229;0;1;0;0;1;7;26;50;51
4230;1;0;0;0;1;7;26;50;51
4231;0;1;1;0;1;7;27;49;51
4232;0;2;1;0;1;7;27;49;50
4233;0;1;0;0;1;7;27;48;50
4234;0;1;0;1;1;7;27;47;50
4235;1;1;0;1;1;7;27;47;50
4236;0;2;0;0;1;7;27;48;49
4237;1;0;0;1;1;7;27;48;49
4238;0;2;0;1;1;7;28;48;48
4239;0;2;0;0;1;7;28;48;47
4240;0;2;1;0;1;7;28;48;46
4241;0;0;0;0;1;7;27;48;46
4242;0;2;0;0;1;7;27;48;45
4243;1;1;0;1;1;7;27;48;45
4244;0;2;1;1;1;7;27;49;44
4245;0;0;0;0;1;7;26;49;44
4246;1;0;1;0;1;7;26;49;44
4247;0;2;0;1;1;7;27;49;43
4248;0;2;0;1;1;7;27;49;42
4249;0;1;1;1;1;7;27;48;42
4250;1;2;0;0;1;7;27;48;42
4251;0;1;0;1;1;7;27;47;43
4252;0;0;1;1;1;7;26;47;43
4253;1;0;0;1;1;7;26;47;43
4254;0;1;0;0;1;7;27;46;43
4255;0;1;1;0;1;7;27;45;43
4257;1;2;1;0;1;7;27;45;43
4258;1;2;0;1;1;7;27;45;44
4259;1;1;0;0;1;7;27;45;45
4260;1;0;1;1;1;7;27;45;46
4261;0;2;1;0;1;7;28;45;45
4263;0;0;1;1;1;7;28;45;44
4264;1;1;0;0;1;7;28;45;44
4265;0;2;1;0;1;7;28;46;43
4266;1;2;1;1;1;7;28;46;43
4267;0;0;0;1;1;7;27;46;44
4268;0;0;1;1;1;7;26;46;44
4269;1;1;0;0;1;7;26;46;44
4270;1;1;0;1;1;7;26;47;44
4271;0;0;0;0;1;7;25;48;44
4272;0;0;0;1;1;7;24;48;44
4273;0;1;0;1;1;7;24;47;44
4274;0;0;0;1;1;7;23;47;44
4275;0;1;0;1;1;7;23;46;44
4276;0;2;1;0;1;7;23;46;43
4277;0;1;1;0;1;7;23;45;43
4278;1;1;0;1;1;7;23;45;43
4279;1;1;0;1;1;7;23;46;43
4280;0;2;1;0;1;7;23;47;42
4281;0;0;1;1;1;7;22;47;42
4282;1;2;1;1;1;7;22;47;42
4283;0;0;0;0;1;7;21;47;43
4284;0;1;0;0;1;7;21;46;43
4285;0;1;0;1;1;7;21;45;43
4286;0;0;1;1;1;7;20;45;43
4288;1;0;1;1;1;7;20;45;43
4289;1;1;0;0;1;7;21;45;43
4290;1;2;0;1;1;7;21;46;43
4291;1;1;0;1;1;7;21;46;44
4292;1;0;0;0;1;7;21;47;44
4293;0;2;0;0;1;7;22;47;43
4295;1;1;1;0;1;7;22;47;43
4296;1;0;1;0;1;7;22;47;44
4297;0;0;0;0;1;7;22;47;44
4298;1;2;0;0;1;7;22;47;44
4299;0;1;1;0;1;7;22;47;44
4300;0;1;1;1;1;7;22;47;43
4301;0;0;1;1;1;7;21;47;43
4302;0;2;1;0;1;7;21;47;42
4303;0;0;0;0;1;7;20;47;42
4304;1;1;0;1;1;7;20;47;42
4305;0;0;0;0;1;7;19;48;42
4306;1;2;1;1;1;7;19;48;42
4307;1;0;1;1;1;7;19;48;43
4308;1;0;0;0;1;7;20;48;43
4309;0;2;0;1;1;7;21;48;42
4310;1;0;1;0;1;7;21;48;42
4311;0;2;1;0;1;7;21;48;42
4313;0;1;0;1;1;7;21;47;42
4314;0;2;1;0;1;7;21;47;41
4316;1;0;0;1;1;7;21;47;41
4317;0;0;0;1;1;7;21;47;41
4318;0;0;1;0;1;7;20;47;41
4320;0;2;0;0;1;7;20;47;40
4321;1;0;1;1;1;7;20;47;40
4322;0;0;0;0;1;7;20;47;40
4323;0;0;0;0;1;7;19;47;40
4324;0;0;0;1;1;7;18;47;40
4325;0;0;0;1;1;7;17;47;40
4326;1;2;1;1;1;7;17;47;40
4327;0;1;0;0;1;7;17;46;41
4328;0;0;0;0;1;7;16;46;41
4329;1;2;0;0;1;7;16;46;41
4330;0;0;0;0;1;7;15;46;42
4331;1;0;0;1;1;7;15;46;42
4332;0;2;1;0;1;7;16;46;41
4333;1;2;0;0;1;7;16;46;41
4334;1;1;1;1;1;7;16;46;42
4335;0;1;1;0;1;7;16;45;43
4336;1;2;0;1;1;7;16;45;43
4338;1;1;0;0;1;7;16;45;44
4339;1;1;0;1;1;7;16;46;44
4340;1;1;0;0;1;7;16;47;44
4341;0;1;1;0;1;7;16;47;44
4344;0;0;1;1;1;7;15;47;44
4345;1;2;0;0;1;7;15;47;44
4346;1;0;1;0;1;7;15;47;45
4347;1;0;1;1;1;7;16;47;45
4348;0;2;1;1;1;7;17;47;44
4349;0;1;1;1;1;7;17;46;44
4350;0;0;1;1;1;7;16;46;44
4351;1;1;1;0;1;7;16;46;44
4352;1;0;0;0;1;7;16;47;44
4353;1;1;0;0;1;7;17;47;44
4354;1;2;0;0;1;7;17;48;44
4355;0;1;0;1;1;7;17;47;45
4356;1;0;1;0;1;7;17;47;45
4357;1;2;0;0;1;7;18;47;45
4358;0;1;0;1;1;7;18;46;46
4360;1;0;1;1;1;7;18;46;46
4361;1;1;1;1;1;7;19;46;46
4362;1;1;1;0;1;7;19;46;47
4363;0;1;1;0;1;7;19;46;47
4364;1;0;1;1;1;7;19;46;47
4365;0;1;1;1;1;7;20;45;47
4366;0;2;0;0;1;7;20;45;46
4367;0;2;0;0;1;7;20;45;45
4368;1;0;0;1;1;7;20;45;45
4369;1;0;0;1;1;7;21;45;45
4370;1;2;1;1;1;7;22;45;45
4371;0;2;0;1;1;7;22;45;45
4372;1;0;1;0;1;7;22;45;45
4373;1;2;1;0;1;7;23;45;45
4374;1;1;0;0;1;7;23;45;46
4375;1;0;0;1;1;7;23;46;46
4376;0;0;1;0;1;7;24;46;45
4377;0;0;0;0;1;7;23;46;45
4378;0;2;1;1;1;7;23;46;44
4379;0;1;1;1;1;7;23;45;44
4380;1;1;0;0;1;7;23;45;44
4381;0;0;0;1;1;7;22;46;44
4382;0;0;0;1;1;7;21;46;44
4383;1;2;0;0;1;7;21;46;44
4384;0;1;1;1;1;7;21;45;45
4385;1;2;0;1;1;7;21;45;45
4386;0;2;0;0;1;7;21;45;45
4387;0;2;1;1;1;7;21;45;44
4388;0;1;0;0;1;7;21;44;44
4389;0;2;0;0;1;7;21;44;43
4390;1;1;0;0;1;7;21;44;43
4391;0;0;1;1;1;7;20;45;43
4392;1;1;0;1;1;7;20;45;43
4393;0;2;0;0;1;7;20;46;42
4394;0;1;1;1;1;7;20;45;42
4395;0;2;1;1;1;7;20;45;41
4396;1;2;1;0;1;7;20;45;41
4397;1;2;0;1;1;7;20;45;42
4398;0;1;0;0;1;7;20;44;43
4399;1;0;1;1;1;7;20;44;43
4400;1;0;0;1;1;7;20;44;44
4401;1;1;0;0;1;7;21;44;44
4402;0;1;0;1;1;7;21;44;44
4403;1;0;0;0;1;7;21;44;44
4404;0;1;1;0;1;7;22;43;44
4405;0;2;1;1;1;7;22;43;43
4406;0;0;1;1;1;7;21;43;43
4407;1;0;0;0;1;7;21;43;43
4408;0;0;1;1;1;7;21;43;43
4410;1;1;1;0;1;7;21;43;43
4411;0;2;1;0;1;7;21;43;43
4412;0;2;1;0;1;7;21;43;42
4413;1;0;1;1;1;7;21;43;42
4414;0;1;0;1;1;7;22;42;42
4415;1;1;0;0;1;7;22;42;42
4416;0;1;0;0;1;7;22;42;42
4417;0;1;1;1;1;7;22;41;42
4418;1;2;1;1;1;7;22;41;42
4419;1;2;1;0;1;7;22;41;43
4420;0;0;1;0;1;7;21;41;44
4421;0;0;0;1;1;7;20;41;44
4422;1;1;1;1;1;7;20;41;44
4423;1;2;0;0;1;7;20;42;44
4424;1;1;1;1;1;7;20;42;45
4425;1;0;0;1;1;7;20;43;45
4426;0;1;0;0;1;7;21;42;45
4427;1;2;0;1;1;7;21;42;45
4428;0;0;1;1;1;7;20;42;46
4429;0;0;1;0;1;7;19;42;46
4430;1;2;0;1;1;7;19;42;46
4431;0;0;0;0;1;7;18;42;47
4432;1;2;0;0;1;7;18;42;47
4433;1;2;1;0;1;7;18;42;48
4434;1;1;0;0;1;7;18;42;49
4435;0;2;0;0;1;7;18;43;48
4436;0;1;0;1;1;7;18;42;48
4438;0;2;1;1;1;7;18;42;47
4439;0;2;1;0;1;7;18;42;46
4440;1;2;1;1;1;7;18;42;46
4441;0;1;1;0;1;7;18;41;47
4442;0;1;1;0;1;7;18;40;47
4443;1;1;1;0;1;7;18;40;47
4444;1;1;1;1;1;7;18;41;47
4445;0;0;0;1;1;7;17;42;47
4446;1;1;1;1;1;7;17;42;47
4447;0;0;0;0;1;7;16;42;48
4448;0;0;1;0;1;7;16;42;47
4449;1;2;1;1;1;7;16;42;47
4450;1;0;1;1;1;7;16;42;48
4451;1;0;0;0;1;7;17;42;48
4452;0;2;0;1;1;7;18;42;47
4453;1;0;1;0;1;7;18;42;47
4454;1;1;0;1;1;7;18;42;48
4456;0;0;1;0;1;7;18;43;47
4457;1;2;0;1;1;7;18;43;47
4458;0;0;0;1;1;7;17;43;48
4460;1;1;0;1;1;7;17;43;48
4461;1;2;0;1;1;7;17;44;48
4462;0;0;0;1;1;7;16;44;49
4464;0;0;0;0;1;7;15;44;49
4465;1;2;1;0;1;7;15;44;49
4466;1;2;0;0;1;7;15;44;50
4467;1;1;0;1;1;7;15;44;51
4468;0;2;1;0;1;7;15;45;50
4469;0;2;0;1;1;7;15;45;49
4470;0;0;1;1;1;7;14;45;49
4471;1;0;0;1;1;7;14;45;49
4473;0;1;1;1;1;7;15;44;49
4474;0;0;0;0;1;7;14;44;49
4475;1;2;0;0;1;7;14;44;49
4476;1;0;0;0;1;7;14;44;50
4477;1;1;1;1;1;7;15;44;50
4478;1;1;1;1;1;7;15;45;50
4479;0;0;1;1;1;7;14;46;50
4480;1;1;1;1;1;7;14;46;50
4481;0;0;1;0;1;7;13;47;50
4482;0;1;1;1;1;7;13;46;50
4483;0;2;1;1;1;7;13;46;49
4484;0;0;0;0;1;7;12;46;49
4485;0;1;1;0;1;7;12;45;49
4486;0;0;0;0;1;7;11;45;49
4487;0;1;0;1;1;7;11;44;49
4488;1;0;1;0;1;7;11;44;49
4489;0;0;1;0;1;7;11;44;49
4490;1;1;0;0;1;7;11;44;49
4491;0;1;0;1;1;7;11;44;49
4492;1;0;1;1;1;7;11;44;49
4493;1;0;1;1;1;7;12;44;49
4494;1;0;0;1;1;7;13;44;49
4495;0;0;1;0;1;7;13;44;49
4496;1;1;1;1;1;7;13;44;49
4497;0;1;0;1;1;7;13;44;49
4498;0;2;0;0;1;7;13;44;48
4499;0;0;0;0;1;7;12;44;48
4500;0;0;0;0;1;7;11;44;48
4501;0;0;1;1;1;7;10;44;48
4502;0;0;0;1;1;7;9;44;48
4504;0;1;0;0;1;7;9;43;48
4505;0;0;0;1;1;7;8;43;48
4506;0;2;1;1;1;7;8;43;47
4507;0;0;1;0;1;7;7;43;47
4508;1;2;1;1;1;7;7;43;47
4509;1;0;1;1;1;7;7;43;48
4511;1;2;1;1;1;7;8;43;48
4512;1;1;1;0;1;7;8;43;49
4513;0;2;0;1;1;7;8;44;48
4514;1;2;0;0;1;7;8;44;48
4516;0;1;0;0;1;7;8;43;49
4517;1;2;0;0;1;7;8;43;49
4518;0;0;0;0;1;7;7;43;50
4519;1;1;0;0;1;7;7;43;50
4520;0;2;1;0;1;7;7;44;49
4521;0;0;1;1;1;7;6;44;49
4522;1;0;1;1;1;7;6;44;49
4523;0;0;1;1;1;7;6;44;49
4525;0;1;1;1;1;7;6;43;49
4526;0;0;0;1;1;7;5;43;49
4527;1;2;0;0;1;7;5;43;49
4528;1;0;1;0;1;7;5;43;50
4529;0;0;0;1;1;7;5;43;50
4531;0;0;0;0;1;7;4;43;50
4532;0;0;1;0;1;7;3;43;50
4533;0;2;1;1;1;7;3;43;49
4534;1;1;1;0;1;7;3;43;49
4536;1;2;1;0;1;7;3;44;49
4537;0;1;0;0;1;7;3;43;50
4538;1;2;1;1;1;7;3;43;50
4539;1;2;0;0;1;7;3;43;51
4540;1;2;0;0;1;7;3;43;52
4541;0;2;1;1;1;7;3;43;52
4542;1;1;0;0;1;7;3;43;52
4544;1;2;0;1;1;7;3;44;52
4546;0;1;0;0;1;7;3;43;53
4547;1;0;1;1;1;7;3;43;53
4549;0;0;1;1;1;7;3;43;53
4550;1;1;1;1;1;7;3;43;53
4551;0;0;1;1;1;7;3;43;53
4552;1;2;0;0;1;7;3;43;53
4553;0;2;1;1;1;7;3;43;53
4554;1;1;0;0;1;7;3;43;53
4555;0;2;0;1;1;7;3;44;52
4556;1;0;0;0;1;7;3;44;52
4557;1;0;1;1;1;7;4;44;52
4558;0;0;0;1;1;7;4;44;52
4559;0;1;0;1;1;7;4;43;52
4560;1;1;0;0;1;7;4;43;52
4561;1;0;0;0;1;7;4;44;52
4562;0;0;1;0;1;7;4;44;52
4563;0;0;1;1;1;7;3;44;52
4564;0;1;0;1;1;7;3;43;52
4565;1;0;0;1;1;7;3;43;52
4566;1;2;1;1;1;7;4;43;52
4567;1;1;1;0;1;7;4;43;53
4568;1;2;0;0;1;7;4;43;54
4569;0;0;1;0;1;7;4;43;54
4570;1;1;1;0;1;7;4;43;54
4571;0;1;1;0;1;7;4;44;53
4572;1;2;1;0;1;7;4;44;53
4573;1;2;1;1;1;7;4;44;54
4574;0;0;1;1;1;7;3;44;55
4575;1;1;1;1;1;7;3;44;55
4576;1;2;1;1;1;7;3;45;55
4577;0;1;1;1;1;7;3;44;56
4578;1;2;0;0;1;7;3;44;56
4579;0;1;0;1;1;7;3;43;57
4580;0;1;1;0;1;7;3;42;57
4581;0;0;1;1;1;7;2;42;57
4582;0;0;0;0;1;7;1;42;57
4583;1;0;1;0;1;7;1;42;57
4584;0;2;0;1;1;7;2;42;56
4585;0;2;1;0;1;7;2;42;55
4586;0;0;1;0;1;7;1;42;55
4587;0;0;0;1;1;7;1;41;55
4588;1;2;1;0;1;7;1;41;55
4589;1;1;0;0;1;7;1;41;56
4590;0;2;0;0;1;7;1;42;55
4591;0;1;0;1;1;7;1;41;55
4592;0;1;0;0;1;7;1;40;55
4594;1;2;0;0;1;7;1;40;55
4595;1;2;1;0;1;7;1;40;56
4596;1;1;0;0;1;7;1;40;57
4597;1;2;1;1;1;7;1;41;57
4598;0;2;1;0;1;7;1;41;57
4599;1;2;1;1;1;7;1;41;57
4600;0;1;1;0;1;7;1;41;57
4601;0;0;0;1;1;7;1;40;57
4602;0;2;1;0;1;7;1;40;56
4603;1;0;0;0;1;7;1;40;56
4604;0;0;0;0;1;7;1;40;56
4605;1;0;0;1;1;7;1;40;56
4606;0;1;1;1;1;7;2;39;56
4607;1;1;1;1;1;7;2;39;56
4608;1;2;1;1;1;7;2;40;56
4609;1;1;1;0;1;7;2;40;57
4610;1;2;0;1;1;7;2;41;57
4611;1;0;1;0;1;7;2;41;58
4613;1;1;0;1;1;7;3;41;58
4614;0;0;0;1;1;7;2;42;58
4615;1;0;1;1;1;7;2;42;58
4616;1;0;1;1;1;7;3;42;58
4617;0;2;0;0;1;7;4;42;57
4618;0;2;1;0;1;7;4;42;56
4619;1;1;1;0;1;7;4;42;56
4620;1;1;0;0;1;7;4;43;56
4621;0;2;0;1;1;7;4;44;55
4622;0;2;0;0;1;7;4;44;54
4623;1;2;1;1;1;7;4;44;54
4624;1;2;0;0;1;7;4;44;55
4625;1;2;0;1;1;7;4;44;56
4626;0;1;1;0;1;7;4;44;56
4627;1;0;1;0;1;7;4;44;56
4628;1;2;1;0;1;7;5;44;56
4629;0;0;1;0;1;7;4;44;57
4630;1;1;1;1;1;7;4;44;57
4631;1;2;0;1;1;7;4;45;57
4632;1;0;1;0;1;7;4;45;58
4633;1;1;1;0;1;7;5;45;58
4634;0;0;1;1;1;7;4;46;58
4635;0;2;1;0;1;7;4;46;57
4636;0;1;1;1;1;7;4;45;57
4637;0;0;1;0;1;7;3;45;57
4638;0;0;0;0;1;7;2;45;57
4639;0;2;0;0;1;7;2;45;56
4640;1;0;1;1;1;7;2;45;56
4641;1;0;1;0;1;7;3;45;56
4642;1;1;0;1;1;7;4;45;56
4644;0;1;1;0;1;7;4;45;56
4645;1;1;1;0;1;7;4;45;56
4647;0;1;0;0;1;7;4;45;56
4648;1;0;0;0;1;7;4;45;56
4649;1;1;0;1;1;7;5;45;56
4650;1;1;1;0;1;7;5;46;56
4651;0;2;0;0;1;7;5;47;55
4652;1;2;1;1;1;7;5;47;55
4654;0;0;0;0;1;7;4;47;56
4655;1;1;1;1;1;7;4;47;56
4656;0;2;0;0;1;7;4;48;55
4658;1;2;0;0;1;7;4;48;55
4659;1;1;0;0;1;7;4;48;56
4660;0;1;0;1;1;7;4;48;56
4661;0;1;1;1;1;7;4;47;56
4662;0;0;0;0;1;7;3;47;56
4663;1;2;0;0;1;7;3;47;56
4664;1;1;0;1;1;7;3;47;57
4665;1;0;0;1;1;7;3;48;57
4666;1;2;0;0;1;7;4;48;57
4667;1;2;1;0;1;7;4;48;58
4668;1;0;1;0;1;7;4;48;59
4669;0;1;1;1;1;7;5;47;59
4670;1;2;1;0;1;7;5;47;59
4671;1;0;1;1;1;7;5;47;60
4672;0;2;0;1;1;7;6;47;59
4673;0;2;0;0;1;7;6;47;58
4674;1;1;0;0;1;7;6;47;58
4675;0;2;0;1;1;7;6;48;57
4677;1;2;0;0;1;7;6;48;57
4678;0;2;0;1;1;7;6;48;57
4679;0;2;0;0;1;7;6;48;56
4680;1;1;1;1;1;7;6;48;56
4681;1;0;1;0;1;7;6;48;57
4682;1;0;1;1;1;7;6;49;57
4683;1;2;1;1;1;7;7;49;57
4684;0;2;0;0;1;7;7;49;57
4685;1;1;1;1;1;7;7;49;57
4686;1;2;1;1;1;7;7;50;57
4687;0;2;1;0;1;7;7;50;57
4688;1;0;0;0;1;7;7;50;57
4689;1;0;0;0;1;7;8;50;57
4690;0;1;0;1;1;7;9;49;57
4691;0;1;0;0;1;7;9;48;57
4692;1;1;1;0;1;7;9;48;57
4693;1;1;1;0;1;7;9;49;57
4694;0;0;0;0;1;7;8;49;58
4695;0;1;1;1;1;7;8;48;58
4697;0;2;1;1;1;7;8;48;57
4698;0;1;1;1;1;7;8;47;57
4699;1;2;0;1;1;7;8;47;57
4700;1;2;1;1;1;7;8;47;58
4701;1;1;1;1;1;7;8;47;59
4702;1;2;1;0;1;7;8;48;59
4703;0;2;0;1;1;7;8;48;59
4704;0;0;0;0;1;8;7;48;59
4705;0;2;1;1;1;8;7;48;58
4706;1;1;0;1;1;8;7;48;58
4707;0;0;0;0;1;8;6;49;58
4708;0;1;0;1;1;8;6;48;58
4709;0;0;0;0;1;8;5;48;58
4710;1;2;0;1;1;8;5;48;58
4711;1;0;1;1;1;8;5;48;59
4712;0;2;1;1;1;8;6;48;58
4713;1;0;1;0;1;8;6;48;58
4714;1;2;0;1;1;8;7;48;58
4715;0;0;0;0;1;8;6;48;59
4716;1;2;1;0;1;8;6;48;59
4717;0;2;1;0;1;8;6;48;59
4718;1;2;0;1;1;8;6;48;59
4719;0;0;0;1;1;8;5;48;60
4720;1;1;1;0;1;8;5;48;60
4721;0;0;0;1;1;8;4;49;60
4722;0;0;0;0;1;8;3;49;60
4723;1;0;0;1;1;8;3;49;60
4724;0;1;0;1;1;8;4;48;60
4725;0;2;1;1;1;8;4;48;59
4726;0;1;1;0;1;8;4;47;59
4727;0;0;0;1;1;8;3;47;59
4728;1;0;1;1;1;8;3;47;59
4729;0;1;1;0;1;8;4;46;59
4730;0;1;1;0;1;8;4;45;59
4731;1;0;1;0;1;8;4;45;59
4732;0;1;0;1;1;8;5;44;59
4733;1;0;0;1;1;8;5;44;59
4734;0;2;0;0;1;8;6;44;58
4735;0;2;1;1;1;8;6;44;57
4736;1;1;0;1;1;8;6;44;57
4737;0;0;0;0;1;8;5;45;57
4738;0;1;0;0;1;8;5;44;57
4739;0;1;1;1;1;8;5;43;57
4740;0;0;1;0;1;8;4;43;57
4741;1;1;1;0;1;8;4;43;57
4742;0;2;1;0;1;8;4;44;56
4743;0;1;1;0;1;8;4;43;56
4744;0;0;1;0;1;8;3;43;56
4745;0;2;0;0;1;8;3;43;55
4746;0;1;0;1;1;8;3;42;55
4747;0;2;1;0;1;8;3;42;54
4748;0;2;1;1;1;8;3;42;53
4749;1;1;1;0;1;8;3;42;53
4750;0;1;0;1;1;8;3;42;53
4751;1;0;0;1;1;8;3;42;53
4752;0;2;0;0;1;8;4;42;52
4753;0;0;1;0;1;8;3;42;52
4754;0;2;0;1;1;8;3;42;51
4755;1;1;1;0;1;8;3;42;51
4756;0;2;0;0;1;8;3;43;50
4757;0;0;0;0;1;8;2;43;50
4758;0;2;1;0;1;8;2;43;49
4759;0;0;1;1;1;8;1;43;49
4760;0;0;0;0;1;8;1;42;49
4761;0;0;1;1;1;8;1;41;49
4762;0;0;0;0;1;8;1;40;49
4763;0;2;0;0;1;8;1;40;48
4764;1;1;0;1;1;8;1;40;48
4765;0;1;0;1;1;8;1;40;48
4766;0;2;0;0;1;8;1;40;47
4767;1;1;1;0;1;8;1;40;47
4768;0;2;0;1;1;8;1;41;46
4769;0;1;1;0;1;8;1;40;46
4770;0;1;1;1;1;8;1;39;46
4771;0;1;1;0;1;8;1;38;46
4772;1;2;0;1;1;8;1;38;46
4773;0;1;0;1;1;8;1;37;47
4774;0;2;1;1;1;8;1;37;46
4775;1;1;0;0;1;8;1;37;46
4776;1;0;1;0;1;8;1;38;46
4777;0;0;1;0;1;8;1;38;46
4778;1;0;1;1;1;8;1;38;46
4779;0;1;1;1;1;8;2;37;46
4780;0;1;1;0;1;8;2;36;46
4781;1;1;1;1;1;8;2;36;46
4782;1;2;1;1;1;8;2;37;46
4783;0;0;0;1;1;8;1;37;47
4784;1;2;0;1;1;8;1;37;47
4785;0;0;0;1;1;8;1;36;48
4786;0;0;1;1;1;8;1;35;48
4787;0;2;1;0;1;8;1;35;47
4788;0;2;1;1;1;8;1;35;46
4789;1;2;0;1;1;8;1;35;46
4790;0;2;0;0;1;8;1;35;46
4791;1;1;1;1;1;8;1;35;46
4792;0;0;0;1;1;8;1;35;46
4793;0;1;0;1;1;8;1;34;46
4794;0;1;1;0;1;8;1;33;46
4795;1;2;0;0;1;8;1;33;46
4796;1;2;0;0;1;8;1;33;47
4797;1;2;0;0;1;8;1;33;48
4798;0;0;0;1;1;8;1;32;49
4799;0;1;0;0;1;8;1;31;49
4800;0;2;1;0;1;8;1;31;48
4801;0;2;0;0;1;8;1;31;47
4802;0;1;0;1;1;8;1;30;47
4803;0;2;1;0;1;8;1;30;46
4804;1;1;0;0;1;8;1;30;46
4805;1;1;1;1;1;8;1;31;46
4806;1;2;1;0;1;8;1;31;47
4807;1;1;0;0;1;8;1;31;48
4808;0;0;1;0;1;8;1;32;47
4809;0;0;1;0;1;8;1;32;46
4810;0;0;0;1;1;8;1;31;46
4811;0;2;0;1;1;8;1;31;45
4812;1;2;1;0;1;8;1;31;45
4813;0;2;0;0;1;8;1;31;45
4814;1;1;0;0;1;8;1;31;45
4815;0;0;0;1;1;8;1;31;45
4816;1;2;1;1;1;8;1;31;45
4817;1;0;0;1;1;8;1;31;46
4818;0;1;1;0;1;8;2;30;46
4819;0;2;0;1;1;8;2;30;45
4820;1;0;1;1;1;8;2;30;45
4821;0;1;1;1;1;8;3;29;45
4822;1;0;1;1;1;8;3;29;45
4823;1;1;1;1;1;8;3;30;45
4824;0;1;1;1;1;8;3;30;45
4825;0;1;1;1;1;8;3;29;45
4826;1;2;0;0;1;8;3;29;45
4827;0;0;0;0;1;8;2;29;46
4828;0;0;1;0;1;8;1;29;46
4829;0;0;1;0;1;8;1;28;46
4830;1;1;1;1;1;8;1;28;46
4831;0;2;0;0;1;8;1;28;46
4832;0;2;0;1;1;8;1;28;45
4833;1;1;0;1;1;8;1;28;45
4834;1;0;0;0;1;8;1;29;45
4835;0;0;1;1;1;8;2;29;44
4836;0;0;0;0;1;8;1;29;44
4837;1;0;0;1;1;8;1;29;44
4838;1;0;1;0;1;8;2;29;44
4839;0;2;1;0;1;8;2;29;44
4840;0;2;0;0;1;8;2;29;43
4841;0;1;1;1;1;8;2;28;43
4842;0;0;1;1;1;8;1;28;43
4843;1;0;1;0;1;8;1;28;43
4844;0;1;0;0;1;8;2;27;43
4845;0;1;1;1;1;8;2;26;43
4846;0;0;0;1;1;8;1;26;43
4847;1;0;1;0;1;8;1;26;43
4848;1;0;0;1;1;8;2;26;43
4849;1;0;0;1;1;8;2;27;43
4850;1;2;0;0;1;8;3;27;43
4851;1;2;1;1;1;8;3;27;44
4852;1;2;1;0;1;8;3;27;45
4853;0;1;1;1;1;8;3;27;45
4854;0;2;0;0;1;8;3;27;44
4855;1;0;0;1;1;8;3;27;44
4856;1;2;1;1;1;8;4;27;44
4857;1;1;0;0;1;8;4;27;45
4858;0;1;0;1;1;8;4;27;45
4859;1;1;1;0;1;8;4;27;45
4860;0;0;1;1;1;8;3;28;45
4861;0;0;1;1;1;8;2;28;45
4862;0;2;1;0;1;8;2;28;44
4863;0;1;1;0;1;8;2;27;44
4864;1;1;1;1;1;8;2;27;44
4865;0;0;0;0;1;8;1;28;44
4866;0;2;0;1;1;8;1;28;43
4867;1;2;0;1;1;8;1;28;43
4868;0;1;1;1;1;8;1;27;44
4869;0;1;1;1;1;8;1;26;44
4870;0;2;1;1;1;8;1;26;43
4871;0;0;1;1;1;8;1;25;43
4872;1;2;0;1;1;8;1;25;43
4873;0;1;0;1;1;8;1;24;44
4874;1;2;1;1;1;8;1;24;44
4875;0;2;0;1;1;8;1;24;44
4876;0;2;0;1;1;8;1;24;43
4877;0;2;0;0;1;8;1;24;42
4878;0;2;1;0;1;8;1;24;41
4879;1;1;1;0;1;8;1;24;41
4880;0;0;0;1;1;8;1;24;41
4881;0;1;0;1;1;8;1;23;41
4882;0;0;0;0;1;8;1;22;41
4883;0;0;0;0;1;8;1;21;41
4884;0;1;1;1;1;8;1;20;41
4885;1;0;1;1;1;8;1;20;41
4886;0;0;1;0;1;8;1;20;41
4887;0;1;0;0;1;8;1;19;41
4888;0;0;0;1;1;8;1;18;41
4889;0;2;0;1;1;8;1;18;40
4890;0;2;0;0;1;8;1;18;39
4891;1;0;1;0;1;8;1;18;39
4892;1;2;1;0;1;8;2;18;39
4893;1;1;0;1;1;8;2;18;40
4894;0;0;0;0;1;8;1;19;40
4895;0;0;0;1;1;8;1;18;40
4896;0;0;1;0;1;8;1;17;40
4897;0;1;0;0;1;8;1;16;40
4898;1;1;0;0;1;8;1;16;40
4899;1;0;1;0;1;8;1;17;40
4900;1;2;0;0;1;8;2;17;40
4901;0;0;1;1;1;8;1;17;41
4902;0;1;0;0;1;8;1;16;41
4903;0;1;1;0;1;8;1;15;41
4904;0;0;0;0;1;8;1;14;41
4905;0;1;1;1;1;8;1;13;41
4906;1;1;0;0;1;8;1;13;41
4907;1;2;0;1;1;8;1;14;41
4908;0;2;0;1;1;8;1;14;41
4909;1;0;0;0;1;8;1;14;41
4910;0;2;0;1;1;8;2;14;40
4911;0;2;0;0;1;8;2;14;39
4912;0;0;0;1;1;8;1;14;39
4913;1;2;0;0;1;8;1;14;39
4914;1;1;0;0;1;8;1;14;40
4915;1;0;0;0;1;8;1;15;40
4916;0;2;0;0;1;8;2;15;39
4917;0;2;0;1;1;8;2;15;38
4918;0;2;0;0;1;8;2;15;37
4919;1;1;0;0;1;8;2;15;37
4920;0;1;1;0;1;8;2;15;37
4921;1;2;1;1;1;8;2;15;37
4922;0;1;0;0;1;8;2;14;38
4923;1;1;0;0;1;8;2;14;38
4924;0;0;0;0;1;8;1;14;39
4925;0;1;1;1;1;8;1;13;39
4926;0;1;1;1;1;8;1;12;39
4927;1;2;1;1;1;8;1;12;39
4928;1;1;0;1;1;8;1;12;40
4929;0;0;1;1;1;8;1;12;40
4930;0;1;0;0;1;8;1;11;40
4931;1;0;1;0;1;8;1;11;40
4932;0;1;0;0;1;8;2;10;40
4933;0;2;0;0;1;8;2;10;39
4934;0;2;0;1;1;8;2;10;38
4935;0;2;1;1;1;8;2;10;37
4936;0;0;1;1;1;8;1;10;37
4937;0;1;1;0;1;8;1;9;37
4938;1;0;0;1;1;8;1;9;37
4939;0;1;0;0;1;8;2;8;37
4940;1;2;1;0;1;8;2;8;37
4941;0;1;1;1;1;8;2;7;38
4942;1;1;1;1;1;8;2;7;38
4943;0;0;0;1;1;8;1;8;38
4944;0;1;0;0;1;8;1;7;38
4945;0;2;0;1;1;8;1;7;37
4946;0;2;1;1;1;8;1;7;36
4947;1;0;1;1;1;8;1;7;36
4948;0;2;1;1;1;8;2;7;35
4949;1;1;1;1;1;8;2;7;35
4950;1;1;1;1;1;8;2;8;35
4951;1;0;1;0;1;8;2;9;35
4952;0;0;0;0;1;8;2;9;35
4953;0;0;0;1;1;8;1;9;35
4954;1;1;0;1;1;8;1;9;35
4955;1;0;1;0;1;8;1;10;35
4956;0;2;1;0;1;8;2;10;34
4957;1;0;0;0;1;8;2;10;34
4958;1;2;0;1;1;8;3;10;34
4959;1;1;0;1;1;8;3;10;35
4960;0;1;0;0;1;8;3;10;35
4961;1;0;1;0;1;8;3;10;35
4962;0;1;0;0;1;8;4;9;35
4963;1;0;0;0;1;8;4;9;35
4964;1;1;1;1;1;8;5;9;35
4965;1;2;1;0;1;8;5;10;35
4966;0;1;1;0;1;8;5;9;36
4967;0;2;1;1;1;8;5;9;35
4968;1;2;0;1;1;8;5;9;35
4969;0;0;0;1;1;8;4;9;36
4970;1;2;0;0;1;8;4;9;36
4971;1;0;1;0;1;8;4;9;37
4972;1;1;1;0;1;8;5;9;37
4973;1;2;0;0;1;8;5;10;37
4974;1;2;1;1;1;8;5;10;38
4975;0;1;1;1;1;8;5;9;39
4976;1;1;1;1;1;8;5;9;39
4977;1;2;1;0;1;8;5;9;40
4978;0;0;0;1;1;8;4;9;41
4979;0;1;1;0;1;8;4;9;40
4980;0;0;0;0;1;8;3;9;40
4981;0;0;1;0;1;8;2;9;40
4982;1;0;0;0;1;8;2;9;40
4983;1;1;1;0;1;8;3;9;40
4984;1;2;1;0;1;8;3;9;41
4985;1;2;0;1;1;8;3;9;42
4986;1;1;0;1;1;8;3;9;43
4987;0;2;1;1;1;8;3;10;42
4988;1;1;1;0;1;8;3;10;42
4989;0;0;1;1;1;8;2;10;43
4990;1;1;1;0;1;8;2;10;43
4991;1;0;0;1;1;8;2;11;43
4992;1;1;0;0;1;8;3;11;43
4993;1;0;1;0;1;8;3;12;43
4994;0;2;0;0;1;8;4;12;42
4995;1;1;1;0;1;8;4;12;42
4996;1;0;0;0;1;8;4;13;42
4997;0;2;0;1;1;8;5;13;41
4998;1;0;1;1;1;8;5;13;41
4999;1;2;0;1;1;8;6;13;41
5000;0;2;0;0;1;8;6;13;41
5001;1;0;1;1;1;8;6;13;41
5002;1;0;0;0;1;8;7;13;41
5003;1;0;1;0;1;8;8;13;41
5004;0;2;0;1;1;8;9;13;40
5005;1;2;1;0;1;8;9;13;40
5006;0;2;0;1;1;8;9;13;40
5007;1;1;1;1;1;8;9;13;40
5008;1;1;0;1;1;8;9;14;40
5009;1;2;0;1;1;8;9;15;40
5010;1;1;0;0;1;8;9;15;41
5011;0;2;1;1;1;8;9;16;40
5012;0;1;1;0;1;8;9;15;40
5013;0;0;0;0;1;8;8;15;40
5014;0;2;1;0;1;8;8;15;39
5015;1;0;1;0;1;8;8;15;39
5016;1;1;0;1;1;8;9;15;39
5017;1;0;1;1;1;8;9;16;39
5018;0;0;0;1;1;8;8;17;39
5019;0;1;0;1;1;8;8;16;39
5020;0;1;1;0;1;8;8;15;39
5021;0;0;0;1;1;8;7;15;39
5022;0;1;0;0;1;8;7;14;39
5023;0;1;1;0;1;8;7;13;39
5024;1;2;1;1;1;8;7;13;39
5025;1;0;0;1;1;8;7;13;40
5026;0;2;1;0;1;8;8;13;39
5027;0;0;0;1;1;8;7;13;39
5028;0;1;1;1;1;8;7;12;39
5029;0;1;0;0;1;8;7;11;39
5030;1;1;0;1;1;8;7;11;39
5031;0;2;1;0;1;8;7;12;38
5032;0;2;0;1;1;8;7;12;37
5033;0;2;1;0;1;8;7;12;36
5034;1;1;0;1;1;8;7;12;36
5035;1;2;0;1;1;8;7;13;36
5036;0;0;0;0;1;8;6;13;37
5037;1;0;1;0;1;8;6;13;37
5038;0;0;1;0;1;8;5;13;38
5039;0;1;0;0;1;8;5;12;38
5040;0;0;1;0;1;8;4;12;38
5041;1;1;0;0;1;8;4;12;38
5042;0;2;0;1;1;8;4;13;37
5043;0;0;1;1;1;8;3;13;37
5044;1;1;1;1;1;8;3;13;37
5045;0;2;1;1;1;8;3;14;36
5046;1;0;1;0;1;8;3;14;36
5047;0;0;1;1;1;8;3;14;36
5048;0;0;0;1;1;8;2;14;36
5049;0;0;0;0;1;8;1;14;36
5050;0;2;1;0;1;8;1;14;35
5051;1;0;0;1;1;8;1;14;35
5052;0;1;0;0;1;8;2;13;35
5053;0;1;0;0;1;8;2;12;35
5054;1;0;0;1;1;8;2;12;35
5055;0;2;1;1;1;8;3;12;34
5056;1;0;1;1;1;8;3;12;34
5057;0;0;1;0;1;8;3;12;34
5058;0;0;0;1;1;8;2;12;34
5059;0;2;1;1;1;8;2;12;33
5060;0;0;0;0;1;8;1;12;33
5061;0;1;0;1;1;8;1;11;33
5062;1;1;1;0;1;8;1;11;33
5063;0;2;1;1;1;8;1;12;32
5064;0;2;0;1;1;8;1;12;31
5065;1;2;1;0;1;8;1;12;31
5066;1;2;0;0;1;8;1;12;32
5067;1;0;0;0;1;8;1;12;33
5068;0;2;0;0;1;8;2;12;32
5069;0;0;0;0;1;8;1;12;32
5070;1;1;1;0;1;8;1;12;32
5071;0;0;1;0;1;8;1;13;31
5072;0;1;1;1;1;8;1;12;31
5073;1;1;1;1;1;8;1;12;31
5074;0;0;1;0;1;8;1;12;31
5075;0;2;0;1;1;8;1;12;30
5076;0;0;1;0;1;8;1;11;30
5077;1;0;1;0;1;8;1;11;30
5078;0;0;0;0;1;8;1;11;30
5079;0;2;1;1;1;8;1;11;29
5080;0;2;1;1;1;8;1;11;28
5081;1;1;0;1;1;8;1;11;28
5082;0;1;0;0;1;8;1;11;28
5083;0;1;0;0;1;8;1;10;28
5084;1;0;1;0;1;8;1;10;28
5085;0;2;0;0;1;8;2;10;27
5086;1;1;1;1;1;8;2;10;27
5087;0;1;0;1;1;8;2;9;28
5088;0;0;1;1;1;8;2;9;27
5089;1;0;0;1;1;8;2;9;27
5090;1;0;0;1;1;8;3;9;27
5091;1;0;0;0;1;8;3;10;27
5092;0;1;0;1;1;8;4;9;27
5093;0;2;0;0;1;8;4;9;26
5094;0;2;0;0;1;8;4;9;25
5095;0;1;0;1;1;8;4;8;25
5096;1;0;1;0;1;8;4;8;25
5097;1;1;1;0;1;8;5;8;25
5098;1;1;0;1;1;8;5;9;25
5099;0;1;0;0;1;8;5;9;25
5100;1;2;1;0;1;8;5;9;25
5101;1;2;0;1;1;8;5;9;26
5102;0;0;1;0;1;8;4;9;27
5103;1;0;1;1;1;8;4;9;27
5104;1;2;1;1;1;8;5;9;27
5105;0;2;0;1;1;8;5;9;27
5106;1;1;0;0;1;8;5;9;27
5107;0;2;0;0;1;8;5;10;26
5108;1;2;1;1;1;8;5;10;26
5109;1;0;1;0;1;8;5;10;27
5110;0;0;0;0;1;8;4;11;27
5111;0;1;1;0;1;8;4;10;27
5112;0;2;1;1;1;8;4;10;26
5113;1;0;1;0;1;8;4;10;26
5114;1;1;0;1;1;8;5;10;26
5115;0;1;1;0;1;8;5;10;26
5116;0;0;0;1;1;8;4;10;26
5117;0;1;1;1;1;8;4;9;26
5118;0;2;1;1;1;8;4;9;25
5119;0;1;1;0;1;8;4;8;25
5120;0;2;0;0;1;8;4;8;24
5121;1;1;0;1;1;8;4;8;24
5122;0;1;1;0;1;8;4;8;24
5123;1;0;1;0;1;8;4;8;24
5124;1;2;1;1;1;8;5;8;24
5125;0;1;1;0;1;8;5;7;25
5126;1;2;1;0;1;8;5;7;25
5127;1;1;0;1;1;8;5;7;26
5128;0;1;1;1;1;8;5;7;26
5129;1;1;1;1;1;8;5;7;26
5130;1;2;1;0;1;8;5;8;26
5131;0;0;1;1;1;8;4;8;27
5132;0;0;1;1;1;8;3;8;27
5133;1;0;1;1;1;8;3;8;27
5134;0;2;1;0;1;8;4;8;26
5135;1;2;0;1;1;8;4;8;26
5136;0;0;1;0;1;8;3;8;27
5137;1;2;1;1;1;8;3;8;27
5138;0;0;1;0;1;8;2;8;28
5139;0;1;1;0;1;8;2;7;28
5140;1;1;0;0;1;8;2;7;28
5141;0;2;0;0;1;8;2;8;27
5142;1;0;0;1;1;8;2;8;27
5143;0;0;0;1;1;8;1;9;27
5144;1;1;1;1;1;8;1;9;27
5145;0;2;1;1;1;8;1;10;26
5146;0;0;1;0;1;8;1;9;26
5147;0;2;0;0;1;8;1;9;25
5148;0;1;0;1;1;8;1;8;25
5149;1;2;0;0;1;8;1;8;25
5150;1;2;1;1;1;8;1;8;26
5151;0;2;1;1;1;8;1;8;26
5152;1;0;0;1;1;8;1;8;26
5153;1;2;1;0;1;8;2;8;26
5154;1;0;0;0;1;8;2;8;27
5155;1;1;1;0;1;8;3;8;27
5156;0;0;0;0;1;8;2;9;27
5157;1;0;1;0;1;8;2;9;27
5158;0;2;1;0;1;8;3;9;26
5159;0;2;1;1;1;8;3;9;25
5160;1;2;0;1;1;8;3;9;25
5161;1;1;0;1;1;8;3;9;26
5162;0;2;1;0;1;8;3;10;25
5163;0;2;1;0;1;8;3;10;24
5164;1;0;0;1;1;8;3;10;24
5165;0;0;0;1;1;8;3;10;24
5166;0;0;0;1;1;8;2;10;24
5167;1;1;0;1;1;8;2;10;24
5168;0;0;1;1;1;8;1;11;24
5169;1;1;1;1;1;8;1;11;24
5170;1;0;0;1;1;8;1;12;24
5171;1;0;0;0;1;8;2;12;24
5172;1;1;0;1;1;8;3;12;24
5173;0;2;1;0;1;8;3;13;23
5174;0;1;0;0;1;8;3;12;23
5175;1;0;0;1;1;8;3;12;23
5176;1;0;1;0;1;8;4;12;23
5177;0;1;1;1;1;8;4;12;23
5178;0;1;1;0;1;8;4;11;23
5179;0;0;0;0;1;8;3;11;23
5180;0;2;0;0;1;8;3;11;22
5181;0;2;1;1;1;8;3;11;21
5182;0;1;1;0;1;8;3;10;21
5183;1;2;0;0;1;8;3;10;21
5184;0;1;1;1;1;8;3;9;22
5185;0;1;1;1;1;8;3;8;22
5186;0;2;0;0;1;8;3;8;21
5187;0;2;1;1;1;8;3;8;20
5188;1;2;1;0;1;8;3;8;20
5189;0;1;0;1;1;8;3;7;21
5190;1;1;0;1;1;8;3;7;21
5191;1;1;0;1;1;8;3;8;21
5192;1;0;1;0;1;8;3;9;21
5193;0;2;1;0;1;8;4;9;20
5194;0;2;1;1;1;8;4;9;19
5195;1;0;0;0;1;8;4;9;19
5196;0;2;1;1;1;8;5;9;18
5197;0;1;0;0;1;8;5;8;18
5198;0;0;1;1;1;8;4;8;18
5199;1;1;0;1;1;8;4;8;18
5200;1;0;1;0;1;8;4;9;18
5201;0;2;1;1;1;8;4;10;17
5202;1;0;0;1;1;8;4;10;17
5203;1;0;1;1;1;8;4;11;17
5204;1;0;0;1;1;8;5;11;17
5205;0;2;1;0;1;8;6;11;16
5206;1;1;0;1;1;8;6;11;16
5207;1;2;0;1;1;8;6;11;17
5208;0;2;0;0;1;8;6;11;17
5209;1;0;0;0;1;8;6;11;17
5210;0;0;1;0;1;8;6;11;17
5211;0;1;0;1;1;8;6;10;17
5212;0;0;1;1;1;8;5;10;17
5213;0;0;1;1;1;8;4;10;17
5214;0;2;0;1;1;8;4;10;16
5215;0;0;0;1;1;8;3;10;16
5216;1;2;1;1;1;8;3;10;16
5217;0;2;1;0;1;8;3;10;16
5218;1;2;1;0;1;8;3;10;16
5219;1;0;1;0;1;8;3;10;17
5220;0;2;1;0;1;8;4;10;16
5221;0;1;0;0;1;8;4;9;16
5222;1;0;0;0;1;8;4;9;16
5223;0;0;0;0;1;8;4;9;16
5224;1;1;0;1;1;8;4;9;16
5225;0;0;1;1;1;8;3;10;16
5226;1;0;1;0;1;8;3;10;16
5227;0;1;0;1;1;8;4;9;16
5228;0;1;0;0;1;8;4;8;16
5229;0;0;1;1;1;8;3;8;16
5230;0;1;0;0;1;8;3;7;16
5231;0;2;1;1;1;8;3;7;15
5232;1;2;1;0;1;8;3;7;15
5233;1;0;1;0;1;8;3;7;16
5234;0;2;1;1;1;8;4;7;15
5235;1;2;0;1;1;8;4;7;15
5236;0;0;0;0;1;8;3;7;16
5237;1;0;1;1;1;8;3;7;16
5238;0;0;0;1;1;8;3;7;16
5239;0;1;0;1;1;8;3;6;16
5240;1;0;0;0;1;8;3;6;16
5241;1;1;1;1;1;8;4;6;16
5242;0;0;1;0;1;8;3;7;16
5243;1;1;1;1;1;8;3;7;16
5244;0;2;0;0;1;8;3;8;15
5245;0;0;0;1;1;8;2;8;15
5246;1;1;1;1;1;8;2;8;15
5247;1;0;0;1;1;8;2;8;16
5248;1;0;0;0;1;8;3;8;16
5249;0;0;0;0;1;8;3;8;16
5250;0;1;0;1;1;8;3;7;16
5251;1;2;1;0;1;8;3;7;16
5252;0;0;1;0;1;8;2;7;17
5253;0;2;0;1;1;8;2;7;16
5254;0;1;0;0;1;8;2;6;16
5255;1;1;0;1;1;8;2;6;16
5256;0;0;0;1;1;8;1;7;16
5257;0;2;0;1;1;8;1;7;15
5258;0;2;0;0;1;8;1;7;14
5259;1;1;0;1;1;8;1;7;14
5260;0;2;1;0;1;8;1;8;13
5261;0;1;1;0;1;8;1;7;13
5262;0;0;1;1;1;8;1;6;13
5263;1;1;0;0;1;8;1;6;13
5264;1;1;0;1;1;8;1;7;13
5265;0;0;1;0;1;8;1;7;13
5266;1;2;0;0;1;8;1;7;13
5267;0;1;0;0;1;8;1;6;14
5268;0;1;1;1;1;8;1;5;14
5269;0;2;1;1;1;8;1;5;13
5270;1;2;0;0;1;8;1;5;13
5271;0;2;0;1;1;8;1;5;13
5272;0;2;1;0;1;8;1;5;12
5273;1;2;0;0;1;8;1;5;12
5274;0;2;1;1;1;8;1;5;12
5275;0;1;1;1;1;8;1;4;12
5276;0;1;1;1;1;8;1;3;12
5277;0;1;0;0;1;8;1;2;12
5278;0;1;0;0;1;8;1;1;12
5279;0;0;1;1;1;8;1;0;12
5280;0;2;1;0;1;8;1;0;11
5281;0;1;1;1;1;8;1;0;10
5282;0;2;0;0;1;8;1;0;9
5283;0;2;1;0;1;8;1;0;8
5284;1;1;1;1;1;8;1;0;8
5285;0;1;0;0;1;8;1;0;8
5286;0;1;0;0;1;8;1;0;7
5287;0;2;0;0;1;8;1;0;6
5288;1;0;1;1;1;8;1;0;6
5289;0;1;1;0;1;8;2;0;5
5290;1;0;1;0;1;8;2;0;5
5291;1;1;0;1;1;8;3;0;5
5292;1;2;1;1;1;9;3;1;5
5293;0;2;1;0;1;9;3;1;5
5294;0;1;1;1;1;9;3;0;5
5295;1;2;1;1;1;9;3;0;5
5296;0;2;0;1;1;9;3;0;5
5297;0;1;1;1;1;9;3;0;4
5298;0;1;1;0;1;9;3;0;3
5299;0;1;1;1;1;9;3;0;2
5300;0;1;0;0;1;9;3;0;1
5301;0;1;0;0;1;9;3;0;0
5302;0;1;0;1;0;9;3;0;0
5303;0;2;0;0;0;9;3;0;0
5304;0;0;0;0;1;9;2;0;0
5305;0;2;1;1;0;9;2;0;0
5306;0;0;1;1;1;9;1;0;0
5307;1;2;1;0;1;9;1;0;0
5308;0;0;1;0;1;9;1;0;0
5309;0;1;0;1;0;9;1;0;0
5310;0;1;1;1;0;9;1;0;0
5311;0;2;1;1;0;9;1;0;0
5312;0;2;0;0;0;9;1;0;0
5313;0;0;1;1;0;9;1;0;0
5314;0;0;1;1;0;9;1;0;0
5315;0;1;0;1;0;9;1;0;0
5316;0;0;0;0;0;9;1;0;0
5317;1;2;1;1;1;9;1;0;0
5318;0;2;1;1;1;9;1;0;0
5319;0;0;0;1;0;9;1;0;0
5320;1;2;1;0;1;9;1;0;0
5321;1;0;1;1;1;9;1;0;1
5322;0;1;1;0;1;9;1;0;1
5323;0;1;1;0;1;9;1;0;0
5324;0;1;0;0;0;9;1;0;0
5325;0;2;0;0;0;9;1;0;0
5326;1;1;0;0;1;9;1;0;0
5327;0;2;0;0;0;9;1;1;0
5328;0;0;0;1;1;9;1;0;0
5329;0;0;0;0;0;9;1;0;0
5330;0;1;0;1;0;9;1;0;0
5331;1;0;0;0;1;9;1;0;0
5332;0;0;0;0;1;9;1;0;0
5333;0;2;1;0;0;9;1;0;0
5334;0;1;1;1;0;9;1;0;0
5335;1;0;1;1;1;9;1;0;0
5336;1;0;0;1;1;9;2;0;0
5337;0;2;1;1;0;9;3;0;0
5338;1;0;1;1;1;9;3;0;0
5339;1;0;0;1;1;9;4;0;0
5340;0;1;1;1;0;9;5;0;0
5341;0;1;1;1;0;9;5;0;0
5342;0;0;0;1;1;9;4;0;0
5343;1;2;1;1;1;9;4;0;0
5344;0;2;0;0;1;9;4;0;0
5345;1;2;1;1;1;9;4;0;0
5346;1;0;0;1;1;9;4;0;1
5347;1;0;1;1;1;9;5;0;1
5348;0;1;1;0;1;9;5;0;1
5349;1;0;0;0;1;9;5;0;1
5350;1;1;1;1;1;9;6;0;1
5351;0;2;1;0;1;9;6;0;1
5352;0;2;0;0;1;9;6;0;0
5353;0;2;1;1;0;9;6;0;0
5354;0;1;0;1;0;9;6;0;0
5355;0;1;1;1;0;9;6;0;0
5356;0;2;0;1;0;9;6;0;0
5357;1;0;1;1;1;9;6;0;0
5358;0;0;0;1;1;9;6;0;0
5359;0;2;0;1;0;9;6;0;0
5360;0;1;1;1;0;9;6;0;0
5361;1;0;1;0;1;9;6;0;0
5362;0;2;0;0;0;9;7;0;0
5363;0;1;1;0;0;9;7;0;0
5364;0;2;1;0;0;9;7;0;0
5365;0;1;0;1;0;9;7;0;0
5366;0;0;1;0;1;9;6;0;0
5367;1;1;0;0;1;9;6;0;0
5368;0;0;1;1;1;9;5;1;0
5369;0;0;0;1;1;9;4;1;0
5370;0;1;1;1;1;9;4;0;0
5371;1;1;1;1;1;9;4;0;0
5372;0;1;0;1;1;9;4;0;0
5373;0;2;0;1;0;9;4;0;0
5374;1;0;0;0;1;9;4;0;0
5375;1;2;1;0;1;9;5;0;0
5376;1;1;0;1;1;9;5;0;1
5377;0;1;0;0;1;9;5;0;1
5378;0;2;1;1;1;9;5;0;0
5379;0;2;0;0;0;9;5;0;0
5380;0;1;1;0;0;9;5;0;0
5381;1;1;0;1;1;9;5;0;0
5382;0;0;1;1;1;9;4;1;0
5383;0;1;1;0;1;9;4;0;0
5384;0;1;0;0;0;9;4;0;0
5385;0;0;0;0;1;9;3;0;0
5386;1;0;1;1;1;9;3;0;0
5387;1;0;1;1;1;9;4;0;0
5388;0;2;0;0;0;9;5;0;0
5389;0;2;1;0;0;9;5;0;0
5390;0;2;0;1;0;9;5;0;0
5391;0;2;0;1;0;9;5;0;0
5392;1;0;0;1;1;9;5;0;0
5393;1;0;1;1;1;9;6;0;0
5394;0;1;1;1;1;9;6;0;0
5395;1;0;0;0;1;9;6;0;0
5396;0;2;0;1;0;9;7;0;0
5397;0;2;1;0;0;9;7;0;0
5398;0;2;1;1;0;9;7;0;0
5399;0;0;0;1;1;9;6;0;0
5400;0;2;1;0;0;9;6;0;0
5401;0;0;0;1;1;9;5;0;0
5402;1;1;1;0;1;9;5;0;0
5403;0;0;0;1;1;9;4;1;0
5404;1;2;0;0;1;9;4;1;0
5405;1;0;1;0;1;9;4;1;1
5406;1;0;1;0;1;9;5;1;1
5407;0;0;1;0;1;9;5;1;1
5408;0;1;1;1;1;9;5;0;1
5409;0;1;0;1;1;9;5;0;0
5410;0;2;1;0;0;9;5;0;0
5411;0;2;0;0;0;9;5;0;0
5412;0;0;1;1;1;9;4;0;0
5413;0;0;0;0;1;9;3;0;0
5414;1;1;0;0;1;9;3;0;0
5415;1;2;1;0;1;9;3;1;0
5416;1;1;1;0;1;9;3;1;1
5417;0;1;0;0;1;9;3;1;1
5418;1;1;0;0;1;9;3;1;1
5419;0;0;0;1;1;9;2;2;1
5420;1;0;0;0;1;9;2;2;1
5421;1;1;1;0;1;9;3;2;1
5422;0;2;0;0;0;9;3;3;1
5423;1;1;1;0;1;9;3;3;1
5424;1;1;0;0;1;9;3;4;1
5425;1;2;1;0;1;9;3;5;1
5426;1;2;0;0;1;9;3;5;2
5427;0;1;1;1;1;9;3;5;2
5428;1;2;1;0;1;9;3;5;2
5429;1;0;0;1;1;9;3;5;3
5430;0;2;1;1;1;9;4;5;2
5431;0;0;0;0;1;9;3;5;2
5432;1;2;1;0;1;9;3;5;2
5433;1;1;1;1;1;9;3;5;3
5434;0;1;1;1;1;9;3;5;3
5435;1;0;0;1;1;9;3;5;3
5436;0;1;1;1;1;9;4;4;3
5437;0;0;1;1;1;9;3;4;3
5438;1;1;0;1;1;9;3;4;3
5439;1;1;1;0;1;9;3;5;3
5440;1;2;1;0;1;9;3;6;3
5441;0;0;0;0;1;9;2;6;4
5442;1;0;0;0;1;9;2;6;4
5443;0;2;0;1;1;9;3;6;3
5444;0;2;1;0;1;9;3;6;2
5445;0;1;1;0;1;9;3;5;2
5446;1;2;1;1;1;9;3;5;2
5447;1;2;1;0;1;9;3;5;3
5448;1;1;1;0;1;9;3;5;4
5449;1;0;0;0;1;9;3;6;4
5450;0;0;1;1;1;9;3;6;4
5451;0;2;0;0;1;9;3;6;3
5452;1;0;0;0;1;9;3;6;3
5453;1;1;1;0;1;9;4;6;3
5454;1;2;0;1;1;9;4;7;3
5455;0;1;0;1;1;9;4;6;4
5456;0;2;1;1;1;9;4;6;3
5457;0;1;0;0;1;9;4;5;3
5458;0;2;0;0;1;9;4;5;2
5459;0;0;1;1;1;9;3;5;2
5460;0;2;1;0;1;9;3;5;1
5461;0;1;1;0;1;9;3;4;1
5462;0;2;0;0;1;9;3;4;0
5463;0;0;0;0;1;9;2;4;0
5464;1;0;1;1;1;9;2;4;0
5465;0;2;1;0;0;9;3;4;0
5466;1;2;0;1;1;9;3;4;0
5467;1;2;1;0;1;9;3;4;1
5468;0;2;1;0;1;9;3;4;1
5469;0;0;1;1;1;9;2;4;1
5470;0;0;0;0;1;9;1;4;1
5471;1;2;1;0;1;9;1;4;1
5472;0;0;0;1;1;9;1;3;2
5473;0;1;1;0;1;9;1;2;2
5474;1;2;0;1;1;9;1;2;2
5475;0;2;0;1;1;9;1;2;2
5476;1;0;0;0;1;9;1;2;2
5477;0;1;1;0;1;9;2;1;2
5478;1;1;0;1;1;9;2;1;2
5479;1;0;0;0;1;9;2;2;2
5480;0;0;1;0;1;9;2;2;2
5481;1;1;1;0;1;9;2;2;2
5482;0;0;1;0;1;9;1;3;2
5483;0;0;0;0;1;9;1;2;2
5484;0;1;1;0;1;9;1;1;2
5485;1;0;0;0;1;9;1;1;2
5486;1;2;1;0;1;9;2;1;2
5487;0;0;1;0;1;9;1;1;3
5488;1;2;1;0;1;9;1;1;3
5489;1;0;1;0;1;9;1;1;4
5490;1;1;0;1;1;9;2;1;4
5491;1;2;0;0;1;9;2;2;4
5492;0;2;1;1;1;9;2;2;4
5493;0;0;1;0;1;9;1;2;4
5494;0;1;1;0;1;9;1;1;4
5495;0;2;0;1;1;9;1;1;3
5496;0;0;1;0;1;9;1;0;3
5497;0;2;1;1;1;9;1;0;2
5498;1;2;1;0;1;9;1;0;2
5499;0;0;1;0;1;9;1;0;2
5500;1;2;0;1;1;9;1;0;2
5501;0;0;1;0;1;9;1;0;2
5502;0;2;1;1;1;9;1;0;1
5503;0;0;0;1;1;9;1;0;0
5504;0;0;1;0;0;9;1;0;0
5505;0;1;0;1;0;9;1;0;0
5506;0;2;0;1;0;9;1;0;0
5507;0;0;0;0;0;9;1;0;0
5508;0;0;1;0;0;9;1;0;0
5509;0;2;1;0;0;9;1;0;0
5510;1;1;0;0;1;9;1;0;0
5511;0;0;0;1;1;9;1;0;0
5512;1;2;0;1;1;9;1;0;0
5513;0;2;1;0;1;9;1;0;0
5514;0;2;0;0;0;9;1;0;0
5515;0;0;0;0;0;9;1;0;0
5516;0;1;0;0;0;9;1;0;0
5517;0;0;1;1;0;9;1;0;0
5518;0;0;0;0;0;9;1;0;0
5519;1;1;1;1;1;9;1;0;0
5520;1;1;1;1;1;9;1;1;0
5521;0;0;0;0;1;9;1;1;0
5522;0;2;1;0;0;9;1;1;0
5523;1;0;0;1;1;9;1;1;0
5524;1;2;1;1;1;9;1;2;0
5525;0;1;1;0;1;9;1;1;1
5526;1;1;0;0;1;9;1;1;1
5527;0;1;0;1;1;9;1;0;2
5528;1;2;1;0;1;9;1;0;2
5529;1;2;0;0;1;9;1;0;3
5530;0;2;1;0;1;9;1;0;3
5531;0;0;0;1;1;9;1;0;2
5532;1;1;1;0;1;9;1;0;2
5533;0;0;0;1;1;9;1;0;2
5534;1;1;1;0;1;9;1;0;2
5535;1;2;1;1;1;9;1;1;2
5536;0;1;0;1;1;9;1;0;3
5537;1;0;0;0;1;9;1;0;3
5538;0;0;0;1;1;9;1;0;3
5539;0;1;1;1;1;9;1;0;2
5540;0;0;0;1;1;9;1;0;1
5541;0;0;0;1;1;9;1;0;0
5542;0;0;1;1;0;9;1;0;0
5543;1;2;0;0;1;9;1;0;0
5544;1;2;0;0;1;9;1;0;1
5545;0;1;0;0;1;9;1;0;1
5546;0;0;1;1;1;9;1;0;0
5547;0;1;0;1;0;9;1;0;0
5548;0;2;1;0;0;9;1;0;0
5549;0;0;1;1;0;9;1;0;0
5550;1;2;0;0;1;9;1;0;0
5551;1;2;0;1;1;9;1;0;1
5552;1;2;1;1;1;9;1;0;2
5553;1;0;0;0;1;9;1;0;3
5554;1;2;0;0;1;9;2;0;3
5555;1;2;1;0;1;9;2;0;4
5556;1;2;0;0;1;9;2;0;5
5557;1;2;1;1;1;9;2;0;6
5558;0;1;1;1;1;9;2;0;6
5559;1;1;1;0;1;9;2;0;6
5560;1;0;1;1;1;9;2;1;6
5561;0;1;0;0;1;9;3;0;6
5562;0;0;0;1;1;9;2;0;6
5563;0;0;0;0;1;9;1;0;6
5564;0;0;0;1;1;9;1;0;5
5565;0;2;0;0;1;9;1;0;4
5566;0;2;1;0;1;9;1;0;3
5567;1;2;0;0;1;9;1;0;3
5568;0;0;0;0;1;9;1;0;3
5569;0;2;0;0;1;9;1;0;2
5570;0;0;0;0;1;9;1;0;1
5571;0;0;0;0;1;9;1;0;0
5572;1;1;0;1;1;9;1;0;0
5573;1;1;1;0;1;9;1;1;0
5574;1;1;0;0;1;9;1;2;0
5575;0;1;1;0;1;9;1;2;0
5576;0;1;1;1;1;9;1;1;0
5577;0;1;0;1;1;9;1;0;0
5578;0;0;0;1;0;9;1;0;0
5579;1;0;0;0;1;9;1;0;0
5580;1;1;1;0;1;9;1;1;0
5581;1;0;1;0;1;9;1;1;1
5582;0;2;0;0;0;9;2;1;1
5583;0;2;1;1;1;9;2;1;0
5584;1;1;0;0;1;9;2;1;0
5585;0;2;0;1;0;9;2;2;0
5586;0;2;1;0;0;9;2;2;0
5587;0;0;1;0;1;9;1;2;0
5588;1;1;1;0;1;9;1;2;0
5589;0;2;1;0;0;9;1;3;0
5590;1;0;0;0;1;9;1;3;0
5591;1;0;1;1;1;9;2;3;0
5592;0;1;0;0;1;9;3;2;0
5593;1;0;1;1;1;9;3;2;0
5594;1;2;1;0;1;9;4;2;0
5595;0;1;1;0;1;9;4;1;1
5596;0;0;1;1;1;9;3;1;1
5597;1;2;0;1;1;9;3;1;1
5598;0;0;0;0;1;9;2;1;2
5599;1;2;0;1;1;9;2;1;2
5600;1;1;1;1;1;9;2;1;3
5601;0;2;1;0;1;9;2;1;3
5602;0;1;0;1;1;9;2;0;3
5603;1;0;1;0;1;9;2;0;3
5604;0;2;0;1;1;9;3;0;2
5605;1;2;1;0;1;9;3;0;2
5606;0;1;1;1;1;9;3;0;2
5607;0;0;0;1;1;9;2;0;2
5608;1;2;0;1;1;9;2;0;2
5609;0;0;1;1;1;9;2;0;2
5610;0;1;1;1;1;9;2;0;1
5611;0;0;0;1;1;9;1;0;1
5612;0;1;0;1;1;9;1;0;0
5613;0;1;0;0;0;9;1;0;0
5614;0;2;0;0;0;9;1;0;0
5615;1;0;0;0;1;9;1;0;0
5616;1;2;1;0;1;9;2;0;0
5617;0;2;1;0;1;9;2;0;0
5618;0;0;1;1;1;9;1;0;0
5619;0;0;1;0;0;9;1;0;0
5620;0;0;1;0;0;9;1;0;0
5621;0;0;0;0;0;9;1;0;0
5622;0;1;0;0;0;9;1;0;0
5623;1;0;0;0;1;9;1;0;0
5624;1;1;0;0;1;9;2;0;0
5625;1;0;0;0;1;9;2;1;0
5626;1;0;1;1;1;9;3;1;0
5627;0;0;0;1;1;9;3;1;0
5628;0;0;1;1;1;9;2;1;0
5629;1;0;0;1;1;9;2;1;0
5630;0;2;0;0;0;9;3;1;0
5631;0;2;1;1;0;9;3;1;0
5632;0;2;1;0;0;9;3;1;0
5633;0;2;0;1;0;9;3;1;0
5634;0;1;1;1;1;9;3;0;0
5635;1;0;0;0;1;9;3;0;0
5636;0;2;0;0;0;9;4;0;0
5637;1;0;0;1;1;9;4;0;0
5638;0;2;1;0;0;9;4;1;0
5639;0;0;1;0;1;9;3;1;0
5640;0;0;1;0;1;9;2;1;0
5641;1;1;0;1;1;9;2;1;0
5642;0;1;1;1;1;9;2;1;0
5643;0;1;1;1;1;9;2;0;0
5644;0;0;1;0;1;9;1;0;0
5645;1;2;0;0;1;9;1;0;0
5646;0;1;1;0;1;9;1;0;0
5647;1;0;0;0;1;9;1;0;0
5648;0;1;1;0;0;9;2;0;0
5649;0;0;1;1;1;9;1;0;0
5650;1;0;1;1;1;9;1;0;0
5651;1;1;1;0;1;9;2;0;0
5652;0;2;0;0;0;9;2;1;0
5653;1;2;1;0;1;9;2;1;0
5654;0;0;1;0;1;9;2;1;0
5655;0;2;1;0;0;9;2;1;0
5656;0;1;1;1;1;9;2;0;0
5657;0;2;1;1;0;9;2;0;0
5658;0;0;1;1;1;9;1;0;0
5659;0;1;1;0;0;9;1;0;0
5660;1;2;0;1;1;9;1;0;0
5661;0;1;0;1;1;9;1;0;0
5662;0;0;0;1;0;9;1;0;0
5663;0;0;1;1;0;9;1;0;0
5664;0;2;0;0;0;9;1;0;0
5665;0;2;1;1;0;9;1;0;0
5666;1;2;1;0;1;9;1;0;0
5667;0;1;0;1;1;9;1;0;0
5668;0;1;1;1;0;9;1;0;0
5669;1;1;1;1;1;9;1;0;0
5670;1;1;0;0;1;9;1;1;0
5671;0;2;0;1;0;9;1;2;0
5672;0;1;0;1;1;9;1;1;0
5673;1;0;1;1;1;9;1;1;0
5674;1;0;0;1;1;9;2;1;0
5675;0;0;0;1;1;9;1;1;1
5676;1;2;0;1;1;9;1;1;1
5677;0;0;0;1;1;9;1;0;2
5678;0;1;0;1;1;9;1;0;1
5679;1;1;0;0;1;9;1;0;1
5680;0;2;0;0;1;9;1;1;0
5681;0;2;1;1;0;9;1;1;0
5682;1;2;1;0;1;9;1;1;0
5683;1;0;0;1;1;9;1;1;1
5684;0;2;0;0;1;9;1;1;1
5685;0;2;0;1;1;9;1;1;0
5686;0;1;0;1;1;9;1;0;0
5687;1;0;1;1;1;9;1;0;0
5688;0;1;0;0;0;9;2;0;0
5689;0;1;0;1;0;9;2;0;0
5690;0;2;1;0;0;9;2;0;0
5691;0;1;0;1;0;9;2;0;0
5692;0;2;0;1;0;9;2;0;0
5693;0;0;0;1;1;9;1;0;0
5694;1;1;0;0;1;9;1;0;0
5695;0;2;1;0;0;9;1;1;0
5696;1;0;0;0;1;9;1;1;0
5697;0;1;1;1;1;9;2;0;0
5698;0;0;0;0;1;9;1;0;0
5699;0;0;0;0;0;9;1;0;0
5700;0;0;0;1;0;9;1;0;0
5701;1;2;0;0;1;9;1;0;0
5702;1;0;1;1;1;9;1;0;1
5703;0;2;1;0;1;9;2;0;0
5704;0;0;1;0;1;9;1;0;0
5705;0;1;1;1;0;9;1;0;0
5706;0;1;0;1;0;9;1;0;0
5707;0;0;1;1;0;9;1;0;0
5708;0;1;1;1;0;9;1;0;0
5709;0;2;0;0;0;9;1;0;0
5710;0;1;0;0;0;9;1;0;0
5711;0;0;1;0;0;9;1;0;0
5712;1;0;0;1;1;9;1;0;0
5713;0;1;1;1;0;9;2;0;0
5714;1;2;1;0;1;9;2;0;0
5715;1;1;0;0;1;9;2;0;1
5716;1;2;1;0;1;9;2;1;1
5717;0;1;1;0;1;9;2;0;2
5718;0;0;1;0;1;9;1;0;2
5719;0;2;1;1;1;9;1;0;1
5720;1;0;1;0;1;9;1;0;1
5721;0;2;1;1;1;9;1;0;1
5722;1;1;0;0;1;9;1;0;1
5723;0;1;0;1;1;9;1;0;1
5724;0;2;0;0;1;9;1;0;0
5725;0;0;1;1;0;9;1;0;0
5726;0;0;1;0;0;9;1;0;0
5727;1;1;0;1;1;9;1;0;0
5728;0;1;1;0;1;9;1;0;0
5729;0;0;0;0;0;9;1;0;0
5730;0;1;1;1;0;9;1;0;0
5731;1;2;0;0;1;9;1;0;0
5732;1;2;1;0;1;9;1;0;1
5733;1;1;1;1;1;9;1;0;2
5734;0;0;1;0;1;9;1;0;2
5735;1;0;1;0;1;9;1;0;2
5736;1;1;0;1;1;9;2;0;2
5737;1;2;0;0;1;9;2;0;3
5738;1;2;1;0;1;9;2;0;4
5739;1;0;1;1;1;9;2;0;5
5740;1;1;1;1;1;9;3;0;5
5741;0;1;1;1;1;9;3;0;5
5742;0;2;1;0;1;9;3;0;4
5743;0;1;1;0;1;9;3;0;3
5744;0;1;0;1;1;9;3;0;2
5745;1;2;1;1;1;9;3;0;2
5746;1;0;1;0;1;9;3;0;3
5747;0;2;0;1;1;9;3;0;3
5748;1;2;1;1;1;9;3;0;3
5749;0;2;1;0;1;9;3;0;3
5750;0;0;1;1;1;9;2;0;3
5751;0;2;1;0;1;9;2;0;2
5752;0;0;1;0;1;9;1;0;2
5753;0;1;1;1;1;9;1;0;1
5754;0;0;0;1;1;9;1;0;0
5755;1;2;0;1;1;9;1;0;0
5756;1;1;0;0;1;9;1;0;1
5757;0;1;1;0;1;9;1;0;1
5758;1;2;0;0;1;9;1;0;1
5759;1;1;0;0;1;9;1;0;2
5760;0;1;1;1;1;9;1;0;2
5761;0;2;1;1;1;9;1;0;1
5762;0;0;0;1;1;9;1;0;0
5763;0;0;1;1;0;9;1;0;0
5764;1;2;0;0;1;9;1;0;0
5765;0;0;0;1;1;9;1;0;0
5766;1;1;1;1;1;9;1;0;0
5767;0;2;0;0;0;9;1;1;0
5768;1;1;1;1;1;9;1;1;0
5769;0;2;0;1;0;9;1;2;0
5770;0;0;0;1;1;9;1;1;0
5771;0;1;0;0;1;9;1;0;0
5772;1;2;0;0;1;9;1;0;0
5773;0;1;1;0;1;9;1;0;0
5774;0;2;1;0;0;9;1;0;0
5775;0;1;1;0;0;9;1;0;0
5776;0;1;0;1;0;9;1;0;0
5777;0;0;1;1;0;9;1;0;0
5778;1;2;0;1;1;9;1;0;0
5779;1;2;0;0;1;9;1;0;1
5780;1;0;1;0;1;9;1;0;2
5781;0;0;1;0;1;9;1;0;2
5782;0;2;0;0;1;9;1;0;1
5783;1;0;1;0;1;9;1;0;1
5784;0;2;0;0;1;9;2;0;0
5785;0;2;0;0;0;9;2;0;0
5786;1;1;1;1;1;9;2;0;0
5787;1;0;0;1;1;9;2;1;0
5788;0;2;0;1;0;9;3;1;0
5789;1;1;1;1;1;9;3;1;0
5790;0;1;1;0;1;9;3;1;0
5791;0;2;0;0;0;9;3;1;0
5792;0;0;1;0;1;9;2;1;0
5793;1;0;1;0;1;9;2;1;0
5794;1;2;0;0;1;9;2;1;1
5795;1;0;1;1;1;9;2;1;2
5796;0;1;0;1;1;9;3;0;2
5797;1;0;1;0;1;9;3;0;2
5798;1;2;1;0;1;9;4;0;2
5799;0;1;1;1;1;9;4;0;2
5800;0;0;0;1;1;9;3;0;2
5801;0;1;0;0;1;9;3;0;1
5802;0;0;1;0;1;9;2;0;1
5803;1;1;1;0;1;9;2;0;1
5804;1;0;1;1;1;9;2;0;2
5805;1;0;1;1;1;9;2;0;3
5806;0;1;1;1;1;9;3;0;2
5807;0;2;1;1;1;9;3;0;1
5808;0;2;0;1;1;9;3;0;0
5809;0;2;1;1;0;9;3;0;0
5810;1;2;1;1;1;9;3;0;0
5811;1;1;1;1;1;9;3;0;1
5812;0;2;1;0;1;9;3;1;0
5813;0;0;1;1;1;9;2;1;0
5814;0;0;1;1;1;9;1;1;0
5815;0;0;0;1;1;9;1;0;0
5816;0;1;0;1;0;9;1;0;0
5817;0;1;0;1;0;9;1;0;0
5818;0;1;0;1;0;9;1;0;0
5819;0;1;0;0;0;9;1;0;0
5820;0;2;1;1;0;9;1;0;0
5821;0;2;1;1;0;9;1;0;0
5822;1;0;0;0;1;9;1;0;0
5823;0;2;0;1;0;9;2;0;0
5824;1;0;0;0;1;9;2;0;0
5825;0;0;0;1;1;9;2;0;0
5826;0;1;1;1;0;9;2;0;0
5827;0;2;1;1;0;9;2;0;0
5828;0;2;0;0;0;9;2;0;0
5829;0;0;0;1;1;9;1;0;0
5830;1;1;1;0;1;9;1;0;0
5831;0;2;1;0;0;9;1;1;0
5832;1;1;1;1;1;9;1;1;0
5833;0;0;0;0;1;9;1;1;0
5834;0;2;1;0;0;9;1;1;0
5835;0;0;1;0;1;9;1;0;0
5836;0;0;0;1;0;9;1;0;0
5837;1;2;0;0;1;9;1;0;0
5838;0;2;1;0;1;9;1;0;0
5839;0;0;1;1;0;9;1;0;0
5840;0;0;1;0;0;9;1;0;0
5841;0;2;1;0;0;9;1;0;0
5842;0;0;0;1;0;9;1;0;0
5843;0;1;1;0;0;9;1;0;0
5844;1;0;1;0;1;9;1;0;0
5845;0;2;1;1;0;9;2;0;0
5846;0;2;1;1;0;9;2;0;0
5847;1;1;1;0;1;9;2;0;0
5848;1;2;0;0;1;9;2;0;1
5849;1;0;1;1;1;9;2;0;2
5850;0;0;0;0;1;9;1;1;2
5851;0;2;1;1;1;9;1;1;1
5852;0;1;1;0;1;9;1;0;1
5853;1;2;0;1;1;9;1;0;1
5854;1;2;1;1;1;9;1;0;2
5855;0;2;0;0;1;9;1;0;2
5856;0;2;1;0;1;9;1;0;1
5857;0;2;0;0;1;9;1;0;0
5858;0;1;1;0;0;9;1;0;0
5859;0;0;0;0;0;9;1;0;0
5860;1;2;1;1;1;9;1;0;0
5861;0;1;0;1;1;9;1;0;0
5862;1;2;0;0;1;9;1;0;0
5863;1;2;0;0;1;9;1;0;1
5864;1;2;0;1;1;9;1;0;2
5865;0;0;1;1;1;9;1;0;2
5866;0;1;1;0;1;9;1;0;1
5867;1;1;0;0;1;9;1;0;1
5868;0;2;0;1;1;9;1;1;0
5869;1;0;1;0;1;9;1;1;0
5870;1;0;0;1;1;9;1;1;1
5871;0;0;0;1;1;9;1;1;1
5872;1;1;1;0;1;9;1;1;1
5873;0;1;0;0;1;9;1;1;1
5874;0;0;0;0;1;9;1;0;1
5875;1;2;1;0;1;9;1;0;1
5876;0;0;1;0;1;9;1;0;1
5877;0;0;0;1;1;9;1;0;0
5878;0;2;0;1;0;9;1;0;0
5879;1;1;0;1;1;9;1;0;0
5880;1;0;0;1;1;10;1;0;1
5881;1;2;1;0;1;10;2;0;1
5882;0;2;1;1;1;10;2;0;1
5883;0;2;0;1;1;10;2;0;0
5884;0;1;1;1;0;10;2;0;0
5885;0;2;1;0;0;10;2;0;0
5886;1;1;0;1;1;10;2;0;0
5887;0;0;0;1;1;10;1;1;0
5888;1;1;1;1;1;10;1;1;0
5889;1;0;0;0;1;10;1;2;0
5890;1;0;1;0;1;10;2;2;0
5891;1;1;1;0;1;10;3;2;0
5892;0;0;0;1;1;10;2;3;0
5893;0;2;0;0;0;10;2;3;0
5894;0;2;0;0;0;10;2;3;0
5895;1;1;1;1;1;10;2;3;0
5896;0;1;1;1;1;10;2;3;0
5897;0;0;1;0;1;10;1;3;0
5898;0;0;0;0;1;10;1;2;0
5899;0;2;0;1;0;10;1;2;0
5900;0;1;1;1;1;10;1;1;0
5901;0;1;1;0;1;10;1;0;0
5902;0;2;1;0;0;10;1;0;0
5903;0;2;0;0;0;10;1;0;0
5904;0;1;1;0;0;10;1;0;0
5905;0;0;1;0;0;10;1;0;0
5906;0;0;0;0;0;10;1;0;0
5907;0;0;1;0;0;10;1;0;0
5908;1;2;0;1;1;10;1;0;0
5909;1;2;1;1;1;10;1;0;1
5910;0;2;1;1;1;10;1;0;1
5911;0;1;0;1;1;10;1;0;0
5912;0;1;0;0;0;10;1;0;0
5913;0;2;0;1;0;10;1;0;0
5914;1;0;1;1;1;10;1;0;0
5915;0;0;0;0;1;10;1;0;0
5916;1;1;1;1;1;10;1;0;0
5917;0;2;0;0;0;10;1;1;0
5918;0;0;1;1;1;10;1;0;0
5919;1;2;1;0;1;10;1;0;0
5920;1;2;0;0;1;10;1;0;1
5921;0;1;0;1;1;10;1;0;1
5922;0;0;1;1;1;10;1;0;0
5923;1;0;0;0;1;10;1;0;0
5924;1;0;0;1;1;10;2;0;0
5925;0;1;1;1;0;10;3;0;0
5926;0;0;0;1;1;10;2;0;0
5927;1;0;0;1;1;10;2;0;0
5928;1;0;0;0;1;10;3;0;0
5929;0;2;1;0;0;10;4;0;0
5930;1;0;0;1;1;10;4;0;0
5931;0;1;1;0;0;10;5;0;0
5932;0;2;0;0;0;10;5;0;0
5933;0;0;1;1;1;10;4;0;0
5934;0;1;0;1;0;10;4;0;0
5935;0;1;0;0;0;10;4;0;0
5936;1;0;0;1;1;10;4;0;0
5937;0;2;0;1;1;10;4;0;0
5938;0;1;0;1;0;10;4;0;0
5939;1;0;1;0;1;10;4;0;0
5940;1;0;1;1;1;10;5;0;0
5941;1;2;1;0;1;10;6;0;0
5942;1;0;0;0;1;10;6;0;1
5943;1;1;1;0;1;10;6;1;1
5944;1;1;0;1;1;10;6;2;1
5945;0;2;0;0;1;10;6;3;0
5946;1;1;1;1;1;10;6;3;0
5947;0;1;1;1;1;10;6;3;0
5948;0;2;0;0;0;10;6;3;0
5949;1;0;1;1;1;10;6;3;0
5950;0;2;0;1;0;10;7;3;0
5951;0;0;1;1;1;10;6;3;0
5952;0;0;1;1;1;10;5;3;0
5953;0;0;1;0;1;10;4;3;0
5954;1;2;1;1;1;10;4;3;0
5955;0;1;1;1;1;10;4;2;1
5956;1;1;1;1;1;10;4;2;1
5957;1;0;0;0;1;10;4;3;1
5958;1;0;1;1;1;10;5;3;1
5959;1;0;1;0;1;10;6;3;1
5960;0;0;1;1;1;10;6;3;1
5961;0;0;1;1;1;10;5;3;1
5962;0;0;1;0;1;10;4;3;1
5963;0;2;0;0;1;10;4;3;0
5964;1;0;0;0;1;10;4;3;0
5965;1;1;1;0;1;10;5;3;0
5966;0;0;1;0;1;10;4;4;0
5967;0;2;0;1;0;10;4;4;0
5968;0;2;0;1;0;10;4;4;0
5969;0;0;0;1;1;10;3;4;0
5970;1;0;0;0;1;10;3;4;0
5971;0;0;0;1;1;10;3;4;0
5972;1;0;1;1;1;10;3;4;0
5973;1;2;0;0;1;10;3;4;1
5974;0;0;0;1;1;10;2;4;2
5975;0;0;0;1;1;10;1;4;2
5976;0;0;1;0;1;10;1;4;1
5977;0;0;1;1;1;10;1;3;1
5978;1;1;0;1;1;10;1;3;1
5979;0;2;0;1;1;10;1;4;0
5980;0;1;1;1;1;10;1;3;0
5981;0;1;1;1;1;10;1;2;0
5982;0;1;0;1;1;10;1;1;0
5983;0;0;0;1;1;10;1;0;0
5984;1;2;1;1;1;10;1;0;0
5985;0;2;0;1;1;10;1;0;0
5986;0;2;0;1;0;10;1;0;0
5987;1;0;0;1;1;10;1;0;0
5988;0;2;0;0;0;10;2;0;0
5989;0;2;0;1;0;10;2;0;0
5990;0;1;0;0;0;10;2;0;0
5991;0;0;1;0;1;10;1;0;0
5992;0;1;0;0;0;10;1;0;0
5993;0;0;1;0;0;10;1;0;0
5994;0;2;1;0;0;10;1;0;0
5995;0;0;0;1;0;10;1;0;0
5996;0;1;0;0;0;10;1;0;0
5997;1;2;1;0;1;10;1;0;0
5998;0;2;1;0;1;10;1;0;0
5999;1;2;1;1;1;10;1;0;0
6000;0;0;0;1;1;10;1;0;0
6001;0;1;1;0;0;10;1;0;0
6002;0;0;0;0;0;10;1;0;0
6003;0;0;0;1;0;10;1;0;0
6004;0;0;0;1;0;10;1;0;0
6005;1;2;0;1;1;10;1;0;0
6006;0;1;1;0;1;10;1;0;0
6007;1;1;1;0;1;10;1;0;0
6008;0;0;1;1;1;10;1;0;0
6009;1;0;0;1;1;10;1;0;0
6010;0;1;0;1;0;10;2;0;0
6011;0;1;0;1;0;10;2;0;0
6012;0;1;1;1;0;10;2;0;0
6013;1;0;1;1;1;10;2;0;0
6014;0;2;1;1;0;10;3;0;0
6015;1;2;1;1;1;10;3;0;0
6016;1;2;1;1;1;10;3;0;1
6017;0;1;1;1;1;10;3;0;1
6018;0;0;1;1;1;10;2;0;1
6019;1;1;1;0;1;10;2;0;1
6020;0;1;0;0;1;10;2;0;1
6021;1;2;0;0;1;10;2;0;1
6022;0;0;1;0;1;10;1;0;2
6023;0;1;0;0;1;10;1;0;1
6024;1;2;1;0;1;10;1;0;1
6025;0;2;0;0;1;10;1;0;1
6026;1;2;1;1;1;10;1;0;1
6027;1;1;1;0;1;10;1;0;2
6028;0;0;0;1;1;10;1;0;2
6029;0;1;1;1;1;10;1;0;1
6030;1;2;0;0;1;10;1;0;1
6031;1;1;0;0;1;10;1;0;2
6032;0;2;1;0;1;10;1;1;1
6033;0;0;1;1;1;10;1;0;1
6034;0;2;0;0;1;10;1;0;0
6035;0;2;1;1;0;10;1;0;0
6036;0;0;1;0;0;10;1;0;0
6037;0;1;1;0;0;10;1;0;0
6038;0;2;0;1;0;10;1;0;0
6039;0;2;1;0;0;10;1;0;0
6040;1;0;0;0;1;10;1;0;0
6041;0;0;1;1;1;10;1;0;0
6042;0;0;1;1;0;10;1;0;0
6043;0;1;1;0;0;10;1;0;0
6044;0;2;1;0;0;10;1;0;0
6045;0;1;1;0;0;10;1;0;0
6046;1;1;1;1;1;10;1;0;0
6047;0;0;1;1;1;10;1;0;0
6048;0;1;0;0;0;10;1;0;0
6049;0;2;1;0;0;10;1;0;0
6050;1;2;0;1;1;10;1;0;0
6051;0;1;0;1;1;10;1;0;0
6052;1;0;0;1;1;10;1;0;0
6053;1;1;1;1;1;10;2;0;0
6054;0;0;1;0;1;10;1;1;0
6055;0;1;1;0;1;10;1;0;0
6056;0;0;0;1;0;10;1;0;0
6057;0;2;1;1;0;10;1;0;0
6058;1;2;1;1;1;10;1;0;0
6059;0;1;1;1;1;10;1;0;0
6060;1;1;1;1;1;10;1;0;0
6061;0;0;0;1;1;10;1;0;0
6062;0;0;0;1;0;10;1;0;0
6063;0;0;0;0;0;10;1;0;0
6064;1;0;0;1;1;10;1;0;0
6065;0;2;1;1;0;10;1;1;0
6066;0;0;1;1;1;10;1;0;0
6067;0;2;1;1;0;10;1;0;0
6068;0;2;1;1;0;10;1;0;0
6069;0;2;0;0;0;10;1;0;0
6070;0;2;1;1;0;10;1;0;0
6071;0;2;1;0;0;10;1;0;0
6072;1;2;0;1;1;10;1;0;0
6073;0;2;0;0;1;10;1;0;0
6074;0;2;0;1;0;10;1;0;0
6075;1;2;0;0;1;10;1;0;0
6076;1;1;0;1;1;10;1;0;1
6077;1;1;0;0;1;10;1;1;1
6078;0;2;1;0;1;10;1;2;0
6079;1;2;0;0;1;10;1;2;0
6080;0;2;1;0;1;10;1;2;0
6081;1;1;1;1;1;10;1;2;0
6082;0;0;1;0;1;10;1;2;0
6083;0;0;0;0;1;10;1;1;0
6084;0;2;0;1;0;10;1;1;0
6085;0;2;0;1;0;10;1;1;0
6086;0;2;1;1;0;10;1;1;0
6087;0;0;1;1;1;10;1;0;0
6088;1;0;1;1;1;10;1;0;0
6089;0;1;0;1;0;10;2;0;0
6090;1;0;0;1;1;10;2;0;0
6091;0;2;0;1;0;10;3;0;0
6092;0;0;1;1;1;10;2;0;0
6093;0;0;1;0;1;10;1;0;0
6094;0;0;0;1;0;10;1;0;0
6095;0;2;0;0;0;10;1;0;0
6096;0;1;1;0;0;10;1;0;0
6097;0;2;0;0;0;10;1;0;0
6098;0;1;0;1;0;10;1;0;0
6099;1;0;1;1;1;10;1;0;0
6100;0;1;0;0;0;10;2;0;0
6101;0;1;1;1;0;10;2;0;0
6102;0;1;1;1;0;10;2;0;0
6103;0;1;0;0;0;10;2;0;0
6104;0;0;1;1;1;10;1;0;0
6105;0;1;1;0;0;10;1;0;0
6106;1;0;0;0;1;10;1;0;0
6107;0;2;1;1;0;10;2;0;0
6108;1;1;0;0;1;10;2;0;0
6109;0;2;0;0;1;10;2;0;0
6110;0;0;0;1;1;10;1;0;0
6111;0;0;0;1;0;10;1;0;0
6112;1;0;1;0;1;10;1;0;0
6113;0;1;1;0;0;10;2;0;0
6114;0;1;1;0;0;10;2;0;0
6115;0;0;0;1;1;10;1;0;0
6116;0;2;0;0;0;10;1;0;0
6117;0;0;0;0;0;10;1;0;0
6118;0;0;0;1;0;10;1;0;0
6119;0;1;0;1;0;10;1;0;0
6120;0;0;0;0;0;10;1;0;0
6121;0;2;1;1;0;10;1;0;0
6122;0;0;0;1;0;10;1;0;0
6123;1;0;0;1;1;10;1;0;0
6124;0;0;1;1;1;10;1;0;0
6125;0;0;0;1;0;10;1;0;0
6126;0;2;0;0;0;10;1;0;0
6127;0;1;0;1;0;10;1;0;0
6128;0;2;1;0;0;10;1;0;0
6129;0;1;0;0;0;10;1;0;0
6130;0;1;0;0;0;10;1;0;0
6131;1;1;1;0;1;10;1;0;0
6132;0;2;0;1;0;10;1;1;0
6133;0;0;0;1;1;10;1;0;0
6134;1;1;0;1;1;10;1;0;0
6135;1;0;0;1;1;10;1;1;0
6136;0;2;1;1;0;10;2;1;0
6137;0;1;0;0;1;10;2;0;0
6138;1;0;1;0;1;10;2;0;0
6139;1;0;0;1;1;10;3;0;0
6140;0;1;1;1;0;10;4;0;0
6141;1;2;0;1;1;10;4;0;0
6142;0;0;1;0;1;10;3;0;1
6143;0;2;0;1;1;10;3;0;0
6144;0;0;0;1;1;10;2;0;0
6145;0;0;1;0;1;10;1;0;0
6146;1;0;0;0;1;10;1;0;0
6147;1;2;1;0;1;10;2;0;0
6148;0;1;1;0;1;10;2;0;0
6149;0;2;0;0;0;10;2;0;0
6150;0;2;1;0;0;10;2;0;0
6151;0;2;1;0;0;10;2;0;0
6152;0;1;0;0;0;10;2;0;0
6153;0;2;0;0;0;10;2;0;0
6154;1;0;1;1;1;10;2;0;0
6155;1;1;1;1;1;10;2;0;1
6156;0;2;0;0;0;10;2;1;1
6157;0;2;0;0;0;10;2;1;1
6158;0;2;0;0;0;10;2;1;1
6159;0;1;1;1;1;10;2;1;0
6160;0;0;1;0;1;10;1;1;0
6161;0;0;0;1;1;10;1;0;0
6162;1;2;1;1;1;10;1;0;0
6163;0;1;1;0;1;10;1;0;0
6164;1;1;1;0;1;10;1;0;0
6165;1;1;0;0;1;10;1;1;0
6166;0;2;1;0;0;10;1;2;0
6167;0;1;1;1;1;10;1;1;0
6168;0;0;0;0;1;10;1;0;0
6169;0;2;1;1;0;10;1;0;0
6170;1;0;1;0;1;10;1;0;0
6171;0;0;1;0;1;10;1;0;0
6172;0;1;1;0;0;10;1;0;0
6173;1;1;0;0;1;10;1;0;0
6174;0;1;1;1;1;10;1;0;0
6175;1;0;1;0;1;10;1;0;0
6176;0;2;1;1;0;10;2;0;0
6177;1;0;0;1;1;10;2;0;0
6178;0;0;1;1;1;10;2;0;0
6179;0;1;1;1;0;10;2;0;0
6180;1;2;1;0;1;10;2;0;0
6181;0;2;0;0;0;10;2;0;1
6182;0;2;0;0;0;10;2;0;1
6183;0;1;1;0;1;10;2;0;0
6184;0;1;0;0;0;10;2;0;0
6185;0;1;1;1;0;10;2;0;0
6186;0;0;1;0;1;10;1;0;0
6187;0;2;1;1;0;10;1;0;0
6188;0;1;0;1;0;10;1;0;0
6189;1;0;0;1;1;10;1;0;0
6190;0;2;1;1;0;10;2;0;0
6191;0;2;1;0;0;10;2;0;0
6192;1;2;0;1;1;10;2;0;0
6193;0;0;0;1;1;10;1;0;1
6194;0;2;1;1;1;10;1;0;0
6195;0;2;0;0;0;10;1;0;0
6196;0;2;0;1;0;10;1;0;0
6197;0;0;0;0;0;10;1;0;0
6198;0;2;0;1;0;10;1;0;0
6199;0;1;0;1;0;10;1;0;0
6200;0;2;0;1;0;10;1;0;0
6201;0;1;0;0;0;10;1;0;0
6202;1;1;1;0;1;10;1;0;0
6203;0;0;0;1;1;10;1;0;0
6204;0;0;0;1;0;10;1;0;0
6205;0;2;1;0;0;10;1;0;0
6206;0;2;1;1;0;10;1;0;0
6207;0;0;0;1;0;10;1;0;0
6208;0;2;0;0;0;10;1;0;0
6209;0;2;1;0;0;10;1;0;0
6210;0;2;0;1;0;10;1;0;0
6211;1;1;1;1;1;10;1;0;0
6212;1;1;0;0;1;10;1;1;0
6213;1;2;1;0;1;10;1;2;0
6214;0;2;0;0;1;10;1;2;0
6215;0;1;1;0;1;10;1;1;0
6216;1;0;0;1;1;10;1;1;0
6217;0;2;0;0;0;10;1;2;0
6218;0;1;0;1;1;10;1;1;0
6219;0;2;0;0;0;10;1;1;0
6220;1;2;1;1;1;10;1;1;0
6221;0;2;1;1;1;10;1;1;0
6222;0;2;1;1;0;10;1;1;0
6223;0;1;1;0;1;10;1;0;0
6224;0;2;0;0;0;10;1;0;0
6225;0;1;0;1;0;10;1;0;0
6226;1;0;1;0;1;10;1;0;0
6227;0;0;0;0;1;10;1;0;0
6228;0;0;0;1;0;10;1;0;0
6229;1;1;0;0;1;10;1;0;0
6230;0;2;1;0;0;10;1;1;0
6231;0;2;1;1;0;10;1;1;0
6232;0;1;0;1;1;10;1;0;0
6233;1;1;0;0;1;10;1;0;0
6234;1;2;0;0;1;10;1;1;0
6235;0;0;0;1;1;10;1;0;1
6236;0;1;1;1;1;10;1;0;0
6237;0;0;1;0;0;10;1;0;0
6238;0;1;1;0;0;10;1;0;0
6239;0;0;0;1;0;10;1;0;0
6240;0;0;1;0;0;10;1;0;0
6241;0;1;0;1;0;10;1;0;0
6242;0;0;0;1;0;10;1;0;0
6243;0;2;1;1;0;10;1;0;0
6244;0;1;1;1;0;10;1;0;0
6245;1;1;1;0;1;10;1;0;0
6246;1;0;0;1;1;10;1;1;0
6247;0;0;0;0;1;10;1;1;0
6248;1;1;0;0;1;10;1;1;0
6249;0;1;1;0;1;10;1;1;0
6250;0;1;0;1;1;10;1;0;0
6251;1;1;0;0;1;10;1;0;0
6252;0;0;0;0;1;10;1;0;0
6253;1;0;0;1;1;10;1;0;0
6254;0;2;0;0;1;10;1;0;0
6255;0;1;0;0;0;10;1;0;0
6256;0;2;0;1;0;10;1;0;0
6257;0;2;1;0;0;10;1;0;0
6258;0;2;0;1;0;10;1;0;0
6259;0;1;0;1;0;10;1;0;0
6260;1;2;0;0;1;10;1;0;0
6261;0;2;0;0;1;10;1;0;0
6262;0;1;0;0;0;10;1;0;0
6263;0;2;0;0;0;10;1;0;0
6264;0;1;0;1;0;10;1;0;0
6265;0;1;0;1;0;10;1;0;0
6266;0;1;0;0;0;10;1;0;0
6267;0;0;1;0;0;10;1;0;0
6268;1;2;0;0;1;10;1;0;0
6269;1;1;0;0;1;10;1;0;1
6270;0;0;1;0;1;10;1;0;1
6271;0;2;0;1;1;10;1;0;0
6272;1;0;0;1;1;10;1;0;0
6273;0;0;0;0;1;10;1;0;0
6274;0;0;0;1;0;10;1;0;0
6275;1;2;1;1;1;10;1;0;0
6276;0;0;0;1;1;10;1;0;0
6277;1;0;0;0;1;10;1;0;0
6278;1;0;0;0;1;10;2;0;0
6279;0;0;0;1;1;10;1;1;0
6280;0;2;0;0;0;10;1;1;0
6281;0;2;1;0;0;10;1;1;0
6282;0;0;1;1;1;10;1;0;0
6283;0;2;1;1;0;10;1;0;0
6284;0;0;1;1;0;10;1;0;0
6285;1;1;0;0;1;10;1;0;0
6286;1;2;1;1;1;10;1;1;0
6287;1;2;1;0;1;10;1;1;1
6288;1;0;0;0;1;10;1;1;2
6289;0;0;1;1;1;10;1;1;2
6290;0;0;0;0;1;10;1;0;2
6291;0;0;0;1;1;10;1;0;1
6292;0;1;1;1;1;10;1;0;0
6293;0;0;1;1;0;10;1;0;0
6294;0;0;1;0;0;10;1;0;0
6295;0;2;1;0;0;10;1;0;0
6296;0;1;1;1;0;10;1;0;0
6297;0;1;0;0;0;10;1;0;0
6298;1;2;1;0;1;10;1;0;0
6299;1;1;1;1;1;10;1;0;1
6300;1;1;0;0;1;10;1;1;1
6301;0;2;0;1;1;10;1;2;0
6302;1;0;0;0;1;10;1;2;0
6303;1;2;1;1;1;10;2;2;0
6304;0;0;0;1;1;10;1;2;1
6305;0;1;1;1;1;10;1;2;0
6306;0;2;1;0;0;10;1;2;0
6307;0;2;0;1;0;10;1;2;0
6308;0;2;0;0;0;10;1;2;0
6309;0;1;0;0;1;10;1;1;0
6310;0;1;1;1;1;10;1;0;0
6311;0;1;0;1;0;10;1;0;0
6312;0;2;0;0;0;10;1;0;0
6313;0;1;1;1;0;10;1;0;0
6314;0;0;1;0;0;10;1;0;0
6315;0;1;1;1;0;10;1;0;0
6316;0;0;0;1;0;10;1;0;0
6317;1;1;1;1;1;10;1;0;0
6318;0;0;1;0;1;10;1;0;0
6319;0;0;0;0;0;10;1;0;0
6320;0;0;0;1;0;10;1;0;0
6321;0;2;1;1;0;10;1;0;0
6322;1;2;0;1;1;10;1;0;0
6323;0;2;1;0;1;10;1;0;0
6324;1;0;1;0;1;10;1;0;0
6325;1;1;1;0;1;10;2;0;0
6326;1;0;0;1;1;10;2;0;1
6327;0;0;0;0;1;10;2;0;1
6328;1;2;1;0;1;10;2;0;1
6329;0;2;1;1;1;10;2;0;1
6330;1;1;1;1;1;10;2;0;1
6331;0;0;0;0;1;10;1;1;1
6332;0;2;1;0;1;10;1;1;0
6333;0;2;1;0;0;10;1;1;0
6334;0;1;0;1;1;10;1;0;0
6335;0;1;1;1;0;10;1;0;0
6336;0;2;1;1;0;10;1;0;0
6337;1;0;1;1;1;10;1;0;0
6338;0;1;0;1;0;10;2;0;0
6339;0;1;1;1;0;10;2;0;0
6340;0;2;1;1;0;10;2;0;0
6341;0;2;1;0;0;10;2;0;0
6342;0;2;0;1;0;10;2;0;0
6343;0;1;0;0;0;10;2;0;0
6344;1;0;0;1;1;10;2;0;0
6345;0;2;1;0;0;10;3;0;0
6346;0;2;0;1;0;10;3;0;0
6347;1;1;0;1;1;10;3;0;0
6348;0;0;1;0;1;10;2;1;0
6349;0;1;1;1;1;10;2;0;0
6350;0;2;1;0;0;10;2;0;0
6351;1;2;1;0;1;10;2;0;0
6352;1;1;1;0;1;10;2;0;1
6353;0;0;0;1;1;10;1;1;1
6354;1;2;1;0;1;10;1;1;1
6355;0;1;0;0;1;10;1;0;2
6356;0;0;0;0;1;10;1;0;1
6357;0;0;0;0;1;10;1;0;0
6358;0;0;0;1;0;10;1;0;0
6359;0;1;1;1;0;10;1;0;0
6360;0;2;0;0;0;10;1;0;0
6361;0;1;0;1;0;10;1;0;0
6362;0;2;1;0;0;10;1;0;0
6363;0;2;1;1;0;10;1;0;0
6364;0;0;1;1;0;10;1;0;0
6365;0;1;1;1;0;10;1;0;0
6366;1;1;0;1;1;10;1;0;0
6367;0;1;0;1;1;10;1;0;0
6368;1;2;1;0;1;10;1;0;0
6369;0;0;0;0;1;10;1;0;0
6370;0;1;1;0;0;10;1;0;0
6371;0;0;0;0;0;10;1;0;0
6372;0;2;0;0;0;10;1;0;0
6373;0;1;0;1;0;10;1;0;0
6374;1;2;1;1;1;10;1;0;0
6375;0;0;1;1;1;10;1;0;0
6376;0;0;0;0;0;10;1;0;0
6377;0;2;0;0;0;10;1;0;0
6378;0;2;0;1;0;10;1;0;0
6379;0;1;1;1;0;10;1;0;0
6380;0;0;1;0;0;10;1;0;0
6381;0;1;0;1;0;10;1;0;0
6382;0;0;0;0;0;10;1;0;0
6383;0;1;0;1;0;10;1;0;0
6384;0;0;1;1;0;10;1;0;0
6385;0;0;0;1;0;10;1;0;0
6386;0;2;1;0;0;10;1;0;0
6387;0;1;1;0;0;10;1;0;0
6388;1;0;1;0;1;10;1;0;0
6389;1;0;1;0;1;10;2;0;0
6390;0;0;0;1;1;10;2;0;0
6391;1;2;1;0;1;10;2;0;0
6392;0;0;0;0;1;10;1;0;1
6393;0;0;0;1;0;10;1;0;1
6394;0;2;1;1;1;10;1;0;0
6395;0;0;1;0;0;10;1;0;0
6396;0;2;1;1;0;10;1;0;0
6397;1;1;1;0;1;10;1;0;0
6398;0;2;1;1;0;10;1;1;0
6399;0;1;1;0;1;10;1;0;0
6400;0;0;1;0;0;10;1;0;0
6401;0;1;0;0;0;10;1;0;0
6402;0;0;0;0;0;10;1;0;0
6403;1;1;0;0;1;10;1;0;0
6404;0;2;1;0;0;10;1;1;0
6405;0;2;0;1;0;10;1;1;0
6406;1;1;1;0;1;10;1;1;0
6407;0;2;1;1;1;10;1;1;0
6408;0;0;1;1;1;10;1;0;0
6409;0;2;0;0;0;10;1;0;0
6410;1;2;0;0;1;10;1;0;0
6411;0;1;1;0;1;10;1;0;0
6412;0;1;1;1;0;10;1;0;0
6413;1;2;1;1;1;10;1;0;0
6414;1;2;0;0;1;10;1;0;1
6415;1;0;1;1;1;10;1;0;2
6416;0;2;1;1;1;10;2;0;1
6417;0;1;0;0;1;10;2;0;0
6418;0;2;0;1;0;10;2;0;0
6419;0;1;0;0;0;10;2;0;0
6420;1;2;1;1;1;10;2;0;0
6421;0;0;1;1;1;10;1;0;1
6422;0;2;0;1;1;10;1;0;0
6423;0;1;0;0;0;10;1;0;0
6424;1;2;1;0;1;10;1;0;0
6425;1;0;0;1;1;10;1;0;1
6426;1;0;1;1;1;10;2;0;1
6427;0;1;1;1;1;10;3;0;0
6428;0;2;0;0;0;10;3;0;0
6429;0;0;1;0;1;10;2;0;0
6430;0;2;1;1;0;10;2;0;0
6431;1;1;1;1;1;10;2;0;0
6432;0;0;0;0;1;10;1;1;0
6433;0;0;0;0;1;10;1;0;0
6434;0;0;0;1;0;10;1;0;0
6435;0;1;1;1;0;10;1;0;0
6436;0;2;0;1;0;10;1;0;0
6437;0;0;0;1;0;10;1;0;0
6438;0;1;0;0;0;10;1;0;0
6439;0;0;0;1;0;10;1;0;0
6440;0;1;1;0;0;10;1;0;0
6441;0;0;1;1;0;10;1;0;0
6442;0;2;1;1;0;10;1;0;0
6443;0;0;0;1;0;10;1;0;0
6444;1;1;1;1;1;10;1;0;0
6445;1;0;0;0;1;10;1;1;0
6446;1;2;1;0;1;10;2;1;0
6447;1;1;1;0;1;10;2;1;1
6448;0;0;0;1;1;10;1;1;2
6449;0;2;0;0;1;10;1;1;1
6450;0;2;0;1;0;10;1;1;1
6451;0;0;1;1;1;10;1;1;0
6452;1;1;0;1;1;10;1;1;0
6453;0;0;0;1;1;10;1;1;0
6454;0;0;0;1;1;10;1;0;0
6455;0;0;0;1;0;10;1;0;0
6456;1;0;1;0;1;10;1;0;0
6457;0;1;1;0;0;10;2;0;0
6458;0;2;0;0;0;10;2;0;0
6459;0;2;1;0;0;10;2;0;0
6460;0;2;1;0;0;10;2;0;0
6461;0;1;1;0;0;10;2;0;0
6462;0;1;1;1;0;10;2;0;0
6463;0;2;0;0;0;10;2;0;0
6464;1;0;0;1;1;10;2;0;0
6465;0;1;1;0;1;10;2;0;0
6466;1;1;1;1;1;10;2;0;0
6467;0;2;0;0;0;10;2;1;0
6468;1;0;1;0;1;11;2;1;0
6469;1;0;0;1;1;11;3;1;0
6470;0;0;0;0;1;11;3;1;0
6471;1;1;0;0;1;11;3;1;0
6472;0;1;0;0;1;11;3;1;0
6473;0;1;1;0;1;11;3;0;0
6474;1;2;0;0;1;11;3;0;0
6475;0;0;0;0;1;11;2;0;1
6476;0;0;0;0;1;11;1;0;1
6477;0;1;0;0;1;11;1;0;0
6478;0;1;1;1;0;11;1;0;0
6479;0;0;0;1;0;11;1;0;0
6480;0;0;1;1;0;11;1;0;0
6481;1;1;0;1;1;11;1;0;0
6482;0;0;1;1;1;11;1;0;0
6483;0;1;0;0;0;11;1;0;0
6484;1;1;1;0;1;11;1;0;0
6485;1;2;0;0;1;11;1;0;1
6486;0;0;1;1;1;11;1;0;1
6487;1;0;0;1;1;11;1;0;1
6488;0;1;1;0;1;11;2;0;0
6489;0;1;0;0;0;11;2;0;0
6490;0;0;0;1;1;11;1;0;0
6491;0;1;1;1;0;11;1;0;0
6492;0;0;0;1;0;11;1;0;0
6493;0;1;0;1;0;11;1;0;0
6494;0;2;1;0;0;11;1;0;0
6495;0;0;1;0;0;11;1;0;0
6496;0;0;0;1;0;11;1;0;0
6497;0;0;0;0;0;11;1;0;0
6498;0;0;1;1;0;11;1;0;0
6499;0;0;1;1;0;11;1;0;0
6500;0;1;0;1;0;11;1;0;0
6501;1;2;1;1;1;11;1;0;0
6502;0;1;1;1;1;11;1;0;0
6503;1;2;1;0;1;11;1;0;0
6504;0;2;0;0;1;11;1;0;0
6505;0;0;0;1;0;11;1;0;0
6506;1;2;1;1;1;11;1;0;0
6507;1;0;0;1;1;11;1;0;1
6508;0;2;1;1;1;11;2;0;0
6509;0;2;1;1;0;11;2;0;0
6510;0;0;0;1;1;11;1;0;0
6511;0;2;1;1;0;11;1;0;0
6512;0;0;0;0;0;11;1;0;0
6513;0;2;0;1;0;11;1;0;0
6514;1;0;0;0;1;11;1;0;0
6515;0;0;0;0;1;11;1;0;0
6516;0;2;0;0;0;11;1;0;0
6517;0;0;0;0;0;11;1;0;0
6518;0;2;1;1;0;11;1;0;0
6519;0;2;1;1;0;11;1;0;0
6520;0;0;0;0;0;11;1;0;0
6521;0;1;0;1;0;11;1;0;0
6522;0;2;0;0;0;11;1;0;0
6523;0;1;0;1;0;11;1;0;0
6524;0;0;0;0;0;11;1;0;0
6525;0;1;0;1;0;11;1;0;0
6526;0;1;1;1;0;11;1;0;0
6527;0;0;0;0;0;11;1;0;0
6528;0;2;1;0;0;11;1;0;0
6529;0;2;0;0;0;11;1;0;0
6530;0;1;0;1;0;11;1;0;0
6531;0;0;1;0;0;11;1;0;0
6532;0;0;0;1;0;11;1;0;0
6533;0;0;1;0;0;11;1;0;0
6534;1;2;1;0;1;11;1;0;0
6535;0;1;1;1;1;11;1;0;0
6536;0;1;1;0;0;11;1;0;0
6537;0;0;1;0;0;11;1;0;0
6538;1;2;0;1;1;11;1;0;0
6539;1;1;0;0;1;11;1;0;1
6540;0;1;0;1;1;11;1;0;1
6541;1;2;0;0;1;11;1;0;1
6542;0;2;1;1;1;11;1;0;1
6543;0;1;0;0;1;11;1;0;0
6544;1;0;0;1;1;11;1;0;0
6545;0;1;1;1;0;11;2;0;0
6546;0;0;1;1;1;11;1;0;0
6547;0;2;0;1;0;11;1;0;0
6548;1;0;1;0;1;11;1;0;0
6549;0;0;1;0;1;11;1;0;0
6550;0;2;0;1;0;11;1;0;0
6551;0;0;1;1;0;11;1;0;0
6552;1;1;1;0;1;11;1;0;0
6553;0;1;0;0;1;11;1;0;0
6554;0;2;0;0;0;11;1;0;0
6555;1;1;1;1;1;11;1;0;0
6556;0;2;1;0;1;11;1;0;0
6557;0;0;1;1;0;11;1;0;0
6558;0;0;0;0;0;11;1;0;0
6559;0;0;1;1;0;11;1;0;0
6560;0;1;1;0;0;11;1;0;0
6561;1;0;0;0;1;11;1;0;0
6562;0;2;0;1;0;11;2;0;0
6563;0;0;0;0;1;11;1;0;0
6564;0;2;0;1;0;11;1;0;0
6565;1;0;1;1;1;11;1;0;0
6566;1;2;0;0;1;11;2;0;0
6567;0;1;1;1;1;11;2;0;0
6568;0;1;1;0;0;11;2;0;0
6569;0;2;0;1;0;11;2;0;0
6570;1;2;1;1;1;11;2;0;0
6571;0;1;1;1;1;11;2;0;0
6572;0;0;0;1;1;11;1;0;0
6573;0;0;0;1;0;11;1;0;0
6574;0;2;1;1;0;11;1;0;0
6575;0;2;0;1;0;11;1;0;0
6576;1;0;1;0;1;11;1;0;0
6577;0;1;0;1;1;11;1;0;0
6578;1;2;1;0;1;11;1;0;0
6579;0;0;0;0;1;11;1;0;0
6580;0;1;0;1;0;11;1;0;0
6581;0;2;1;1;0;11;1;0;0
6582;0;2;0;1;0;11;1;0;0
6583;0;1;1;0;0;11;1;0;0
6584;1;2;1;1;1;11;1;0;0
6585;0;0;0;0;1;11;1;0;0
6586;0;0;0;1;0;11;1;0;0
6587;0;2;0;1;0;11;1;0;0
6588;0;1;1;0;0;11;1;0;0
6589;0;1;1;0;0;11;1;0;0
6590;1;0;1;1;1;11;1;0;0
6591;0;0;0;1;1;11;1;0;0
6592;0;0;1;1;0;11;1;0;0
6593;0;0;0;0;0;11;1;0;0
6594;0;2;0;0;0;11;1;0;0
6595;0;2;0;0;0;11;1;0;0
6596;0;2;0;0;0;11;1;0;0
6597;0;2;1;1;0;11;1;0;0
6598;0;0;1;0;0;11;1;0;0
6599;0;1;0;0;0;11;1;0;0
6600;1;2;0;1;1;11;1;0;0
6601;0;0;1;1;1;11;1;0;0
6602;0;0;0;0;0;11;1;0;0
6603;1;1;1;0;1;11;1;0;0
6604;0;2;1;1;0;11;1;1;0
6605;1;2;1;1;1;11;1;1;0
6606;0;2;1;0;1;11;1;1;0
6607;0;1;0;0;1;11;1;0;0
6608;0;0;1;0;0;11;1;0;0
6609;0;1;0;1;0;11;1;0;0
6610;0;0;1;0;0;11;1;0;0
6611;0;0;1;0;0;11;1;0;0
6612;0;2;1;1;0;11;1;0;0
6613;0;1;1;1;0;11;1;0;0
6614;0;1;1;0;0;11;1;0;0
6615;0;1;0;1;0;11;1;0;0
6616;1;0;1;1;1;11;1;0;0
6617;0;2;1;1;0;11;2;0;0
6618;0;0;0;0;1;11;1;0;0
6619;1;0;0;1;1;11;1;0;0
6620;0;2;1;0;0;11;1;1;0
6621;0;0;1;0;1;11;1;0;0
6622;0;1;0;1;0;11;1;0;0
6623;0;0;0;0;0;11;1;0;0
6624;0;2;1;1;0;11;1;0;0
6625;0;2;0;0;0;11;1;0;0
6626;0;2;0;0;0;11;1;0;0
6627;0;0;1;0;0;11;1;0;0
6628;1;2;1;1;1;11;1;0;0
6629;0;0;0;1;1;11;1;0;0
6630;0;2;0;1;0;11;1;0;0
6631;0;1;0;1;0;11;1;0;0
6632;0;0;0;1;0;11;1;0;0
6633;1;2;0;1;1;11;1;0;0
6634;1;1;1;0;1;11;1;0;1
6635;0;0;0;0;1;11;1;0;1
6636;0;0;0;0;1;11;1;0;0
6637;1;2;1;1;1;11;1;0;0
6638;1;0;0;1;1;11;1;0;1
6639;0;1;1;0;1;11;1;0;1
6640;1;1;1;1;1;11;1;0;1
6641;1;0;0;0;1;11;1;0;2
6642;1;1;1;1;1;11;2;0;2
6643;0;2;0;1;1;11;2;1;1
6644;0;0;0;0;1;11;1;1;1
6645;0;0;0;1;1;11;1;0;1
6646;0;2;1;0;1;11;1;0;0
6647;0;0;0;1;0;11;1;0;0
6648;0;2;0;0;0;11;1;0;0
6649;0;2;1;0;0;11;1;0;0
6650;0;2;1;1;0;11;1;0;0
6651;1;1;1;0;1;11;1;0;0
6652;0;0;0;0;1;11;1;0;0
6653;0;2;1;0;0;11;1;0;0
6654;0;2;1;0;0;11;1;0;0
6655;0;0;1;0;0;11;1;0;0
6656;0;1;1;0;0;11;1;0;0
6657;0;1;0;0;0;11;1;0;0
6658;1;1;1;1;1;11;1;0;0
6659;0;2;0;1;0;11;1;1;0
6660;0;2;1;0;0;11;1;1;0
6661;0;2;1;0;0;11;1;1;0
6662;0;1;0;0;1;11;1;0;0
6663;0;0;0;0;0;11;1;0;0
6664;0;1;1;1;0;11;1;0;0
6665;0;2;0;0;0;11;1;0;0
6666;0;2;1;1;0;11;1;0;0
6667;0;1;0;1;0;11;1;0;0
6668;0;1;1;0;0;11;1;0;0
6669;1;1;1;0;1;11;1;0;0
6670;0;1;1;0;1;11;1;0;0
6671;0;1;0;1;0;11;1;0;0
6672;0;2;0;1;0;11;1;0;0
6673;0;1;0;0;0;11;1;0;0
6674;0;2;1;0;0;11;1;0;0
6675;0;2;1;0;0;11;1;0;0
6676;0;2;0;0;0;11;1;0;0
6677;1;0;0;0;1;11;1;0;0
6678;0;0;0;1;1;11;1;0;0
6679;0;1;0;1;0;11;1;0;0
6680;0;1;0;1;0;11;1;0;0
6681;0;1;0;1;0;11;1;0;0
6682;1;0;0;0;1;11;1;0;0
6683;1;0;0;0;1;11;2;0;0
6684;0;0;1;0;1;11;2;0;0
6685;1;0;0;0;1;11;2;0;0
6686;0;1;0;0;0;11;3;0;0
6687;0;2;1;0;0;11;3;0;0
6688;0;2;1;1;0;11;3;0;0
6689;0;1;0;0;0;11;3;0;0
6690;0;1;0;0;0;11;3;0;0
6691;0;1;1;1;0;11;3;0;0
6692;0;0;1;1;1;11;2;0;0
6693;0;0;0;1;1;11;1;0;0
6694;0;2;0;0;0;11;1;0;0
6695;0;0;0;1;0;11;1;0;0
6696;0;1;1;0;0;11;1;0;0
6697;0;0;0;1;0;11;1;0;0
6698;1;1;0;0;1;11;1;0;0
6699;0;2;0;0;1;11;1;0;0
6700;0;0;1;1;0;11;1;0;0
6701;0;2;0;1;0;11;1;0;0
6702;0;0;1;0;0;11;1;0;0
6703;0;0;1;0;0;11;1;0;0
6704;0;2;1;1;0;11;1;0;0
6705;0;2;1;1;0;11;1;0;0
6706;0;0;1;1;0;11;1;0;0
6707;0;0;0;0;0;11;1;0;0
6708;0;1;0;1;0;11;1;0;0
6709;1;1;1;0;1;11;1;0;0
6710;0;1;0;1;1;11;1;0;0
6711;0;2;0;1;0;11;1;0;0
6712;0;0;0;0;0;11;1;0;0
6713;0;2;0;1;0;11;1;0;0
6714;0;2;0;1;0;11;1;0;0
6715;0;0;1;0;0;11;1;0;0
6716;0;1;1;1;0;11;1;0;0
6717;0;1;0;1;0;11;1;0;0
6718;0;2;1;0;0;11;1;0;0
6719;0;2;0;1;0;11;1;0;0
6720;0;1;1;0;0;11;1;0;0
6721;0;0;1;1;0;11;1;0;0
6722;0;0;1;1;0;11;1;0;0
6723;0;1;1;1;0;11;1;0;0
6724;0;2;0;1;0;11;1;0;0
6725;0;0;1;1;0;11;1;0;0
6726;0;1;1;0;0;11;1;0;0
6727;0;0;1;0;0;11;1;0;0
6728;0;0;1;1;0;11;1;0;0
6729;1;2;1;0;1;11;1;0;0
6730;1;0;1;0;1;11;1;0;1
6731;1;0;1;1;1;11;2;0;1
6732;0;0;1;0;1;11;3;0;0
6733;0;1;1;1;0;11;3;0;0
6734;0;1;0;1;0;11;3;0;0
6735;0;1;1;1;0;11;3;0;0
6736;0;0;0;0;1;11;2;0;0
6737;0;0;0;0;1;11;1;0;0
6738;0;1;1;1;0;11;1;0;0
6739;0;1;1;1;0;11;1;0;0
6740;1;0;0;0;1;11;1;0;0
6741;0;0;0;1;1;11;1;0;0
6742;0;2;1;0;0;11;1;0;0
6743;0;2;1;0;0;11;1;0;0
6744;0;1;0;0;0;11;1;0;0
6745;0;2;0;1;0;11;1;0;0
6746;0;2;1;1;0;11;1;0;0
6747;0;2;1;1;0;11;1;0;0
6748;1;1;0;1;1;11;1;0;0
6749;0;0;0;0;1;11;1;0;0
6750;0;2;0;0;0;11;1;0;0
6751;1;2;0;1;1;11;1;0;0
6752;1;0;1;1;1;11;1;0;1
6753;0;2;0;1;1;11;2;0;0
6754;1;0;1;1;1;11;2;0;0
6755;1;0;0;0;1;11;3;0;0
6756;1;0;0;0;1;11;4;0;0
6757;0;1;0;0;0;11;5;0;0
6758;0;0;0;0;1;11;4;0;0
6759;1;1;1;1;1;11;4;0;0
6760;1;2;1;1;1;11;4;1;0
6761;0;1;0;0;1;11;4;0;1
6762;0;2;1;0;1;11;4;0;0
6763;0;1;0;0;0;11;4;0;0
6764;0;0;0;1;1;11;3;0;0
6765;0;2;0;1;0;11;3;0;0
6766;0;0;1;1;1;11;2;0;0
6767;0;0;0;0;1;11;1;0;0
6768;0;0;0;1;0;11;1;0;0
6769;0;0;0;1;0;11;1;0;0
6770;1;1;1;0;1;11;1;0;0
6771;0;2;1;0;0;11;1;1;0
6772;0;0;1;0;1;11;1;0;0
6773;0;1;1;1;0;11;1;0;0
6774;0;1;1;1;0;11;1;0;0
6775;0;0;1;1;0;11;1;0;0
6776;0;2;1;0;0;11;1;0;0
6777;0;1;0;1;0;11;1;0;0
6778;1;1;1;1;1;11;1;0;0
6779;0;1;1;0;1;11;1;0;0
6780;0;0;0;1;0;11;1;0;0
6781;0;1;0;1;0;11;1;0;0
6782;1;0;1;1;1;11;1;0;0
6783;0;1;0;0;1;11;1;0;0
6784;0;1;1;0;0;11;1;0;0
6785;0;2;1;1;0;11;1;0;0
6786;0;2;0;0;0;11;1;0;0
6787;0;2;1;0;0;11;1;0;0
6788;0;0;0;0;0;11;1;0;0
6789;1;0;1;1;1;11;1;0;0
6790;0;1;1;1;0;11;2;0;0
6791;0;0;1;1;1;11;1;0;0
6792;0;1;0;1;0;11;1;0;0
6793;0;1;1;1;0;11;1;0;0
6794;0;1;0;0;0;11;1;0;0
6795;0;1;0;1;0;11;1;0;0
6796;0;0;0;0;0;11;1;0;0
6797;0;2;1;0;0;11;1;0;0
6798;0;1;0;1;0;11;1;0;0
6799;1;1;1;1;1;11;1;0;0
6800;0;2;1;0;1;11;1;0;0
6801;0;2;0;0;0;11;1;0;0
6802;0;1;0;1;0;11;1;0;0
6803;0;2;1;1;0;11;1;0;0
6804;0;2;1;0;0;11;1;0;0
6805;0;1;1;1;0;11;1;0;0
6806;1;0;1;1;1;11;1;0;0
6807;0;2;0;0;0;11;1;1;0
6808;1;0;1;1;1;11;1;1;0
6809;0;0;0;0;1;11;1;1;0
6810;1;0;1;0;1;11;1;1;0
6811;0;1;0;0;1;11;2;0;0
6812;1;0;0;1;1;11;2;0;0
6813;0;0;1;1;1;11;2;0;0
6814;0;2;0;1;0;11;2;0;0
6815;1;2;0;1;1;11;2;0;0
6816;0;0;1;1;1;11;1;0;1
6817;0;1;1;0;1;11;1;0;0
6818;1;0;0;0;1;11;1;0;0
6819;0;1;1;0;0;11;2;0;0
6820;0;1;0;1;0;11;2;0;0
6821;1;0;1;0;1;11;2;0;0
6822;0;1;0;0;1;11;2;0;0
6823;0;0;1;0;1;11;1;0;0
6824;0;2;0;1;0;11;1;0;0
6825;0;2;1;1;0;11;1;0;0
6826;0;2;0;1;0;11;1;0;0
6827;0;1;0;0;0;11;1;0;0
6828;0;1;0;0;0;11;1;0;0
6829;0;0;1;1;0;11;1;0;0
6830;0;1;0;0;0;11;1;0;0
6831;0;2;1;0;0;11;1;0;0
6832;1;0;1;1;1;11;1;0;0
6833;0;1;1;0;0;11;2;0;0
6834;0;0;0;1;1;11;1;0;0
6835;0;1;0;1;0;11;1;0;0
6836;0;2;1;1;0;11;1;0;0
6837;0;1;1;0;0;11;1;0;0
6838;0;0;1;1;0;11;1;0;0
6839;0;1;1;0;0;11;1;0;0
6840;0;2;1;1;0;11;1;0;0
6841;0;0;1;0;0;11;1;0;0
6842;0;1;1;1;0;11;1;0;0
6843;0;1;0;1;0;11;1;0;0
6844;0;2;0;0;0;11;1;0;0
6845;1;0;0;0;1;11;1;0;0
6846;0;1;1;1;0;11;2;0;0
6847;0;1;1;1;0;11;2;0;0
6848;1;0;1;0;1;11;2;0;0
6849;1;0;0;1;1;11;3;0;0
6850;0;2;1;1;1;11;3;0;0
6851;1;0;0;0;1;11;3;0;0
6852;0;0;0;0;1;11;3;0;0
6853;1;0;1;1;1;11;3;0;0
6854;0;1;1;0;0;11;4;0;0
6855;0;1;1;1;0;11;4;0;0
6856;0;1;0;0;0;11;4;0;0
6857;0;0;1;1;1;11;3;0;0
6858;0;2;0;0;0;11;3;0;0
6859;0;0;0;0;1;11;2;0;0
6860;0;1;0;0;0;11;2;0;0
6861;0;1;0;1;0;11;2;0;0
6862;1;1;0;1;1;11;2;0;0
6863;0;0;0;1;1;11;1;1;0
6864;0;0;0;0;1;11;1;0;0
6865;0;1;0;1;0;11;1;0;0
6866;0;1;1;0;0;11;1;0;0
6867;1;2;1;1;1;11;1;0;0
6868;0;0;0;1;1;11;1;0;0
6869;0;0;1;0;0;11;1;0;0
6870;1;2;1;1;1;11;1;0;0
6871;0;0;1;1;1;11;1;0;0
6872;1;1;1;0;1;11;1;0;0
6873;0;0;0;0;1;11;1;0;0
6874;0;2;0;1;0;11;1;0;0
6875;0;0;0;0;0;11;1;0;0
6876;1;0;0;0;1;11;1;0;0
6877;0;0;0;0;1;11;1;0;0
6878;0;0;1;0;0;11;1;0;0
6879;1;2;1;0;1;11;1;0;0
6880;1;0;0;1;1;11;1;0;1
6881;0;2;1;1;1;11;2;0;0
6882;1;2;1;0;1;11;2;0;0
6883;0;1;0;1;1;11;2;0;0
6884;0;2;1;0;0;11;2;0;0
6885;0;1;1;0;0;11;2;0;0
6886;0;2;1;1;0;11;2;0;0
6887;0;1;1;0;0;11;2;0;0
6888;0;2;0;1;0;11;2;0;0
6889;1;2;0;0;1;11;2;0;0
6890;0;1;0;0;1;11;2;0;0
6891;0;2;1;1;0;11;2;0;0
6892;1;2;1;1;1;11;2;0;0
6893;1;2;1;1;1;11;2;0;1
6894;1;0;1;1;1;11;2;0;2
6895;1;2;0;1;1;11;3;0;2
6896;1;2;1;1;1;11;3;0;3
6897;0;0;1;1;1;11;3;0;3
6898;1;2;1;0;1;11;3;0;3
6899;0;1;1;1;1;11;3;0;3
6900;0;1;0;1;1;11;3;0;2
6901;0;1;1;1;1;11;3;0;1
6902;1;1;1;0;1;11;3;0;1
6903;0;0;1;0;1;11;2;1;1
6904;1;0;1;0;1;11;2;1;1
6905;0;0;1;1;1;11;2;1;1
6906;0;0;0;0;1;11;1;1;1
6907;0;1;1;0;1;11;1;0;1
6908;0;2;0;0;1;11;1;0;0
6909;1;2;0;1;1;11;1;0;0
6910;0;1;0;1;1;11;1;0;0
6911;0;1;1;1;0;11;1;0;0
6912;0;1;1;0;0;11;1;0;0
6913;0;1;1;0;0;11;1;0;0
6914;1;0;1;1;1;11;1;0;0
6915;0;1;0;1;1;11;1;0;0
6916;0;2;0;1;0;11;1;0;0
6917;0;0;1;1;0;11;1;0;0
6918;0;2;0;0;0;11;1;0;0
6919;0;2;1;1;0;11;1;0;0
6920;0;0;0;1;0;11;1;0;0
6921;0;0;1;1;0;11;1;0;0
6922;0;1;1;0;0;11;1;0;0
6923;1;0;1;1;1;11;1;0;0
6924;0;0;1;0;1;11;1;0;0
6925;0;0;1;1;0;11;1;0;0
6926;1;1;0;1;1;11;1;0;0
6927;0;2;1;1;0;11;1;1;0
6928;0;0;0;0;1;11;1;0;0
6929;0;2;1;1;0;11;1;0;0
6930;0;2;1;1;0;11;1;0;0
6931;1;1;1;1;1;11;1;0;0
6932;0;0;1;1;1;11;1;0;0
6933;0;1;1;0;0;11;1;0;0
6934;0;1;0;1;0;11;1;0;0
6935;0;2;0;0;0;11;1;0;0
6936;0;2;0;1;0;11;1;0;0
6937;0;2;0;1;0;11;1;0;0
6938;1;2;0;1;1;11;1;0;0
6939;0;1;1;1;1;11;1;0;0
6940;1;2;1;0;1;11;1;0;0
6941;0;2;0;0;1;11;1;0;0
6942;0;0;1;1;0;11;1;0;0
6943;0;1;1;1;0;11;1;0;0
6944;0;0;1;0;0;11;1;0;0
6945;1;2;1;1;1;11;1;0;0
6946;0;1;1;1;1;11;1;0;0
6947;0;1;0;1;0;11;1;0;0
6948;1;2;0;1;1;11;1;0;0
6949;0;2;0;0;1;11;1;0;0
6950;0;0;1;1;0;11;1;0;0
6951;0;2;0;1;0;11;1;0;0
6952;0;2;0;0;0;11;1;0;0
6953;0;1;0;1;0;11;1;0;0
6954;1;0;0;0;1;11;1;0;0
6955;0;2;1;1;0;11;2;0;0
6956;1;1;0;0;1;11;2;0;0
6957;1;2;1;1;1;11;2;1;0
6958;1;0;1;0;1;11;2;1;1
6959;0;2;0;0;1;11;3;1;0
6960;0;2;1;0;0;11;3;1;0
6961;0;1;1;1;1;11;3;0;0
6962;0;1;1;0;0;11;3;0;0
6963;0;0;0;0;1;11;2;0;0
6964;0;1;1;1;0;11;2;0;0
6965;0;1;0;1;0;11;2;0;0
6966;0;2;0;0;0;11;2;0;0
6967;0;1;0;1;0;11;2;0;0
6968;0;1;1;1;0;11;2;0;0
6969;0;1;0;1;0;11;2;0;0
6970;0;2;0;1;0;11;2;0;0
6971;1;1;1;1;1;11;2;0;0
6972;0;1;0;0;1;11;2;0;0
6973;1;0;1;1;1;11;2;0;0
6974;1;2;0;0;1;11;2;1;0
6975;0;0;0;0;1;11;1;1;1
6976;0;0;0;1;1;11;1;0;1
6977;0;2;0;1;1;11;1;0;0
6978;0;2;1;0;0;11;1;0;0
6979;0;1;1;1;0;11;1;0;0
6980;0;1;1;0;0;11;1;0;0
6981;1;0;0;0;1;11;1;0;0
6982;0;1;0;1;0;11;2;0;0
6983;1;0;0;0;1;11;2;0;0
6984;0;0;1;1;1;11;2;0;0
6985;0;0;1;1;1;11;1;0;0
6986;0;2;0;0;0;11;1;0;0
6987;0;1;1;1;0;11;1;0;0
6988;0;1;1;0;0;11;1;0;0
6989;0;1;0;0;0;11;1;0;0
6990;1;1;0;0;1;11;1;0;0
6991;0;2;0;1;0;11;1;1;0
6992;0;0;1;0;1;11;1;0;0
6993;0;1;0;1;0;11;1;0;0
6994;1;1;1;0;1;11;1;0;0
6995;0;1;1;0;1;11;1;0;0
6996;1;0;1;0;1;11;1;0;0
6997;0;1;0;0;0;11;2;0;0
6998;1;0;0;0;1;11;2;0;0
6999;0;2;1;1;1;11;2;0;0
7000;0;2;0;1;0;11;2;0;0
7001;0;2;0;0;0;11;2;0;0
7002;0;2;0;0;0;11;2;0;0
7003;0;0;1;1;1;11;1;0;0
7004;0;1;1;0;0;11;1;0;0
7005;1;2;0;1;1;11;1;0;0
7006;1;0;0;0;1;11;1;0;1
7007;1;0;1;1;1;11;1;1;1
7008;0;1;0;1;1;11;1;0;2
7009;1;0;0;1;1;11;1;0;2
7010;1;1;1;1;1;11;2;0;2
7011;0;1;1;0;1;11;2;0;2
7012;0;1;0;1;1;11;2;0;1
7013;1;0;0;1;1;11;2;0;1
7014;0;1;1;0;1;11;3;0;0
7015;0;0;0;1;1;11;2;0;0
7016;0;0;0;1;1;11;1;0;0
7017;0;0;0;1;0;11;1;0;0
7018;0;1;0;0;0;11;1;0;0
7019;0;2;1;0;0;11;1;0;0
7020;0;2;0;1;0;11;1;0;0
7021;1;1;1;1;1;11;1;0;0
7022;0;2;0;0;1;11;1;0;0
7023;0;2;0;1;0;11;1;0;0
7024;0;2;0;0;0;11;1;0;0
7025;0;2;1;0;0;11;1;0;0
7026;0;0;0;1;0;11;1;0;0
7027;0;1;0;1;0;11;1;0;0
7028;1;2;1;1;1;11;1;0;0
7029;0;0;0;0;1;11;1;0;0
7030;0;0;0;0;0;11;1;0;0
7031;0;0;0;1;0;11;1;0;0
7032;1;1;0;1;1;11;1;0;0
7033;0;2;0;0;0;11;1;1;0
7034;0;2;1;0;0;11;1;1;0
7035;0;2;0;0;0;11;1;1;0
7036;0;2;1;0;0;11;1;1;0
7037;0;0;1;1;1;11;1;0;0
7038;1;0;1;0;1;11;1;0;0
7039;1;1;0;1;1;11;2;0;0
7040;0;1;0;0;1;11;2;0;0
7041;0;2;1;0;0;11;2;0;0
7042;1;0;1;1;1;11;2;0;0
7043;1;0;1;1;1;11;3;0;0
7044;0;0;1;0;1;11;3;0;0
7045;1;2;1;0;1;11;3;0;0
7046;1;0;1;1;1;11;3;0;1
7047;0;0;1;1;1;11;3;0;1
7048;0;0;1;0;1;11;2;0;1
7049;1;1;1;1;1;11;2;0;1
7050;1;2;1;1;1;11;2;1;1
7051;0;0;0;0;1;11;1;1;2
7052;1;0;1;0;1;11;1;1;2
7053;0;2;0;1;1;11;2;1;1
7054;0;0;1;1;1;11;1;1;1
7055;0;0;1;1;1;11;1;0;1
7056;0;0;1;1;1;12;1;0;0
7057;0;1;1;1;0;12;1;0;0
7058;0;0;0;0;0;12;1;0;0
7059;0;1;1;1;0;12;1;0;0
7060;0;0;1;1;0;12;1;0;0
7061;0;1;0;1;0;12;1;0;0
7062;0;0;1;0;0;12;1;0;0
7063;0;2;0;1;0;12;1;0;0
7064;1;2;0;0;1;12;1;0;0
7065;0;0;0;1;1;12;1;0;0
7066;1;2;1;1;1;12;1;0;0
7067;0;2;1;0;0;12;1;0;1
7068;0;0;0;1;1;12;1;0;0
7069;0;1;0;1;0;12;1;0;0
7070;0;2;0;0;0;12;1;0;0
7071;0;0;1;0;0;12;1;0;0
7072;0;2;0;0;0;12;1;0;0
7073;0;1;1;0;0;12;1;0;0
7074;1;2;1;0;1;12;1;0;0
7075;1;1;0;1;1;12;1;0;1
7076;1;2;1;1;1;12;1;1;1
7077;0;2;1;1;1;12;1;1;1
7078;1;0;0;1;1;12;1;1;1
7079;0;0;1;0;1;12;1;1;1
7080;0;1;0;1;1;12;1;0;1
7081;1;1;1;0;1;12;1;0;1
7082;0;1;1;0;1;12;1;0;1
7083;0;0;0;0;1;12;1;0;0
7084;0;0;0;0;0;12;1;0;0
7085;0;2;0;1;0;12;1;0;0
7086;1;2;0;0;1;12;1;0;0
7087;0;1;0;0;1;12;1;0;0
7088;0;1;1;1;0;12;1;0;0
7089;1;1;1;1;1;12;1;0;0
7090;0;1;0;1;1;12;1;0;0
7091;1;1;1;0;1;12;1;0;0
7092;1;0;0;0;1;12;1;0;1
7093;0;0;0;1;1;12;1;0;1
7094;0;2;1;1;1;12;1;0;0
7095;0;1;0;0;0;12;1;0;0
7096;1;2;1;1;1;12;1;0;0
7097;0;2;0;0;1;12;1;0;0
7098;1;1;0;1;1;12;1;0;0
7099;0;1;1;0;1;12;1;0;0
7100;0;1;1;1;0;12;1;0;0
7101;0;1;1;0;0;12;1;0;0
7102;0;0;0;0;0;12;1;0;0
7103;1;2;1;0;1;12;1;0;0
7104;0;0;1;1;1;12;1;0;0
7105;0;2;1;0;0;12;1;0;0
7106;0;0;1;0;0;12;1;0;0
7107;0;2;1;1;0;12;1;0;0
7108;1;2;0;0;1;12;1;0;0
7109;0;1;0;1;1;12;1;0;0
7110;0;0;1;1;0;12;1;0;0
7111;0;2;0;1;0;12;1;0;0
7112;0;1;0;1;0;12;1;0;0
7113;1;1;0;0;1;12;1;0;0
7114;0;2;1;1;0;12;1;1;0
7115;1;1;1;1;1;12;1;1;0
7116;1;2;0;1;1;12;1;1;1
7117;0;2;1;0;1;12;1;1;1
7118;0;1;1;0;1;12;1;0;1
7119;0;2;0;0;0;12;1;0;1
7120;0;2;0;1;1;12;1;0;0
7121;1;2;1;0;1;12;1;0;0
7122;0;2;0;1;1;12;1;0;0
7123;1;0;1;0;1;12;1;0;0
7124;0;0;1;1;1;12;1;0;0
7125;0;0;0;0;0;12;1;0;0
7126;1;0;1;0;1;12;1;0;0
7127;0;1;0;1;0;12;2;0;0
7128;0;0;0;1;1;12;1;0;0
7129;0;0;1;1;0;12;1;0;0
7130;0;2;1;0;0;12;1;0;0
7131;0;2;1;0;0;12;1;0;0
7132;0;0;1;0;0;12;1;0;0
7133;0;1;1;1;0;12;1;0;0
7134;0;2;0;0;0;12;1;0;0
7135;0;1;0;1;0;12;1;0;0
7136;0;0;0;1;0;12;1;0;0
7137;0;1;0;1;0;12;1;0;0
7138;0;2;1;1;0;12;1;0;0
7139;0;1;1;0;0;12;1;0;0
7140;0;0;1;1;0;12;1;0;0
7141;0;1;1;1;0;12;1;0;0
7142;0;0;0;0;0;12;1;0;0
7143;1;0;1;1;1;12;1;0;0
7144;0;0;1;1;1;12;1;0;0
7145;0;2;0;1;0;12;1;0;0
7146;0;0;0;0;0;12;1;0;0
7147;0;0;0;0;0;12;1;0;0
7148;0;1;0;1;0;12;1;0;0
7149;0;0;1;1;0;12;1;0;0
7150;0;0;0;0;0;12;1;0;0
7151;0;1;0;1;0;12;1;0;0
7152;0;0;0;1;0;12;1;0;0
7153;0;1;0;0;0;12;1;0;0
7154;0;0;1;1;0;12;1;0;0
7155;0;1;1;0;0;12;1;0;0
7156;0;0;0;1;0;12;1;0;0
7157;0;0;1;1;0;12;1;0;0
7158;0;0;0;1;0;12;1;0;0
7159;0;2;0;1;0;12;1;0;0
7160;1;0;0;0;1;12;1;0;0
7161;0;0;0;1;1;12;1;0;0
7162;0;1;1;1;0;12;1;0;0
7163;0;2;0;0;0;12;1;0;0
7164;0;2;1;1;0;12;1;0;0
7165;0;0;0;0;0;12;1;0;0
7166;0;0;0;0;0;12;1;0;0
7167;0;0;1;0;0;12;1;0;0
7168;0;0;0;1;0;12;1;0;0
7169;0;1;1;0;0;12;1;0;0
7170;0;2;1;1;0;12;1;0;0
7171;0;1;0;1;0;12;1;0;0
7172;1;1;0;0;1;12;1;0;0
7173;0;1;0;0;1;12;1;0;0
7174;0;2;1;1;0;12;1;0;0
7175;0;2;1;0;0;12;1;0;0
7176;0;2;1;0;0;12;1;0;0
7177;0;2;0;1;0;12;1;0;0
7178;0;2;0;1;0;12;1;0;0
7179;0;1;1;1;0;12;1;0;0
7180;1;1;0;0;1;12;1;0;0
7181;1;1;1;0;1;12;1;0;1
7182;0;1;0;0;1;12;1;0;1
7183;0;2;0;0;1;12;1;0;0
7184;0;1;1;1;0;12;1;0;0
7185;0;0;1;0;0;12;1;0;0
7186;1;0;1;1;1;12;1;0;0
7187;1;1;0;0;1;12;1;1;0
7188;0;0;1;1;1;12;1;1;0
7189;1;1;1;1;1;12;1;1;0
7190;0;1;1;0;1;12;1;0;1
7191;1;1;0;1;1;12;1;0;1
7192;0;1;1;1;1;12;1;0;1
7193;0;2;1;1;1;12;1;0;0
7194;1;0;1;0;1;12;1;0;0
7195;0;1;0;0;1;12;1;0;0
7196;1;0;1;0;1;12;1;0;0
7197;1;1;0;1;1;12;2;0;0
7198;0;1;1;0;1;12;2;0;0
7199;1;0;0;0;1;12;2;0;0
7200;0;1;1;0;0;12;3;0;0
7201;0;1;1;1;0;12;3;0;0
7202;0;1;0;1;0;12;3;0;0
7203;1;1;0;1;1;12;3;0;0
7204;1;0;0;1;1;12;3;1;0
7205;0;2;0;1;0;12;4;1;0
7206;1;1;1;1;1;12;4;1;0
7207;1;1;1;1;1;12;4;2;0
7208;0;2;0;0;1;12;4;2;0
7209;1;1;1;1;1;12;4;2;0
7210;0;0;1;0;1;12;4;2;0
7211;0;1;1;1;1;12;4;1;0
7212;0;0;1;1;1;12;3;1;0
7213;0;2;1;1;0;12;3;1;0
7214;0;0;0;0;1;12;2;1;0
7215;1;2;1;0;1;12;2;1;0
7216;0;2;1;1;1;12;2;1;0
7217;1;2;0;0;1;12;2;1;0
7218;0;2;1;0;1;12;2;1;0
7219;0;2;0;0;0;12;2;1;0
7220;1;0;1;1;1;12;2;1;0
7221;0;0;1;0;1;12;2;1;0
7222;0;2;0;0;0;12;2;1;0
7223;0;1;1;0;1;12;2;0;0
7224;0;0;0;1;1;12;1;0;0
7225;0;2;0;0;0;12;1;0;0
7226;0;0;1;0;0;12;1;0;0
7227;0;1;0;0;0;12;1;0;0
7228;0;1;1;1;0;12;1;0;0
7229;0;2;1;0;0;12;1;0;0
7230;1;2;0;1;1;12;1;0;0
7231;1;0;1;1;1;12;1;0;1
7232;0;1;0;1;1;12;1;0;1
7233;0;0;1;0;1;12;1;0;0
7234;0;2;1;1;0;12;1;0;0
7235;0;1;1;1;0;12;1;0;0
7236;0;2;0;0;0;12;1;0;0
7237;1;2;1;1;1;12;1;0;0
7238;0;1;0;0;1;12;1;0;0
7239;0;1;0;0;0;12;1;0;0
7240;1;1;1;1;1;12;1;0;0
7241;0;2;0;1;0;12;1;1;0
7242;0;1;0;0;1;12;1;0;0
7243;0;2;0;0;0;12;1;0;0
7244;0;1;1;0;0;12;1;0;0
7245;1;0;0;1;1;12;1;0;0
7246;0;2;0;1;0;12;1;1;0
7247;0;0;0;0;1;12;1;0;0
7248;0;1;1;0;0;12;1;0;0
7249;0;2;0;0;0;12;1;0;0
7250;0;0;1;0;0;12;1;0;0
7251;1;2;1;1;1;12;1;0;0
7252;1;0;1;0;1;12;1;0;1
7253;0;1;0;1;1;12;2;0;0
7254;0;2;1;1;0;12;2;0;0
7255;0;2;1;0;0;12;2;0;0
7256;0;0;0;0;1;12;1;0;0
7257;0;0;0;1;0;12;1;0;0
7258;0;1;0;1;0;12;1;0;0
7259;0;2;0;0;0;12;1;0;0
7260;0;0;1;0;0;12;1;0;0
7261;1;2;0;1;1;12;1;0;0
7262;0;1;1;0;1;12;1;0;0
7263;1;0;1;1;1;12;1;0;0
7264;0;0;1;1;1;12;1;0;0
7265;1;0;0;0;1;12;1;0;0
7266;0;2;1;0;0;12;2;0;0
7267;0;0;1;0;1;12;1;0;0
7268;0;2;0;1;0;12;1;0;0
7269;1;1;1;1;1;12;1;0;0
7270;1;2;0;0;1;12;1;1;0
7271;0;1;1;0;1;12;1;0;1
7272;1;1;0;1;1;12;1;0;1
7273;0;1;0;1;1;12;1;0;1
7274;1;0;0;1;1;12;1;0;1
7275;0;1;1;0;1;12;2;0;0
7276;0;1;0;0;0;12;2;0;0
7277;0;0;0;1;1;12;1;0;0
7278;0;1;0;0;0;12;1;0;0
7279;0;2;0;0;0;12;1;0;0
7280;0;2;1;0;0;12;1;0;0
7281;0;0;0;0;0;12;1;0;0
7282;1;0;0;1;1;12;1;0;0
7283;0;1;1;1;0;12;2;0;0
7284;0;1;0;1;0;12;2;0;0
7285;0;0;0;0;1;12;1;0;0
7286;0;1;0;1;0;12;1;0;0
7287;0;2;1;0;0;12;1;0;0
7288;0;0;1;1;0;12;1;0;0
7289;1;1;1;0;1;12;1;0;0
7290;0;0;1;1;1;12;1;0;0
7291;0;2;1;1;0;12;1;0;0
7292;0;0;1;0;0;12;1;0;0
7293;0;1;0;1;0;12;1;0;0
7294;0;0;0;0;0;12;1;0;0
7295;0;0;1;0;0;12;1;0;0
7296;0;1;0;1;0;12;1;0;0
7297;0;0;1;0;0;12;1;0;0
7298;0;2;1;0;0;12;1;0;0
7299;1;0;1;0;1;12;1;0;0
7300;0;0;0;1;1;12;1;0;0
7301;1;1;1;1;1;12;1;0;0
7302;0;0;1;0;0;12;1;0;1
7303;0;0;1;0;0;12;1;0;1
7304;0;1;1;0;0;12;1;0;1
7305;0;2;0;0;0;12;1;0;1
7306;0;0;0;0;0;12;1;0;1
7307;0;1;1;1;1;12;1;0;0
7308;0;0;0;0;0;12;1;0;0
7309;0;1;0;0;0;12;1;0;0
7310;1;2;1;1;1;12;1;0;0
7311;1;1;1;1;1;12;1;0;1
7312;0;0;1;1;1;12;1;0;1
7313;1;0;0;1;1;12;1;0;1
7314;0;1;0;0;1;12;2;0;0
7315;1;2;0;0;1;12;2;0;0
7316;0;1;0;0;1;12;2;0;0
7317;0;2;1;1;0;12;2;0;0
7318;0;1;1;0;0;12;2;0;0
7319;0;2;1;0;0;12;2;0;0
7320;1;0;0;0;1;12;2;0;0
7321;0;0;1;1;1;12;2;0;0
7322;0;0;1;0;1;12;1;0;0
7323;0;2;1;0;0;12;1;0;0
7324;1;0;1;1;1;12;1;0;0
7325;0;0;1;1;1;12;1;0;0
7326;1;1;1;1;1;12;1;0;0
7327;0;2;0;0;1;12;1;0;0
7328;0;2;0;0;0;12;1;0;0
7329;0;2;0;1;0;12;1;0;0
7330;1;0;1;1;1;12;1;0;0
7331;1;0;0;0;1;12;1;1;0
7332;0;2;0;1;1;12;1;1;0
7333;0;0;0;1;1;12;1;0;0
7334;0;0;1;0;0;12;1;0;0
7335;0;0;0;1;0;12;1;0;0
7336;0;1;1;1;0;12;1;0;0
7337;0;2;1;0;0;12;1;0;0
7338;1;1;0;1;1;12;1;0;0
7339;1;2;1;0;1;12;1;1;0
7340;0;0;0;0;1;12;1;0;1
7341;0;1;1;1;1;12;1;0;0
7342;0;2;1;0;0;12;1;0;0
7343;0;1;1;1;0;12;1;0;0
7344;1;1;1;1;1;12;1;0;0
7345;1;2;1;1;1;12;1;0;1
7346;1;0;1;1;1;12;1;0;2
7347;0;2;0;0;1;12;2;0;1
7348;1;0;0;0;1;12;2;0;1
7349;0;1;1;1;1;12;2;0;1
7350;0;1;1;1;1;12;2;0;0
7351;0;1;1;1;0;12;2;0;0
7352;0;0;0;0;1;12;1;0;0
7353;0;2;1;0;0;12;1;0;0
7354;0;2;0;1;0;12;1;0;0
7355;1;2;1;1;1;12;1;0;0
7356;0;1;0;1;1;12;1;0;0
7357;0;1;1;0;0;12;1;0;0
7358;1;0;1;0;1;12;1;0;0
7359;0;2;0;0;1;12;1;0;0
7360;0;2;0;0;0;12;1;0;0
7361;1;0;0;0;1;12;1;0;0
7362;0;1;1;1;0;12;2;0;0
7363;0;0;0;0;1;12;1;0;0
7364;0;0;1;0;0;12;1;0;0
7365;0;2;0;1;0;12;1;0;0
7366;1;0;0;1;1;12;1;0;0
7367;1;1;1;1;1;12;2;0;0
7368;1;2;1;1;1;12;2;0;1
7369;0;2;1;0;1;12;2;0;1
7370;0;0;1;1;1;12;1;0;1
7371;0;2;0;0;1;12;1;0;0
7372;0;0;1;0;0;12;1;0;0
7373;0;2;0;0;0;12;1;0;0
7374;0;1;0;1;0;12;1;0;0
7375;0;2;0;0;0;12;1;0;0
7376;0;2;1;1;0;12;1;0;0
7377;0;2;1;1;0;12;1;0;0
7378;0;2;0;0;0;12;1;0;0
7379;0;1;0;1;0;12;1;0;0
7380;0;0;1;1;0;12;1;0;0
7381;1;0;0;1;1;12;1;0;0
7382;0;1;0;1;1;12;1;0;0
7383;1;0;0;1;1;12;1;0;0
7384;0;0;1;0;1;12;1;0;0
7385;1;0;0;0;1;12;1;0;0
7386;0;2;0;1;0;12;2;0;0
7387;0;1;0;1;0;12;2;0;0
7388;1;0;0;1;1;12;2;0;0
7389;0;1;1;0;0;12;3;0;0
7390;0;0;0;0;1;12;2;0;0
7391;0;1;1;1;0;12;2;0;0
7392;0;2;0;1;0;12;2;0;0
7393;1;0;0;1;1;12;2;0;0
7394;1;0;1;1;1;12;2;1;0
7395;0;1;1;1;1;12;3;0;0
7396;0;0;1;1;1;12;2;0;0
7397;0;1;0;1;0;12;2;0;0
7398;1;1;0;1;1;12;2;0;0
7399;0;0;1;1;1;12;1;0;1
7400;0;1;1;1;1;12;1;0;0
7401;0;1;0;0;0;12;1;0;0
7402;1;1;0;1;1;12;1;0;0
7403;1;2;0;1;1;12;1;1;0
7404;0;2;1;1;1;12;1;1;0
7405;0;0;0;1;1;12;1;0;0
7406;1;2;0;0;1;12;1;0;0
7407;1;0;1;0;1;12;1;0;1
7408;0;0;1;0;1;12;1;0;1
7409;0;0;1;0;1;12;1;0;0
7410;0;2;0;0;0;12;1;0;0
7411;0;2;1;1;0;12;1;0;0
7412;0;2;0;1;0;12;1;0;0
7413;1;1;1;0;1;12;1;0;0
7414;0;1;0;1;1;12;1;0;0
7415;0;2;0;0;0;12;1;0;0
7416;0;1;0;1;0;12;1;0;0
7417;0;1;1;0;0;12;1;0;0
7418;0;0;1;1;0;12;1;0;0
7419;0;2;0;0;0;12;1;0;0
7420;1;1;0;1;1;12;1;0;0
7421;0;1;1;0;1;12;1;0;0
7422;1;0;1;0;1;12;1;0;0
7423;1;0;0;1;1;12;2;0;0
7424;0;2;1;1;0;12;3;0;0
7425;0;2;0;1;0;12;3;0;0
7426;0;0;0;0;1;12;2;0;0
7427;0;1;1;1;0;12;2;0;0
7428;0;0;1;1;1;12;1;0;0
7429;0;2;0;0;0;12;1;0;0
7430;0;1;0;1;0;12;1;0;0
7431;0;1;0;0;0;12;1;0;0
7432;0;1;0;0;0;12;1;0;0
7433;0;2;0;1;0;12;1;0;0
7434;0;2;1;1;0;12;1;0;0
7435;1;1;1;1;1;12;1;0;0
7436;0;1;0;0;1;12;1;0;0
7437;1;2;1;1;1;12;1;0;0
7438;0;2;0;1;1;12;1;0;0
7439;0;0;1;0;0;12;1;0;0
7440;0;0;1;1;0;12;1;0;0
7441;1;2;0;0;1;12;1;0;0
7442;0;2;1;0;1;12;1;0;0
7443;0;2;1;0;0;12;1;0;0
7444;0;1;1;0;0;12;1;0;0
7445;0;0;1;0;0;12;1;0;0
7446;0;2;1;1;0;12;1;0;0
7447;0;2;0;0;0;12;1;0;0
7448;1;2;0;0;1;12;1;0;0
7449;0;1;0;1;1;12;1;0;0
7450;1;0;1;0;1;12;1;0;0
7451;0;1;1;1;0;12;2;0;0
7452;0;2;1;0;0;12;2;0;0
7453;0;2;1;0;0;12;2;0;0
7454;0;1;0;0;0;12;2;0;0
7455;1;0;0;1;1;12;2;0;0
7456;0;2;0;1;0;12;3;0;0
7457;1;2;0;0;1;12;3;0;0
7458;0;2;1;0;1;12;3;0;0
7459;0;2;0;1;0;12;3;0;0
7460;0;1;0;1;0;12;3;0;0
7461;0;1;1;1;0;12;3;0;0
7462;1;0;0;1;1;12;3;0;0
7463;0;2;1;0;0;12;4;0;0
7464;0;2;0;0;0;12;4;0;0
7465;0;2;1;1;0;12;4;0;0
7466;0;1;0;0;0;12;4;0;0
7467;0;0;0;1;1;12;3;0;0
7468;1;0;0;0;1;12;3;0;0
7469;0;1;0;1;1;12;3;0;0
7470;1;0;0;0;1;12;3;0;0
7471;1;1;1;1;1;12;4;0;0
7472;0;0;0;1;1;12;3;1;0
7473;0;0;1;1;1;12;2;1;0
7474;0;1;0;1;1;12;2;0;0
7475;0;1;0;1;0;12;2;0;0
7476;0;0;1;0;1;12;1;0;0
7477;0;2;0;1;0;12;1;0;0
7478;0;1;1;0;0;12;1;0;0
7479;0;0;1;0;0;12;1;0;0
7480;1;1;1;1;1;12;1;0;0
7481;0;2;1;1;0;12;1;1;0
7482;0;0;0;0;1;12;1;0;0
7483;0;0;0;1;0;12;1;0;0
7484;1;0;1;1;1;12;1;0;0
7485;0;2;0;0;0;12;2;0;0
7486;0;2;1;1;0;12;2;0;0
7487;0;0;1;1;1;12;1;0;0
7488;0;1;1;0;0;12;1;0;0
7489;0;0;1;0;0;12;1;0;0
7490;1;2;0;0;1;12;1;0;0
7491;0;2;1;0;1;12;1;0;0
7492;1;0;1;0;1;12;1;0;0
7493;1;2;1;0;1;12;2;0;0
7494;0;2;1;0;1;12;2;0;0
7495;0;0;0;1;1;12;1;0;0
7496;1;0;1;1;1;12;1;0;0
7497;1;1;1;1;1;12;2;0;0
7498;0;1;1;1;1;12;2;0;0
7499;1;1;0;0;1;12;2;0;0
7500;0;2;0;0;1;12;2;0;0
7501;0;1;0;1;0;12;2;0;0
7502;1;1;0;1;1;12;2;0;0
7503;0;0;1;0;1;12;1;1;0
7504;0;2;0;0;0;12;1;1;0
7505;0;1;1;1;1;12;1;0;0
7506;1;0;1;0;1;12;1;0;0
7507;0;1;0;0;0;12;2;0;0
7508;0;1;0;1;0;12;2;0;0
7509;0;0;0;0;1;12;1;0;0
7510;0;2;0;1;0;12;1;0;0
7511;0;2;0;0;0;12;1;0;0
7512;1;1;1;0;1;12;1;0;0
7513;1;0;0;1;1;12;1;1;0
7514;0;1;1;1;1;12;2;0;0
7515;1;0;1;1;1;12;2;0;0
7516;0;1;0;0;0;12;3;0;0
7517;0;2;0;1;0;12;3;0;0
7518;0;1;1;0;0;12;3;0;0
7519;0;0;1;0;1;12;2;0;0
7520;0;2;1;1;0;12;2;0;0
7521;0;2;1;1;0;12;2;0;0
7522;0;1;0;0;0;12;2;0;0
7523;1;2;1;1;1;12;2;0;0
7524;0;0;1;0;1;12;1;0;1
7525;0;2;1;0;1;12;1;0;0
7526;0;2;0;0;0;12;1;0;0
7527;0;0;0;0;0;12;1;0;0
7528;0;0;0;0;0;12;1;0;0
7529;1;0;0;1;1;12;1;0;0
7530;1;0;1;1;1;12;2;0;0
7531;0;2;1;0;0;12;3;0;0
7532;0;2;0;0;0;12;3;0;0
7533;0;1;0;1;0;12;3;0;0
7534;0;0;0;0;1;12;2;0;0
7535;0;1;1;0;0;12;2;0;0
7536;0;1;1;0;0;12;2;0;0
7537;0;1;0;1;0;12;2;0;0
7538;0;0;0;1;1;12;1;0;0
7539;0;2;0;0;0;12;1;0;0
7540;0;1;1;0;0;12;1;0;0
7541;0;0;0;1;0;12;1;0;0
7542;0;0;0;0;0;12;1;0;0
7543;0;2;1;1;0;12;1;0;0
7544;0;2;0;1;0;12;1;0;0
7545;0;0;1;0;0;12;1;0;0
7546;0;2;1;1;0;12;1;0;0
7547;0;1;1;0;0;12;1;0;0
7548;0;2;1;1;0;12;1;0;0
7549;0;0;1;1;0;12;1;0;0
7550;0;1;0;0;0;12;1;0;0
7551;1;0;0;0;1;12;1;0;0
7552;0;0;1;0;1;12;1;0;0
7553;1;0;0;1;1;12;1;0;0
7554;0;0;0;1;1;12;1;0;0
7555;0;0;1;1;0;12;1;0;0
7556;0;1;1;0;0;12;1;0;0
7557;1;1;1;1;1;12;1;0;0
7558;0;0;1;1;1;12;1;0;0
7559;1;0;1;0;1;12;1;0;0
7560;0;2;1;1;0;12;2;0;0
7561;0;2;1;1;0;12;2;0;0
7562;0;2;0;0;0;12;2;0;0
7563;0;2;1;1;0;12;2;0;0
7564;0;2;0;1;0;12;2;0;0
7565;1;0;0;0;1;12;2;0;0
7566;0;2;1;1;0;12;3;0;0
7567;0;2;0;1;0;12;3;0;0
7568;0;2;0;1;0;12;3;0;0
7569;0;1;0;1;0;12;3;0;0
7570;1;0;0;0;1;12;3;0;0
7571;0;2;1;0;0;12;4;0;0
7572;1;2;0;0;1;12;4;0;0
7573;1;0;1;0;1;12;4;0;1
7574;1;0;0;1;1;12;4;0;2
7575;0;2;0;0;1;12;5;0;1
7576;0;1;0;0;1;12;5;0;0
7577;0;1;0;1;0;12;5;0;0
7578;0;0;1;0;1;12;4;0;0
7579;0;1;0;1;0;12;4;0;0
7580;0;1;1;1;0;12;4;0;0
7581;0;2;0;0;0;12;4;0;0
7582;0;0;1;0;1;12;3;0;0
7583;0;1;1;1;0;12;3;0;0
7584;1;1;0;1;1;12;3;0;0
7585;1;0;1;1;1;12;3;1;0
7586;0;0;0;1;1;12;3;1;0
7587;0;0;0;1;1;12;2;1;0
7588;1;1;0;1;1;12;2;1;0
7589;0;0;0;1;1;12;1;2;0
7590;0;0;0;0;1;12;1;1;0
7591;0;2;1;0;0;12;1;1;0
7592;1;2;0;1;1;12;1;1;0
7593;0;0;0;0;1;12;1;0;1
7594;0;0;0;0;1;12;1;0;0
7595;0;2;1;1;0;12;1;0;0
7596;0;0;1;1;0;12;1;0;0
7597;0;0;0;0;0;12;1;0;0
7598;1;2;0;1;1;12;1;0;0
7599;0;0;0;0;1;12;1;0;0
7600;0;0;0;1;0;12;1;0;0
7601;0;2;0;0;0;12;1;0;0
7602;0;1;0;0;0;12;1;0;0
7603;0;1;1;0;0;12;1;0;0
7604;1;0;1;1;1;12;1;0;0
7605;0;2;1;0;0;12;2;0;0
7606;0;1;1;0;0;12;2;0;0
7607;1;2;0;1;1;12;2;0;0
7608;0;1;1;1;1;12;2;0;0
7609;0;1;1;1;0;12;2;0;0
7610;0;2;0;1;0;12;2;0;0
7611;0;1;0;1;0;12;2;0;0
7612;0;0;0;0;1;12;1;0;0
7613;1;2;0;0;1;12;1;0;0
7614;0;1;1;0;1;12;1;0;0
7615;0;1;1;0;0;12;1;0;0
7616;0;2;1;1;0;12;1;0;0
7617;0;1;0;0;0;12;1;0;0
7618;0;0;1;1;0;12;1;0;0
7619;0;1;1;0;0;12;1;0;0
7620;0;2;1;1;0;12;1;0;0
7621;0;2;1;1;0;12;1;0;0
7622;0;0;0;0;0;12;1;0;0
7623;0;0;1;0;0;12;1;0;0
7624;1;0;1;0;1;12;1;0;0
7625;0;1;1;1;0;12;2;0;0
7626;0;1;0;0;0;12;2;0;0
7627;0;2;1;1;0;12;2;0;0
7628;0;0;0;1;1;12;1;0;0
7629;0;1;1;0;0;12;1;0;0
7630;0;2;0;0;0;12;1;0;0
7631;0;2;1;0;0;12;1;0;0
7632;0;0;0;1;0;12;1;0;0
7633;0;2;0;0;0;12;1;0;0
7634;0;0;0;0;0;12;1;0;0
7635;1;0;1;0;1;12;1;0;0
7636;0;0;0;0;1;12;1;0;0
7637;1;0;1;0;1;12;1;0;0
7638;0;2;1;1;0;12;1;1;0
7639;0;0;1;0;1;12;1;0;0
7640;0;1;0;1;0;12;1;0;0
7641;0;1;1;1;0;12;1;0;0
7642;1;1;0;1;1;12;1;0;0
7643;0;1;1;0;1;12;1;0;0
7644;0;2;0;0;0;13;1;0;0
7645;0;0;1;0;0;13;1;0;0
7646;0;0;1;1;0;13;1;0;0
7647;1;1;1;0;1;13;1;0;0
7648;0;1;0;0;1;13;1;0;0
7649;0;1;1;1;0;13;1;0;0
7650;1;1;0;1;1;13;1;0;0
7651;1;1;0;1;1;13;1;0;1
7652;0;0;0;0;1;13;1;0;1
7653;0;2;0;0;1;13;1;0;0
7654;1;1;1;0;1;13;1;0;0
7655;0;1;1;0;1;13;1;0;0
7656;0;2;0;0;0;13;1;0;0
7657;0;0;0;1;0;13;1;0;0
7658;1;1;0;0;1;13;1;0;0
7659;0;2;0;0;1;13;1;0;0
7660;0;2;0;1;0;13;1;0;0
7661;1;1;0;0;1;13;1;0;0
7662;0;1;0;0;1;13;1;0;0
7663;0;1;0;1;0;13;1;0;0
7664;0;0;1;0;0;13;1;0;0
7665;0;2;1;1;0;13;1;0;0
7666;0;1;1;1;0;13;1;0;0
7667;1;1;0;1;1;13;1;0;0
7668;0;2;0;0;0;13;1;1;0
7669;0;0;1;0;1;13;1;0;0
7670;0;0;1;0;0;13;1;0;0
7671;0;1;0;1;0;13;1;0;0
7672;0;2;0;0;0;13;1;0;0
7673;1;0;1;1;1;13;1;0;0
7674;0;0;0;1;1;13;1;0;0
7675;0;1;1;0;0;13;1;0;0
7676;0;0;1;1;0;13;1;0;0
7677;0;1;1;0;0;13;1;0;0
7678;0;2;0;0;0;13;1;0;0
7679;0;0;0;1;0;13;1;0;0
7680;0;2;0;1;0;13;1;0;0
7681;1;0;1;1;1;13;1;0;0
7682;0;2;0;0;0;13;2;0;0
7683;1;0;0;0;1;13;2;0;0
7684;0;1;1;0;0;13;3;0;0
7685;0;2;1;0;0;13;3;0;0
7686;0;0;1;1;1;13;2;0;0
7687;0;0;1;0;1;13;1;0;0
7688;0;1;1;1;0;13;1;0;0
7689;0;1;0;0;0;13;1;0;0
7690;0;0;0;1;0;13;1;0;0
7691;1;1;1;0;1;13;1;0;0
7692;1;1;0;1;1;13;1;0;1
7693;0;1;0;0;1;13;1;0;1
7694;0;0;1;0;1;13;1;0;0
7695;1;2;0;0;1;13;1;0;0
7696;0;2;1;1;1;13;1;0;0
7697;0;0;1;0;0;13;1;0;0
7698;0;1;1;0;0;13;1;0;0
7699;0;2;0;1;0;13;1;0;0
7700;0;1;0;1;0;13;1;0;0
7701;1;1;1;0;1;13;1;0;0
7702;0;1;1;1;1;13;1;0;0
7703;1;2;0;1;1;13;1;0;0
7704;1;1;1;0;1;13;1;0;1
7705;0;2;0;0;1;13;1;1;0
7706;1;2;0;1;1;13;1;1;0
7707;1;2;1;0;1;13;1;1;1
7708;1;1;1;0;1;13;1;1;2
7709;0;0;0;1;1;13;1;0;3
7710;0;0;1;1;1;13;1;0;2
7711;0;0;1;1;1;13;1;0;1
7712;0;1;0;1;1;13;1;0;0
7713;0;1;0;1;0;13;1;0;0
7714;0;1;0;0;0;13;1;0;0
7715;0;2;0;1;0;13;1;0;0
7716;0;1;1;1;0;13;1;0;0
7717;1;1;1;0;1;13;1;0;0
7718;1;0;0;1;1;13;1;1;0
7719;1;1;1;1;1;13;2;1;0
7720;0;1;0;1;1;13;2;1;0
7721;1;1;1;1;1;13;2;1;0
7722;0;1;0;0;1;13;2;1;0
7723;1;1;1;0;1;13;2;1;0
7724;0;0;1;1;1;13;1;1;1
7725;0;2;1;1;1;13;1;1;0
7726;1;1;1;0;1;13;1;1;0
7727;1;0;0;1;1;13;1;2;0
7728;0;2;0;0;0;13;2;2;0
7729;0;0;1;0;1;13;1;2;0
7730;0;2;1;0;0;13;1;2;0
7731;0;0;0;1;1;13;1;1;0
7732;0;1;1;1;1;13;1;0;0
7733;0;0;0;0;0;13;1;0;0
7734;0;0;0;1;0;13;1;0;0
7735;0;2;0;0;0;13;1;0;0
7736;0;2;1;1;0;13;1;0;0
7737;0;1;1;1;0;13;1;0;0
7738;0;0;1;1;0;13;1;0;0
7739;0;2;0;1;0;13;1;0;0
7740;0;0;0;0;0;13;1;0;0
7741;0;1;1;0;0;13;1;0;0
7742;1;0;0;1;1;13;1;0;0
7743;0;1;0;0;0;13;2;0;0
7744;0;1;1;0;0;13;2;0;0
7745;0;2;0;1;0;13;2;0;0
7746;1;0;0;1;1;13;2;0;0
7747;0;2;0;0;0;13;3;0;0
7748;1;0;0;1;1;13;3;0;0
7749;0;1;1;1;1;13;3;0;0
7750;0;1;1;0;0;13;3;0;0
7751;0;2;1;0;0;13;3;0;0
7752;0;2;0;1;0;13;3;0;0
7753;0;1;1;0;0;13;3;0;0
7754;0;2;1;0;0;13;3;0;0
7755;0;1;0;1;0;13;3;0;0
7756;0;0;1;1;1;13;2;0;0
7757;1;0;0;0;1;13;2;0;0
7758;0;1;0;0;0;13;3;0;0
7759;0;2;1;0;0;13;3;0;0
7760;0;1;0;1;0;13;3;0;0
7761;1;1;0;0;1;13;3;0;0
7762;0;1;1;0;1;13;3;0;0
7763;0;1;0;0;0;13;3;0;0
7764;1;1;0;0;1;13;3;0;0
7765;1;0;0;1;1;13;3;1;0
7766;0;1;1;1;1;13;3;0;1
7767;0;2;0;1;1;13;3;0;0
7768;0;0;0;1;1;13;2;0;0
7769;0;0;0;1;1;13;1;0;0
7770;0;0;1;1;0;13;1;0;0
7771;1;0;0;1;1;13;1;0;0
7772;0;1;1;0;0;13;2;0;0
7773;0;0;1;1;1;13;1;0;0
7774;1;0;0;0;1;13;1;0;0
7775;0;2;0;1;0;13;2;0;0
7776;0;0;0;1;1;13;1;0;0
7777;0;1;0;1;0;13;1;0;0
7778;0;1;1;0;0;13;1;0;0
7779;0;0;0;0;0;13;1;0;0
7780;0;2;0;0;0;13;1;0;0
7781;0;1;1;0;0;13;1;0;0
7782;0;1;0;0;0;13;1;0;0
7783;0;1;1;0;0;13;1;0;0
7784;0;0;0;0;0;13;1;0;0
7785;1;2;0;0;1;13;1;0;0
7786;0;0;0;0;1;13;1;0;0
7787;0;0;0;0;0;13;1;0;0
7788;0;0;0;0;0;13;1;0;0
7789;1;0;0;1;1;13;1;0;0
7790;0;1;0;1;0;13;2;0;0
7791;0;0;0;0;1;13;1;0;0
7792;0;2;0;1;0;13;1;0;0
7793;1;0;0;0;1;13;1;0;0
7794;0;0;1;0;1;13;1;0;0
7795;0;2;1;1;0;13;1;0;0
7796;0;1;0;1;0;13;1;0;0
7797;0;1;1;1;0;13;1;0;0
7798;1;1;0;0;1;13;1;0;0
7799;0;2;1;1;1;13;1;0;0
7800;0;0;1;0;0;13;1;0;0
7801;0;1;0;1;0;13;1;0;0
7802;1;1;1;0;1;13;1;0;0
7803;1;0;1;0;1;13;1;1;0
7804;0;0;0;0;1;13;1;1;0
7805;0;1;0;1;1;13;1;0;0
7806;0;2;0;1;0;13;1;0;0
7807;0;0;0;1;0;13;1;0;0
7808;1;0;1;1;1;13;1;0;0
7809;0;0;1;1;1;13;1;0;0
7810;0;2;0;1;0;13;1;0;0
7811;0;1;0;1;0;13;1;0;0
7812;0;0;0;1;0;13;1;0;0
7813;0;0;0;1;0;13;1;0;0
7814;0;1;0;1;0;13;1;0;0
7815;0;0;0;1;0;13;1;0;0
7816;0;2;1;0;0;13;1;0;0
7817;0;0;1;1;0;13;1;0;0
7818;0;2;1;0;0;13;1;0;0
7819;1;0;0;0;1;13;1;0;0
7820;0;2;1;1;0;13;1;1;0
7821;0;2;0;1;0;13;1;1;0
7822;0;0;1;1;1;13;1;0;0
7823;1;1;0;0;1;13;1;0;0
7824;1;1;0;0;1;13;1;1;0
7825;1;1;1;1;1;13;1;2;0
7826;1;0;1;0;1;13;1;2;1
7827;0;0;0;0;1;13;1;2;1
7828;0;0;0;1;1;13;1;1;1
7829;1;2;1;0;1;13;1;1;1
7830;0;1;0;0;1;13;1;0;2
7831;0;0;1;0;1;13;1;0;1
7832;0;0;1;1;1;13;1;0;0
7833;1;1;1;0;1;13;1;0;0
7834;0;0;1;0;1;13;1;0;0
7835;1;0;0;1;1;13;1;0;0
7836;1;2;0;0;1;13;1;0;1
7837;0;1;0;0;1;13;1;0;1
7838;0;1;1;0;1;13;1;0;0
7839;0;1;1;1;0;13;1;0;0
7840;0;1;1;1;0;13;1;0;0
7841;0;2;0;0;0;13;1;0;0
7842;0;1;0;1;0;13;1;0;0
7843;1;0;1;1;1;13;1;0;0
7844;1;2;1;0;1;13;1;0;1
7845;0;2;0;0;1;13;1;0;1
7846;0;1;0;1;1;13;1;0;0
7847;1;0;1;1;1;13;1;0;0
7848;1;2;1;0;1;13;1;1;0
7849;0;2;0;1;1;13;1;1;0
7850;0;1;1;0;1;13;1;0;0
7851;0;2;0;0;0;13;1;0;0
7852;1;1;1;0;1;13;1;0;0
7853;0;1;0;1;1;13;1;0;0
7854;0;1;1;0;0;13;1;0;0
7855;0;0;1;0;0;13;1;0;0
7856;0;1;1;1;0;13;1;0;0
7857;1;0;0;1;1;13;1;0;0
7858;0;0;0;1;1;13;1;0;0
7859;0;2;0;0;0;13;1;0;0
7860;1;0;0;1;1;13;1;0;0
7861;0;0;0;0;1;13;1;0;0
7862;0;0;1;0;0;13;1;0;0
7863;0;0;0;1;0;13;1;0;0
7864;0;0;0;0;0;13;1;0;0
7865;1;0;1;1;1;13;1;0;0
7866;0;1;0;1;1;13;1;0;0
7867;0;1;1;0;0;13;1;0;0
7868;0;0;1;1;0;13;1;0;0
7869;0;0;1;1;0;13;1;0;0
7870;0;2;0;0;0;13;1;0;0
7871;0;1;0;0;0;13;1;0;0
7872;0;0;1;1;0;13;1;0;0
7873;1;2;1;1;1;13;1;0;0
7874;0;2;0;0;1;13;1;0;0
7875;0;1;0;0;0;13;1;0;0
7876;0;0;1;0;0;13;1;0;0
7877;1;2;0;1;1;13;1;0;0
7878;0;2;0;1;1;13;1;0;0
7879;0;2;0;0;0;13;1;0;0
7880;0;1;0;1;0;13;1;0;0
7881;0;0;1;0;0;13;1;0;0
7882;0;2;0;0;0;13;1;0;0
7883;0;1;0;1;0;13;1;0;0
7884;1;1;1;0;1;13;1;0;0
7885;1;1;1;1;1;13;1;0;1
7886;0;2;0;1;1;13;1;1;0
7887;1;2;1;0;1;13;1;1;0
7888;1;0;1;0;1;13;1;1;1
7889;1;1;1;0;1;13;1;1;2
7890;1;1;0;1;1;13;1;2;2
7891;0;1;1;1;1;13;1;3;1
7892;0;1;1;0;1;13;1;2;1
7893;0;0;1;0;1;13;1;1;1
7894;0;0;1;0;1;13;1;0;1
7895;1;0;0;1;1;13;1;0;1
7896;0;2;0;0;1;13;2;0;0
7897;0;0;0;1;1;13;1;0;0
7898;0;0;0;1;0;13;1;0;0
7899;0;2;1;0;0;13;1;0;0
7900;0;2;1;0;0;13;1;0;0
7901;0;1;0;1;0;13;1;0;0
7902;0;0;0;1;0;13;1;0;0
7903;0;2;0;0;0;13;1;0;0
7904;1;2;0;1;1;13;1;0;0
7905;1;2;0;1;1;13;1;0;1
7906;0;1;0;0;1;13;1;0;1
7907;0;0;1;1;1;13;1;0;0
7908;0;1;1;0;0;13;1;0;0
7909;1;1;1;0;1;13;1;0;0
7910;0;2;0;0;0;13;1;1;0
7911;0;1;0;1;1;13;1;0;0
7912;0;0;1;1;0;13;1;0;0
7913;1;1;0;0;1;13;1;0;0
7914;0;2;0;1;0;13;1;1;0
7915;1;1;1;1;1;13;1;1;0
7916;0;2;0;1;0;13;1;1;1
7917;1;2;0;0;1;13;1;1;1
7918;0;2;0;1;1;13;1;1;1
7919;1;0;0;1;1;13;1;1;1
7920;0;2;1;1;1;13;2;1;0
7921;0;2;0;0;0;13;2;1;0
7922;0;0;0;1;1;13;1;1;0
7923;0;2;0;1;0;13;1;1;0
7924;1;0;1;1;1;13;1;1;0
7925;0;2;1;1;0;13;2;1;0
7926;1;2;1;1;1;13;2;1;0
7927;1;0;1;0;1;13;2;1;1
7928;1;1;1;1;1;13;3;1;1
7929;1;1;1;1;1;13;3;2;1
7930;0;2;0;1;1;13;3;2;1
7931;0;1;1;0;1;13;3;1;1
7932;0;1;1;0;1;13;3;0;1
7933;0;2;0;0;1;13;3;0;0
7934;1;0;1;1;1;13;3;0;0
7935;0;2;0;1;0;13;4;0;0
7936;0;1;0;1;0;13;4;0;0
7937;1;2;0;0;1;13;4;0;0
7938;0;1;1;0;1;13;4;0;0
7939;0;2;0;0;0;13;4;0;0
7940;1;1;1;0;1;13;4;0;0
7941;1;1;1;0;1;13;4;0;1
7942;1;1;1;1;1;13;4;1;1
7943;0;2;1;1;1;13;4;2;0
7944;0;2;1;1;0;13;4;2;0
7945;1;2;1;1;1;13;4;2;0
7946;1;0;1;0;1;13;4;2;1
7947;1;1;1;1;1;13;5;2;1
7948;0;0;0;0;1;13;4;3;1
7949;0;0;1;1;1;13;3;3;1
7950;0;1;0;1;1;13;3;2;1
7951;0;1;0;0;1;13;3;1;1
7952;0;2;0;0;1;13;3;1;0
7953;0;2;0;1;0;13;3;1;0
7954;1;0;0;1;1;13;3;1;0
7955;1;0;1;1;1;13;3;2;0
7956;0;1;1;0;1;13;4;1;0
7957;0;0;0;0;1;13;3;1;0
7958;1;0;0;1;1;13;3;1;0
7959;0;1;0;1;1;13;4;0;0
7960;0;1;0;1;0;13;4;0;0
7961;1;0;0;0;1;13;4;0;0
7962;0;1;1;1;0;13;5;0;0
7963;1;2;1;0;1;13;5;0;0
7964;1;2;0;1;1;13;5;0;1
7965;0;0;0;0;1;13;4;0;2
7966;0;1;0;0;1;13;4;0;1
7967;1;0;0;1;1;13;4;0;1
7968;0;2;0;0;1;13;5;0;0
7969;0;1;1;0;0;13;5;0;0
7970;0;2;1;0;0;13;5;0;0
7971;1;0;0;1;1;13;5;0;0
7972;0;1;0;0;0;13;5;0;1
7973;1;1;1;0;1;13;5;0;1
7974;0;2;1;1;1;13;5;1;0
7975;0;2;1;1;0;13;5;1;0
7976;0;1;0;1;1;13;5;0;0
7977;1;1;1;0;1;13;5;0;0
7978;1;0;1;1;1;13;5;0;1
7979;1;0;1;0;1;13;6;0;1
7980;0;1;0;0;1;13;6;0;1
7981;0;1;1;1;1;13;6;0;0
7982;0;2;0;1;0;13;6;0;0
7983;0;2;1;0;0;13;6;0;0
7984;0;2;1;0;0;13;6;0;0
7985;0;1;1;1;0;13;6;0;0
7986;0;1;1;0;0;13;6;0;0
7987;0;1;0;1;0;13;6;0;0
7988;1;0;1;0;1;13;6;0;0
7989;1;2;1;0;1;13;7;0;0
7990;1;1;0;0;1;13;7;0;1
7991;1;1;1;1;1;13;7;0;2
7992;1;2;1;0;1;13;7;1;2
7993;0;2;0;1;1;13;7;1;2
7994;0;2;0;1;1;13;7;1;1
7995;1;1;1;1;1;13;7;1;1
7996;0;2;0;0;1;13;7;2;0
7997;0;2;1;0;0;13;7;2;0
7998;1;1;1;1;1;13;7;2;0
7999;0;1;1;1;1;13;7;2;0
8000;0;0;1;0;1;13;6;2;0
8001;1;1;0;0;1;13;6;2;0
8002;0;0;0;1;1;13;5;3;0
8003;1;0;0;0;1;13;5;3;0
8004;0;2;1;0;0;13;6;3;0
8005;0;2;1;0;0;13;6;3;0
8006;0;0;1;1;1;13;5;3;0
8007;0;0;0;0;1;13;4;3;0
8008;0;2;1;1;0;13;4;3;0
8009;0;0;0;0;1;13;3;3;0
8010;0;2;1;0;0;13;3;3;0
8011;0;1;0;1;1;13;3;2;0
8012;0;2;1;0;0;13;3;2;0
8013;1;2;1;1;1;13;3;2;0
8014;1;0;1;1;1;13;3;2;1
8015;0;1;0;1;1;13;4;1;1
8016;0;0;0;1;1;13;3;1;1
8017;1;1;1;0;1;13;3;1;1
8018;0;2;1;0;1;13;3;1;1
8019;0;2;0;0;1;13;3;1;0
8020;1;2;1;1;1;13;3;1;0
8021;0;1;1;1;1;13;3;0;1
8022;1;0;1;0;1;13;3;0;1
8023;0;0;1;1;1;13;2;1;1
8024;0;0;1;0;1;13;1;1;1
8025;1;0;0;1;1;13;1;1;1
8026;0;0;0;0;1;13;1;1;1
8027;0;0;1;0;1;13;1;0;1
8028;1;1;1;1;1;13;1;0;1
8029;0;1;1;1;1;13;1;0;1
8030;0;1;1;1;1;13;1;0;0
8031;0;1;1;0;0;13;1;0;0
8032;1;2;1;0;1;13;1;0;0
8033;0;0;0;1;1;13;1;0;0
8034;0;0;0;1;0;13;1;0;0
8035;1;2;1;1;1;13;1;0;0
8036;0;1;1;1;1;13;1;0;0
8037;0;0;0;1;0;13;1;0;0
8038;1;2;0;0;1;13;1;0;0
8039;0;1;1;0;1;13;1;0;0
8040;0;2;1;0;0;13;1;0;0
8041;1;0;1;1;1;13;1;0;0
8042;0;1;1;0;0;13;2;0;0
8043;0;0;1;1;1;13;1;0;0
8044;0;2;1;0;0;13;1;0;0
8045;0;1;1;1;0;13;1;0;0
8046;0;0;1;1;0;13;1;0;0
8047;0;1;1;1;0;13;1;0;0
8048;0;0;1;1;0;13;1;0;0
8049;0;1;0;1;0;13;1;0;0
8050;0;1;1;0;0;13;1;0;0
8051;1;1;1;1;1;13;1;0;0
8052;1;0;1;1;1;13;1;1;0
8053;1;1;0;1;1;13;2;1;0
8054;1;0;0;1;1;13;2;2;0
8055;1;0;0;1;1;13;3;2;0
8056;0;1;0;1;1;13;4;1;0
8057;1;1;0;1;1;13;4;1;0
8058;1;1;1;0;1;13;4;2;0
8059;0;1;0;0;1;13;4;2;0
8060;1;0;0;1;1;13;4;2;0
8061;1;1;1;1;1;13;5;2;0
8062;1;0;1;1;1;13;5;3;0
8063;0;0;1;1;1;13;5;3;0
8064;0;0;1;0;1;13;4;3;0
8065;0;2;0;1;0;13;4;3;0
8066;0;2;1;0;0;13;4;3;0
8067;0;2;0;1;0;13;4;3;0
8068;0;1;1;1;1;13;4;2;0
8069;1;1;0;0;1;13;4;2;0
8070;0;1;1;0;1;13;4;2;0
8071;1;0;1;1;1;13;4;2;0
8072;0;0;0;0;1;13;4;2;0
8073;1;0;0;1;1;13;4;2;0
8074;0;0;0;0;1;13;3;3;0
8075;0;1;1;0;1;13;3;2;0
8076;0;1;0;0;1;13;3;1;0
8077;1;1;0;1;1;13;3;1;0
8078;0;2;1;1;0;13;3;2;0
8079;1;0;0;0;1;13;3;2;0
8080;1;0;1;0;1;13;4;2;0
8081;0;1;1;1;1;13;5;1;0
8082;1;0;1;1;1;13;5;1;0
8083;0;2;1;0;0;13;6;1;0
8084;0;1;0;1;1;13;6;0;0
8085;0;2;0;0;0;13;6;0;0
8086;1;1;1;1;1;13;6;0;0
8087;1;1;1;1;1;13;6;1;0
8088;0;2;0;1;1;13;6;1;0
8089;0;0;1;1;1;13;5;1;0
8090;0;0;0;0;1;13;4;1;0
8091;0;2;1;1;0;13;4;1;0
8092;1;1;0;0;1;13;4;1;0
8093;0;2;0;0;0;13;4;2;0
8094;1;2;0;0;1;13;4;2;0
8095;0;1;0;0;1;13;4;1;1
8096;0;2;0;0;1;13;4;1;0
8097;0;1;0;1;1;13;4;0;0
8098;0;1;1;0;0;13;4;0;0
8099;0;1;1;1;0;13;4;0;0
8100;1;2;1;1;1;13;4;0;0
8101;0;0;1;1;1;13;3;0;1
8102;1;0;0;0;1;13;3;0;1
8103;0;0;0;0;1;13;3;0;1
8104;0;0;1;1;1;13;2;0;1
8105;0;1;0;1;1;13;2;0;0
8106;0;1;0;0;0;13;2;0;0
8107;0;1;1;1;0;13;2;0;0
8108;1;0;0;1;1;13;2;0;0
8109;1;2;1;0;1;13;3;0;0
8110;0;2;1;1;1;13;3;0;0
8111;1;1;1;1;1;13;3;0;0
8112;0;2;1;1;0;13;3;1;0
8113;0;2;1;1;0;13;3;1;0
8114;1;1;1;0;1;13;3;1;0
8115;0;1;0;0;1;13;3;0;1
8116;0;0;0;0;1;13;2;0;1
8117;1;2;1;1;1;13;2;0;1
8118;1;2;0;0;1;13;2;0;2
8119;1;0;0;0;1;13;2;0;3
8120;0;0;0;1;1;13;1;1;3
8121;0;0;1;0;1;13;1;1;2
8122;0;0;0;1;1;13;1;0;2
8123;0;2;0;0;1;13;1;0;1
8124;0;0;0;1;0;13;1;0;1
8125;0;1;1;1;1;13;1;0;0
8126;1;0;0;1;1;13;1;0;0
8127;0;2;0;1;0;13;2;0;0
8128;0;2;0;0;0;13;2;0;0
8129;0;0;1;0;1;13;1;0;0
8130;0;1;1;0;0;13;1;0;0
8131;1;2;1;1;1;13;1;0;0
8132;0;1;1;0;1;13;1;0;0
8133;0;1;1;0;0;13;1;0;0
8134;0;0;1;1;0;13;1;0;0
8135;0;2;1;1;0;13;1;0;0
8136;0;1;1;1;0;13;1;0;0
8137;1;1;0;1;1;13;1;0;0
8138;0;0;1;1;1;13;1;0;0
8139;1;2;1;1;1;13;1;0;0
8140;0;2;0;1;0;13;1;0;1
8141;0;2;0;1;0;13;1;0;1
8142;0;1;0;1;0;13;1;0;1
8143;1;0;0;0;1;13;1;0;1
8144;1;2;1;0;1;13;2;0;1
8145;0;1;0;0;1;13;2;0;1
8146;0;1;0;0;0;13;2;0;1
8147;1;0;0;1;1;13;2;0;1
8148;0;1;0;1;0;13;3;0;1
8149;0;1;0;1;0;13;3;0;1
8150;1;0;1;1;1;13;3;0;1
8151;0;1;1;1;1;13;4;0;0
8152;0;2;1;1;0;13;4;0;0
8153;0;1;1;0;0;13;4;0;0
8154;0;0;0;1;1;13;3;0;0
8155;0;0;0;1;1;13;2;0;0
8156;1;0;0;0;1;13;2;0;0
8157;0;1;0;1;0;13;3;0;0
8158;1;1;1;0;1;13;3;0;0
8159;0;1;1;0;1;13;3;0;0
8160;0;2;1;1;0;13;3;0;0
8161;0;1;0;1;0;13;3;0;0
8162;1;1;0;1;1;13;3;0;0
8163;0;1;1;0;1;13;3;0;0
8164;0;2;1;0;0;13;3;0;0
8165;0;0;1;0;1;13;2;0;0
8166;0;1;0;1;0;13;2;0;0
8167;0;1;1;1;0;13;2;0;0
8168;0;2;1;1;0;13;2;0;0
8169;0;0;0;0;1;13;1;0;0
8170;0;2;1;0;0;13;1;0;0
8171;0;0;1;1;0;13;1;0;0
8172;1;2;1;0;1;13;1;0;0
8173;0;1;1;1;1;13;1;0;0
8174;0;1;0;1;0;13;1;0;0
8175;1;2;0;0;1;13;1;0;0
8176;0;0;1;0;1;13;1;0;0
8177;1;2;0;0;1;13;1;0;0
8178;0;0;1;0;1;13;1;0;0
8179;0;2;0;0;0;13;1;0;0
8180;1;1;1;0;1;13;1;0;0
8181;1;0;0;1;1;13;1;1;0
8182;0;1;1;1;1;13;2;0;0
8183;0;1;1;1;0;13;2;0;0
8184;1;1;1;1;1;13;2;0;0
8185;0;2;1;1;0;13;2;1;0
8186;0;1;1;1;1;13;2;0;0
8187;0;0;0;0;1;13;1;0;0
8188;0;0;1;1;0;13;1;0;0
8189;1;0;1;0;1;13;1;0;0
8190;1;0;1;0;1;13;1;0;1
8191;0;2;1;1;1;13;2;0;0
8192;1;0;1;0;1;13;2;0;0
8193;1;0;0;0;1;13;3;0;0
8194;1;1;0;0;1;13;3;0;1
8195;0;0;0;0;1;13;2;1;1
8196;0;2;0;1;1;13;2;1;0
8197;0;1;1;1;1;13;2;0;0
8198;0;1;1;1;0;13;2;0;0
8199;0;1;0;0;0;13;2;0;0
8200;1;0;0;1;1;13;2;0;0
8201;0;2;0;1;0;13;2;1;0
8202;0;0;0;0;1;13;1;1;0
8203;1;2;1;0;1;13;1;1;0
8204;0;1;0;0;1;13;1;0;1
8205;0;2;0;1;1;13;1;0;0
8206;0;1;1;0;0;13;1;0;0
8207;1;0;1;1;1;13;1;0;0
8208;0;2;1;0;1;13;1;0;0
8209;0;1;0;0;0;13;1;0;0
8210;0;2;1;1;0;13;1;0;0
8211;0;0;0;0;0;13;1;0;0
8212;0;0;0;1;0;13;1;0;0
8213;0;0;1;0;0;13;1;0;0
8214;0;2;1;1;0;13;1;0;0
8215;1;1;1;0;1;13;1;0;0
8216;1;0;0;0;1;13;1;0;1
8217;1;1;0;0;1;13;2;0;1
8218;0;2;0;1;1;13;2;1;0
8219;0;2;0;1;0;13;2;1;0
8220;1;0;1;1;1;13;2;1;0
8221;1;2;1;0;1;13;3;1;0
8222;1;2;1;0;1;13;3;1;1
8223;0;0;1;0;1;13;2;1;2
8224;0;2;1;0;1;13;2;1;1
8225;1;2;1;0;1;13;2;1;1
8226;0;1;1;0;1;13;2;0;2
8227;1;0;1;0;1;13;2;0;2
8228;1;0;0;0;1;13;3;0;2
8229;0;0;0;0;1;13;2;0;3
8230;0;2;0;1;1;13;2;0;2
8231;0;0;0;1;1;13;1;0;2
8232;1;2;0;1;1;14;1;0;2
8233;0;2;0;1;1;14;1;0;2
8234;1;0;0;0;1;14;1;0;2
8235;0;2;0;1;1;14;2;0;1
8236;1;2;1;0;1;14;2;0;1
8237;0;2;1;0;1;14;2;0;1
8238;1;0;0;0;1;14;2;0;1
8239;0;1;0;1;1;14;3;0;0
8240;0;0;0;0;1;14;2;0;0
8241;0;1;1;1;0;14;2;0;0
8242;1;0;0;1;1;14;2;0;0
8243;0;2;0;1;0;14;3;0;0
8244;1;0;1;0;1;14;3;0;0
8245;1;0;0;0;1;14;4;0;0
8246;0;2;0;1;0;14;5;0;0
8247;1;0;1;0;1;14;5;0;0
8248;0;2;1;1;0;14;6;0;0
8249;0;0;0;1;1;14;5;0;0
8250;1;1;1;0;1;14;5;0;0
8251;1;2;0;1;1;14;5;1;0
8252;1;0;0;1;1;14;5;1;1
8253;0;2;0;0;1;14;6;1;0
8254;0;2;1;0;0;14;6;1;0
8255;0;2;0;0;0;14;6;1;0
8256;1;0;0;1;1;14;6;1;0
8257;0;2;1;1;1;14;6;1;0
8258;1;2;0;1;1;14;6;1;0
8259;1;0;0;1;1;14;6;1;1
8260;0;2;0;0;1;14;6;2;0
8261;0;1;1;0;1;14;6;1;0
8262;0;0;1;0;1;14;5;1;0
8263;1;0;1;1;1;14;5;1;0
8264;1;1;0;1;1;14;6;1;0
8265;0;0;0;1;1;14;5;2;0
8266;1;2;0;0;1;14;5;2;0
8267;0;2;0;1;1;14;5;2;0
8268;0;2;1;0;0;14;5;2;0
8269;0;0;0;1;1;14;4;2;0
8270;1;1;0;1;1;14;4;2;0
8271;1;1;1;0;1;14;4;3;0
8272;1;0;0;1;1;14;4;4;0
8273;0;2;1;1;0;14;5;4;0
8274;0;0;1;0;1;14;4;4;0
8275;0;2;0;0;0;14;4;4;0
8276;0;1;1;0;1;14;4;3;0
8277;1;0;1;1;1;14;4;3;0
8278;0;0;0;1;1;14;3;3;1
8279;1;0;0;0;1;14;3;3;1
8280;1;2;1;1;1;14;4;3;1
8281;1;1;1;0;1;14;4;3;2
8282;0;2;1;1;1;14;4;4;1
8283;0;0;1;1;1;14;3;4;1
8284;1;2;1;1;1;14;3;4;1
8285;1;2;1;0;1;14;3;4;2
8286;0;0;0;1;1;14;2;4;3
8287;1;2;0;0;1;14;2;4;3
8288;0;0;0;0;1;14;1;4;4
8289;0;2;0;0;1;14;1;4;3
8290;1;0;0;0;1;14;1;4;3
8291;1;0;0;1;1;14;1;4;4
8292;1;2;0;1;1;14;2;4;4
8293;0;1;1;0;1;14;2;3;5
8294;0;1;1;0;1;14;2;2;5
8295;1;0;1;0;1;14;2;2;5
8296;1;0;0;1;1;14;3;2;5
8297;1;2;0;0;1;14;4;2;5
8298;1;1;1;0;1;14;4;2;6
8299;1;0;1;1;1;14;4;3;6
8300;0;0;1;0;1;14;4;3;6
8301;0;0;1;1;1;14;3;3;6
8302;1;2;1;0;1;14;3;3;6
8303;1;0;1;1;1;14;3;3;7
8304;1;0;1;0;1;14;4;3;7
8305;1;0;1;1;1;14;5;3;7
8306;0;2;1;1;1;14;6;3;6
8307;1;1;0;0;1;14;6;3;6
8308;1;1;0;0;1;14;6;4;6
8309;0;0;1;1;1;14;5;5;6
8310;0;0;0;1;1;14;4;5;6
8311;1;0;0;0;1;14;4;5;6
8312;1;1;0;0;1;14;5;5;6
8313;1;0;0;1;1;14;5;6;6
8314;0;2;1;1;1;14;6;6;5
8315;0;1;1;1;1;14;6;5;5
8316;0;1;0;1;1;14;6;4;5
8317;0;1;0;1;1;14;6;3;5
8318;0;2;1;1;1;14;6;3;4
8319;0;2;0;1;1;14;6;3;3
8320;0;1;0;0;1;14;6;2;3
8321;1;0;1;0;1;14;6;2;3
8322;1;0;1;0;1;14;7;2;3
8323;1;2;0;0;1;14;7;2;4
8324;0;2;1;1;1;14;7;2;4
8325;0;2;1;0;1;14;7;2;3
8326;0;0;0;1;1;14;6;2;3
8327;1;0;1;0;1;14;6;2;3
8328;0;2;1;0;1;14;6;3;2
8329;1;0;0;1;1;14;6;3;2
8330;1;0;0;0;1;14;7;3;2
8331;1;1;0;0;1;14;7;3;3
8332;1;0;1;0;1;14;7;3;4
8333;1;2;0;1;1;14;8;3;4
8334;0;0;0;1;1;14;7;3;5
8335;0;0;0;1;1;14;6;3;5
8336;0;0;0;1;1;14;5;3;5
8337;0;0;0;0;1;14;4;3;5
8338;1;2;1;0;1;14;4;3;5
8339;0;2;1;0;1;14;4;3;5
8340;0;2;0;0;1;14;4;3;4
8341;1;1;1;1;1;14;4;3;4
8342;1;0;0;1;1;14;4;4;4
8343;0;1;1;0;1;14;4;4;4
8344;0;0;1;0;1;14;3;4;4
8345;0;1;1;0;1;14;3;3;4
8346;1;0;0;0;1;14;3;3;4
8347;0;1;1;1;1;14;3;3;4
8348;0;0;0;0;1;14;2;3;4
8349;0;1;0;0;1;14;2;2;4
8350;1;2;0;0;1;14;2;2;4
8351;1;2;1;0;1;14;2;2;5
8352;1;0;1;0;1;14;2;2;6
8353;1;1;0;0;1;14;3;2;6
8354;1;1;0;1;1;14;3;3;6
8355;0;2;1;0;1;14;3;4;5
8356;0;1;1;0;1;14;3;3;5
8357;0;2;0;0;1;14;3;3;4
8358;1;0;1;1;1;14;3;3;4
8359;0;2;0;0;1;14;4;3;3
8360;0;0;0;1;1;14;3;3;3
8361;0;1;1;1;1;14;3;2;3
8362;0;0;0;0;1;14;2;2;3
8363;0;1;0;0;1;14;2;1;3
8364;0;2;1;0;1;14;2;1;2
8365;1;0;0;0;1;14;2;1;2
8366;0;1;1;0;1;14;3;0;2
8367;1;1;0;1;1;14;3;0;2
8368;1;2;1;1;1;14;3;0;3
8369;0;2;1;0;1;14;3;0;3
8370;0;2;0;1;1;14;3;0;2
8371;1;2;1;0;1;14;3;0;2
8372;1;0;0;0;1;14;3;0;3
8373;0;1;1;0;1;14;4;0;2
8374;0;1;1;1;1;14;4;0;1
8375;1;1;0;1;1;14;4;0;1
8376;1;1;0;1;1;14;4;1;1
8377;1;0;1;1;1;14;4;1;2
8378;1;2;0;1;1;14;5;1;2
8379;0;0;1;1;1;14;4;1;3
8380;1;0;0;1;1;14;4;1;3
8381;0;1;1;1;1;14;4;1;3
8382;1;0;0;1;1;14;4;1;3
8383;1;2;0;1;1;14;5;1;3
8384;1;2;0;0;1;14;5;1;4
8385;0;1;0;1;1;14;5;0;5
8386;1;0;1;0;1;14;5;0;5
8387;1;0;0;1;1;14;5;0;6
8388;1;0;0;0;1;14;6;0;6
8389;1;1;1;0;1;14;6;0;7
8390;1;1;0;1;1;14;6;0;8
8391;0;0;0;0;1;14;5;0;9
8392;0;2;1;0;1;14;5;0;8
8393;1;1;1;1;1;14;5;0;8
8394;0;2;1;0;1;14;5;0;8
8395;1;1;0;1;1;14;5;0;8
8396;0;1;0;1;1;14;5;0;8
8397;0;2;0;0;1;14;5;0;7
8398;1;1;0;0;1;14;5;0;7
8399;1;0;1;0;1;14;5;1;7
8400;1;0;0;0;1;14;6;1;7
8401;1;1;0;1;1;14;6;1;8
8402;0;1;0;0;1;14;6;1;8
8403;0;1;1;1;1;14;6;1;7
8404;0;0;1;0;1;14;5;1;7
8405;0;1;1;1;1;14;5;0;7
8406;0;0;0;1;1;14;4;0;7
8407;0;2;0;0;1;14;4;0;6
8408;1;1;1;1;1;14;4;0;6
8409;1;1;1;1;1;14;4;0;7
8410;0;2;1;0;1;14;4;1;6
8411;0;2;1;0;1;14;4;1;5
8412;1;0;1;0;1;14;4;1;5
8413;1;0;1;0;1;14;5;1;5
8414;0;2;0;0;1;14;6;1;4
8415;0;2;1;1;1;14;6;1;3
8416;0;1;1;0;1;14;6;0;3
8417;1;2;1;1;1;14;6;0;3
8418;0;0;1;0;1;14;5;0;4
8419;1;0;1;1;1;14;5;0;4
8420;0;1;1;1;1;14;6;0;3
8421;0;0;1;0;1;14;5;0;3
8422;0;0;0;0;1;14;4;0;3
8423;0;2;0;0;1;14;4;0;2
8424;1;0;0;0;1;14;4;0;2
8425;1;2;0;1;1;14;5;0;2
8426;0;1;1;1;1;14;5;0;2
8427;0;0;0;1;1;14;4;0;2
8428;1;0;1;1;1;14;4;0;2
8429;0;2;0;0;1;14;5;0;1
8430;1;0;0;1;1;14;5;0;1
8431;0;1;1;1;1;14;6;0;0
8432;0;0;0;0;1;14;5;0;0
8433;0;1;0;0;0;14;5;0;0
8434;1;1;0;1;1;14;5;0;0
8435;1;1;0;0;1;14;5;1;0
8436;0;1;0;0;1;14;5;1;0
8437;0;1;0;0;1;14;5;0;0
8438;1;0;0;0;1;14;5;0;0
8439;0;1;1;1;0;14;6;0;0
8440;0;2;0;0;0;14;6;0;0
8441;0;2;1;1;0;14;6;0;0
8442;0;0;0;1;1;14;5;0;0
8443;1;2;0;0;1;14;5;0;0
8444;1;0;0;1;1;14;5;0;1
8445;1;2;0;1;1;14;6;0;1
8446;1;0;0;1;1;14;6;0;2
8447;0;0;0;1;1;14;6;0;2
8448;0;1;0;1;1;14;6;0;1
8449;0;2;0;1;1;14;6;0;0
8450;1;0;1;0;1;14;6;0;0
8451;0;1;1;0;0;14;7;0;0
8452;0;2;1;0;0;14;7;0;0
8453;1;1;1;1;1;14;7;0;0
8454;1;2;1;0;1;14;7;1;0
8455;1;0;0;1;1;14;7;1;1
8456;0;2;0;0;1;14;8;1;0
8457;1;2;0;0;1;14;8;1;0
8458;0;2;1;0;1;14;8;1;0
8459;0;1;1;0;1;14;8;0;0
8460;1;0;0;0;1;14;8;0;0
8461;0;1;1;1;0;14;9;0;0
8462;0;2;1;1;0;14;9;0;0
8463;1;1;0;1;1;14;9;0;0
8464;0;1;1;1;1;14;9;0;0
8465;1;1;0;0;1;14;9;0;0
8466;1;0;1;1;1;14;9;1;0
8467;0;2;0;0;0;14;10;1;0
8468;0;1;1;0;1;14;10;0;0
8469;0;2;1;0;0;14;10;0;0
8470;0;0;1;0;1;14;9;0;0
8471;1;1;1;1;1;14;9;0;0
8472;1;1;1;1;1;14;9;0;1
8473;1;0;1;1;1;14;9;0;2
8474;1;2;1;0;1;14;10;0;2
8475;0;0;0;0;1;14;9;0;3
8476;1;2;0;0;1;14;9;0;3
8477;1;1;1;1;1;14;9;0;4
8478;0;2;0;1;1;14;9;1;3
8479;1;0;1;0;1;14;9;1;3
8480;1;1;0;1;1;14;9;1;4
8481;1;0;0;1;1;14;9;1;5
8482;0;1;0;0;1;14;10;0;5
8483;0;2;1;1;1;14;10;0;4
8484;1;1;1;1;1;14;10;0;4
8485;1;0;1;0;1;14;10;1;4
8486;1;2;1;0;1;14;10;2;4
8487;0;2;0;1;1;14;10;2;4
8488;0;1;1;1;1;14;10;2;3
8489;0;0;0;0;1;14;9;2;3
8490;0;0;1;0;1;14;9;2;2
8491;0;0;0;1;1;14;8;2;2
8492;1;0;1;1;1;14;8;2;2
8493;0;2;0;1;1;14;9;2;1
8494;0;0;0;0;1;14;8;2;1
8495;1;1;0;1;1;14;8;2;1
8496;1;1;1;0;1;14;8;3;1
8497;1;0;0;1;1;14;8;3;2
8498;0;1;1;1;1;14;9;2;2
8499;1;1;0;1;1;14;9;2;2
8500;0;1;1;0;1;14;9;2;2
8501;1;1;1;0;1;14;9;2;2
8502;0;2;0;1;1;14;9;3;1
8503;0;1;1;0;1;14;9;2;1
8504;0;2;0;0;1;14;9;2;0
8505;0;1;1;1;1;14;9;1;0
8506;0;1;0;1;1;14;9;0;0
8507;0;2;1;1;0;14;9;0;0
8508;1;0;1;0;1;14;9;0;0
8509;1;0;1;0;1;14;10;0;0
8510;1;2;1;0;1;14;11;0;0
8511;1;2;1;0;1;14;11;0;1
8512;0;2;0;1;1;14;11;0;1
8513;1;0;1;1;1;14;11;0;1
8514;0;0;1;0;1;14;11;0;1
8515;1;2;0;1;1;14;11;0;1
8516;0;2;1;0;1;14;11;0;1
8517;1;1;1;0;1;14;11;0;1
8518;1;1;0;1;1;14;11;1;1
8519;1;0;0;0;1;14;11;1;2
8520;0;0;0;0;1;14;11;1;2
8521;0;2;1;1;1;14;11;1;1
8522;1;2;0;0;1;14;11;1;1
8523;1;0;0;1;1;14;11;1;2
8524;0;0;0;0;1;14;10;2;2
8525;1;0;0;1;1;14;10;2;2
8526;0;0;1;1;1;14;10;2;2
8527;0;1;0;0;1;14;10;1;2
8528;1;0;0;1;1;14;10;1;2
8529;0;1;0;0;1;14;10;0;3
8530;0;1;0;1;1;14;10;0;2
8531;0;1;0;0;1;14;10;0;1
8532;1;1;1;1;1;14;10;0;1
8533;0;2;1;0;1;14;10;1;0
8534;1;1;0;0;1;14;10;1;0
8535;1;0;0;0;1;14;10;2;0
8536;1;1;0;1;1;14;10;3;0
8537;1;1;0;1;1;14;10;4;0
8538;1;1;1;0;1;14;10;5;0
8539;0;2;0;1;0;14;10;6;0
8540;0;0;1;0;1;14;9;6;0
8541;1;0;1;1;1;14;9;6;0
8542;1;2;1;0;1;14;9;7;0
8543;0;0;0;1;1;14;8;7;1
8544;0;1;1;1;1;14;8;6;1
8545;0;2;0;1;1;14;8;6;0
8546;1;1;1;0;1;14;8;6;0
8547;1;1;1;1;1;14;8;7;0
8548;1;2;1;0;1;14;8;8;0
8549;1;0;0;1;1;14;8;8;1
8550;1;0;0;0;1;14;9;8;1
8551;1;1;0;1;1;14;10;8;1
8552;0;2;0;0;1;14;10;9;0
8553;0;2;0;0;0;14;10;9;0
8554;0;2;1;0;0;14;10;9;0
8555;0;2;1;1;0;14;10;9;0
8556;0;2;1;1;0;14;10;9;0
8557;1;2;0;0;1;14;10;9;0
8558;1;1;0;0;1;14;10;9;1
8559;0;0;0;0;1;14;9;10;1
8560;1;1;0;1;1;14;9;10;1
8561;0;0;0;0;1;14;8;11;1
8562;0;2;0;0;1;14;8;11;0
8563;0;1;0;1;1;14;8;10;0
8564;1;0;0;1;1;14;8;10;0
8565;0;1;1;1;1;14;8;10;0
8566;0;0;0;0;1;14;7;10;0
8567;0;1;1;0;1;14;7;9;0
8568;0;1;1;1;1;14;7;8;0
8569;0;1;0;0;1;14;7;7;0
8570;0;2;0;0;0;14;7;7;0
8571;0;0;1;0;1;14;6;7;0
8572;1;1;0;0;1;14;6;7;0
8573;0;2;1;0;0;14;6;8;0
8574;0;1;1;0;1;14;6;7;0
8575;1;2;1;1;1;14;6;7;0
8576;0;1;0;0;1;14;6;6;1
8577;1;0;1;0;1;14;6;6;1
8578;0;1;0;1;1;14;6;5;2
8579;0;2;1;1;1;14;6;5;1
8580;0;1;0;0;1;14;6;4;1
8581;0;0;0;1;1;14;5;4;1
8582;1;2;0;1;1;14;5;4;1
8583;0;1;1;0;1;14;5;3;2
8584;1;0;1;1;1;14;5;3;2
8585;0;1;1;0;1;14;6;2;2
8586;1;2;0;1;1;14;6;2;2
8587;0;1;0;0;1;14;6;1;3
8588;0;0;0;1;1;14;5;1;3
8589;1;0;0;1;1;14;5;1;3
8590;0;1;0;1;1;14;5;1;3
8591;1;0;0;1;1;14;5;1;3
8592;1;0;0;1;1;14;6;1;3
8593;0;1;0;0;1;14;7;0;3
8594;1;0;0;0;1;14;7;0;3
8595;0;0;1;1;1;14;7;0;3
8596;0;0;0;1;1;14;6;0;3
8597;1;1;1;1;1;14;6;0;3
8598;1;2;0;0;1;14;6;1;3
8599;0;0;0;1;1;14;5;1;4
8600;0;2;1;1;1;14;5;1;3
8601;1;2;0;0;1;14;5;1;3
8602;0;1;1;0;1;14;5;0;4
8603;1;2;1;1;1;14;5;0;4
8604;1;0;1;0;1;14;5;0;5
8605;0;2;1;0;1;14;6;0;4
8606;1;2;0;1;1;14;6;0;4
8607;0;1;1;0;1;14;6;0;4
8608;0;1;0;0;1;14;6;0;3
8609;0;2;1;1;1;14;6;0;2
8610;1;2;0;1;1;14;6;0;2
8611;0;2;1;0;1;14;6;0;2
8612;0;2;1;1;1;14;6;0;1
8613;0;2;1;0;1;14;6;0;0
8614;1;2;1;0;1;14;6;0;0
8615;1;1;1;1;1;14;6;0;1
8616;1;2;1;1;1;14;6;1;1
8617;0;2;1;1;1;14;6;1;1
8618;1;2;0;0;1;14;6;1;1
8619;0;1;1;0;1;14;6;0;2
8620;0;0;1;1;1;14;5;0;2
8621;0;0;1;0;1;14;4;0;2
8622;0;2;1;0;1;14;4;0;1
8623;0;2;1;1;1;14;4;0;0
8624;1;2;1;0;1;14;4;0;0
8625;1;0;1;1;1;14;4;0;1
8626;1;1;1;0;1;14;5;0;1
8627;1;1;0;1;1;14;5;1;1
8628;0;2;0;1;1;14;5;2;0
8629;0;1;0;0;1;14;5;1;0
8630;1;0;0;1;1;14;5;1;0
8631;1;1;1;0;1;14;6;1;0
8632;1;1;1;1;1;14;6;1;1
8633;1;2;1;1;1;14;6;1;2
8634;0;2;1;1;1;14;6;1;2
8635;0;1;1;1;1;14;6;0;2
8636;1;1;1;0;1;14;6;0;2
8637;0;2;0;1;1;14;6;1;1
8638;0;1;1;0;1;14;6;0;1
8639;1;1;1;0;1;14;6;0;1
8640;0;1;0;1;1;14;6;0;1
8641;0;1;1;0;1;14;6;0;0
8642;0;2;1;0;0;14;6;0;0
8643;1;1;1;0;1;14;6;0;0
8644;1;1;0;0;1;14;6;0;1
8645;1;0;1;0;1;14;6;0;2
8646;0;2;0;1;1;14;7;0;1
8647;1;2;1;1;1;14;7;0;1
8648;0;2;1;0;1;14;7;0;1
8649;0;1;1;0;1;14;7;0;0
8650;0;1;0;1;0;14;7;0;0
8651;1;0;0;1;1;14;7;0;0
8652;0;1;0;1;1;14;7;0;0
8653;0;0;0;1;1;14;6;0;0
8654;1;2;0;1;1;14;6;0;0
8655;0;0;1;0;1;14;5;0;1
8656;0;0;1;1;1;14;4;0;1
8657;0;0;1;0;1;14;3;0;1
8658;0;0;1;1;1;14;2;0;1
8659;1;2;0;1;1;14;2;0;1
8660;1;2;0;0;1;14;2;0;2
8661;1;0;0;0;1;14;2;0;3
8662;0;1;1;1;1;14;3;0;2
8663;0;0;1;1;1;14;2;0;2
8664;0;1;0;0;1;14;2;0;1
8665;1;0;1;0;1;14;2;0;1
8666;1;2;0;0;1;14;3;0;1
8667;0;1;0;1;1;14;3;0;1
8668;0;0;1;1;1;14;2;0;1
8669;1;2;0;0;1;14;2;0;1
8670;0;0;0;1;1;14;1;0;2
8671;0;1;1;1;1;14;1;0;1
8672;1;1;1;0;1;14;1;0;1
8673;0;0;1;1;1;14;1;0;1
8674;0;0;0;0;1;14;1;0;0
8675;1;1;1;1;1;14;1;0;0
8676;0;2;0;0;0;14;1;1;0
8677;0;0;0;1;1;14;1;0;0
8678;1;0;1;0;1;14;1;0;0
8679;0;1;0;1;1;14;1;0;0
8680;0;1;0;1;0;14;1;0;0
8681;0;0;1;0;0;14;1;0;0
8682;0;1;0;1;0;14;1;0;0
8683;0;2;0;1;0;14;1;0;0
8684;0;2;1;0;0;14;1;0;0
8685;0;2;1;1;0;14;1;0;0
8686;0;2;0;0;0;14;1;0;0
8687;0;1;0;1;0;14;1;0;0
8688;1;2;1;0;1;14;1;0;0
8689;0;1;0;1;1;14;1;0;0
8690;1;1;0;0;1;14;1;0;0
8691;1;1;1;0;1;14;1;1;0
8692;0;1;1;1;1;14;1;1;0
8693;1;0;1;1;1;14;1;1;0
8694;1;0;0;1;1;14;2;1;0
8695;0;1;0;0;1;14;3;0;0
8696;0;0;1;1;1;14;2;0;0
8697;1;2;0;1;1;14;2;0;0
8698;0;2;0;0;1;14;2;0;0
8699;1;1;0;1;1;14;2;0;0
8700;1;1;0;0;1;14;2;1;0
8701;1;0;1;1;1;14;2;1;1
8702;1;1;0;1;1;14;3;1;1
8703;1;0;1;0;1;14;3;2;1
8704;1;1;1;0;1;14;3;3;1
8705;0;1;1;1;1;14;3;2;2
8706;0;0;1;0;1;14;2;2;2
8707;1;2;1;1;1;14;2;2;2
8708;0;2;0;1;1;14;2;2;2
8709;1;1;0;0;1;14;2;2;2
8710;1;2;0;0;1;14;2;3;2
8711;0;1;1;0;1;14;2;3;2
8712;1;1;1;0;1;14;2;3;2
8713;0;2;1;1;1;14;2;4;1
8714;0;0;1;1;1;14;1;4;1
8715;0;2;1;1;1;14;1;4;0
8716;1;0;1;1;1;14;1;4;0
8717;0;2;1;0;0;14;2;4;0
8718;0;1;0;0;1;14;2;3;0
8719;1;0;1;0;1;14;2;3;0
8720;1;0;1;0;1;14;2;3;1
8721;1;2;1;1;1;14;3;3;1
8722;1;0;1;0;1;14;3;3;2
8723;0;0;0;1;1;14;3;3;2
8724;0;0;1;1;1;14;3;3;1
8725;1;0;0;0;1;14;3;3;1
8726;0;1;1;1;1;14;4;2;1
8727;0;0;0;1;1;14;3;2;1
8728;1;0;1;0;1;14;3;2;1
8729;0;2;1;1;1;14;4;2;0
8730;0;2;0;0;0;14;4;2;0
8731;0;0;1;1;1;14;3;2;0
8732;1;1;1;0;1;14;3;2;0
8733;1;0;0;1;1;14;3;2;1
8734;0;1;0;1;1;14;3;2;1
8735;0;2;0;1;0;14;3;2;1
8736;0;1;1;0;1;14;3;2;0
8737;0;2;1;1;0;14;3;2;0
8738;1;0;1;1;1;14;3;2;0
8739;0;0;0;0;1;14;3;2;0
8740;1;0;0;1;1;14;3;2;0
8741;1;0;0;1;1;14;4;2;0
8742;0;2;0;0;0;14;5;2;0
8743;1;0;0;0;1;14;5;2;0
8744;0;2;0;1;0;14;6;2;0
8745;0;2;0;1;0;14;6;2;0
8746;0;2;1;0;0;14;6;2;0
8747;0;0;0;0;1;14;5;2;0
8748;0;2;1;0;0;14;5;2;0
8749;1;0;1;0;1;14;5;2;0
8750;1;2;1;0;1;14;5;2;1
8751;0;2;0;0;1;14;5;2;1
8752;0;1;0;0;1;14;5;1;1
8753;1;0;1;0;1;14;5;1;1
8754;1;1;1;0;1;14;6;1;1
8755;0;0;1;0;1;14;6;1;1
8756;0;2;1;0;1;14;6;1;0
8757;0;2;0;1;0;14;6;1;0
8758;1;1;1;1;1;14;6;1;0
8759;0;2;1;0;0;14;6;2;0
8760;1;0;1;0;1;14;6;2;0
8761;0;1;0;1;1;14;7;1;0
8762;0;1;1;0;1;14;7;0;0
8763;1;2;0;1;1;14;7;0;0
8764;0;0;0;0;1;14;6;0;1
8765;1;0;1;1;1;14;6;0;1
8766;0;2;1;0;1;14;6;1;0
8767;1;0;1;1;1;14;6;1;0
8768;0;1;1;0;1;14;6;1;0
8769;0;1;0;1;1;14;6;0;0
8770;0;1;1;1;0;14;6;0;0
8771;0;2;1;0;0;14;6;0;0
8772;1;1;0;1;1;14;6;0;0
8773;0;0;1;1;1;14;5;0;1
8774;1;1;1;0;1;14;5;0;1
8775;1;1;0;1;1;14;5;0;2
8776;1;2;0;1;1;14;5;1;2
8777;0;2;1;1;1;14;5;1;2
8778;0;1;1;1;1;14;5;0;2
8779;0;0;0;1;1;14;4;0;2
8780;0;1;0;0;1;14;4;0;1
8781;1;0;0;0;1;14;4;0;1
8782;0;2;1;0;1;14;5;0;0
8783;1;0;0;1;1;14;5;0;0
8784;0;0;1;1;1;14;5;0;0
8785;1;0;1;1;1;14;5;0;0
8786;0;0;0;0;1;14;5;0;0
8787;0;2;1;0;0;14;5;0;0
8788;0;0;1;1;1;14;4;0;0
8789;1;0;1;0;1;14;4;0;0
8790;0;1;1;0;0;14;5;0;0
8791;1;2;0;1;1;14;5;0;0
8792;1;2;0;0;1;14;5;0;1
8793;1;0;0;0;1;14;5;0;2
8794;0;0;0;1;1;14;5;0;2
8795;1;0;1;0;1;14;5;0;2
8796;1;0;1;1;1;14;6;0;2
8797;1;0;0;1;1;14;6;0;3
8798;0;0;1;0;1;14;6;0;3
8799;1;2;1;1;1;14;6;0;3
8800;0;1;0;0;1;14;6;0;3
8801;0;1;1;1;1;14;6;0;2
8802;0;1;0;1;1;14;6;0;1
8803;0;0;1;1;1;14;5;0;1
8804;0;2;0;0;1;14;5;0;0
8805;0;2;0;1;0;14;5;0;0
8806;1;1;0;0;1;14;5;0;0
8807;0;2;1;0;0;14;5;1;0
8808;0;1;1;1;1;14;5;0;0
8809;0;1;0;1;0;14;5;0;0
8810;1;0;1;1;1;14;5;0;0
8811;0;0;0;1;1;14;5;0;0
8812;0;0;1;1;1;14;4;0;0
8813;0;0;0;1;1;14;3;0;0
8814;1;0;0;1;1;14;3;0;0
8815;0;2;0;0;0;14;3;1;0
8816;0;0;0;1;1;14;2;1;0
8817;0;0;1;1;1;14;1;1;0
8818;0;0;1;1;1;14;1;0;0
8819;1;1;0;0;1;14;1;0;0
8820;0;0;1;1;1;15;1;0;0
8821;1;2;1;1;1;15;1;0;0
8822;0;2;1;0;1;15;1;0;0
8823;1;0;1;0;1;15;1;0;0
8824;1;0;1;0;1;15;2;0;0
8825;0;2;1;0;0;15;3;0;0
8826;1;1;0;1;1;15;3;0;0
8827;0;0;0;0;1;15;2;1;0
8828;1;1;1;1;1;15;2;1;0
8829;1;0;0;0;1;15;2;1;1
8830;0;0;0;0;1;15;1;1;2
8831;1;1;0;1;1;15;1;1;2
8832;1;2;0;0;1;15;1;2;2
8833;1;1;1;1;1;15;1;2;3
8834;0;1;0;1;1;15;1;2;3
8835;0;2;0;0;1;15;1;2;2
8836;1;0;1;1;1;15;1;2;2
8837;1;1;0;0;1;15;2;2;2
8838;1;0;1;1;1;15;2;3;2
8839;1;2;0;1;1;15;2;4;2
8840;1;1;1;0;1;15;2;4;3
8841;1;0;1;0;1;15;2;5;3
8842;0;0;1;1;1;15;2;5;3
8843;1;1;0;1;1;15;2;5;3
8844;0;2;1;1;1;15;2;5;3
8845;0;0;0;0;1;15;1;5;3
8846;1;1;0;0;1;15;1;5;3
8847;1;1;0;0;1;15;1;6;3
8848;1;0;0;1;1;15;1;6;4
8849;1;0;1;1;1;15;2;6;4
8850;1;1;1;1;1;15;2;6;5
8851;1;2;1;1;1;15;2;6;6
8852;1;0;0;0;1;15;2;6;7
8853;1;1;1;1;1;15;2;7;7
8854;0;2;0;0;1;15;2;8;6
8855;0;2;0;0;1;15;2;8;5
8856;0;2;1;0;1;15;2;8;4
8857;1;1;1;1;1;15;2;8;4
8858;0;0;0;1;1;15;1;9;4
8859;1;2;1;0;1;15;1;9;4
8860;1;0;1;1;1;15;1;9;5
8861;1;0;1;1;1;15;2;9;5
8862;0;1;0;1;1;15;3;8;5
8863;1;1;1;1;1;15;3;8;5
8864;1;2;1;1;1;15;3;9;5
8865;1;0;1;1;1;15;3;9;6
8866;1;1;1;1;1;15;4;9;6
8867;1;2;0;0;1;15;4;10;6
8868;0;1;1;0;1;15;4;10;6
8869;0;0;0;0;1;15;3;10;6
8870;1;0;1;0;1;15;3;10;6
8871;0;0;0;1;1;15;3;10;6
8872;1;0;1;0;1;15;3;10;6
8873;1;1;0;0;1;15;4;10;6
8874;1;1;1;0;1;15;4;11;6
8875;0;2;1;0;1;15;4;12;5
8876;0;2;1;0;1;15;4;12;4
8877;1;0;0;0;1;15;4;12;4
8878;1;1;0;0;1;15;4;13;4
8879;0;2;0;1;1;15;4;14;3
8880;0;1;0;0;1;15;4;13;3
8881;0;0;0;1;1;15;3;13;3
8882;0;0;1;1;1;15;2;13;3
8883;0;2;1;1;1;15;2;13;2
8884;1;1;1;1;1;15;2;13;2
8885;0;0;0;0;1;15;1;14;2
8886;0;1;0;0;1;15;1;13;2
8887;0;1;1;0;1;15;1;12;2
8888;0;0;0;1;1;15;1;11;2
8889;1;2;1;0;1;15;1;11;2
8890;0;2;0;0;1;15;1;11;2
8891;1;1;0;1;1;15;1;11;2
8892;1;2;1;1;1;15;1;12;2
8893;0;0;0;1;1;15;1;11;3
8894;0;0;0;1;1;15;1;10;3
8895;1;2;1;0;1;15;1;10;3
8896;1;2;0;0;1;15;1;10;4
8897;0;0;1;1;1;15;1;10;4
8898;1;0;1;0;1;15;1;10;4
8899;1;0;1;0;1;15;2;10;4
8900;1;0;0;0;1;15;3;10;4
8901;1;0;0;0;1;15;4;10;4
8902;1;0;0;1;1;15;5;10;4
8903;1;1;0;1;1;15;6;10;4
8904;1;1;1;0;1;15;6;11;4
8905;0;1;1;1;1;15;6;11;4
8906;1;0;1;0;1;15;6;11;4
8907;1;1;0;0;1;15;7;11;4
8908;0;2;1;1;1;15;7;12;3
8909;1;2;0;0;1;15;7;12;3
8910;0;2;0;1;1;15;7;12;3
8911;0;0;1;1;1;15;6;12;3
8912;1;0;0;1;1;15;6;12;3
8913;0;2;1;1;1;15;7;12;2
8914;0;1;0;0;1;15;7;11;2
8915;1;0;1;0;1;15;7;11;2
8916;1;0;1;0;1;15;8;11;2
8917;1;1;1;0;1;15;9;11;2
8918;1;0;1;1;1;15;9;12;2
8919;1;1;0;0;1;15;10;12;2
8920;0;0;1;0;1;15;9;13;2
8921;0;0;1;1;1;15;8;13;2
8922;1;0;1;0;1;15;8;13;2
8923;1;1;1;1;1;15;9;13;2
8924;0;0;1;0;1;15;8;14;2
8925;1;0;0;0;1;15;8;14;2
8926;1;2;0;1;1;15;8;15;2
8927;0;1;0;0;1;15;8;14;3
8928;1;1;1;0;1;15;8;14;3
8929;0;0;0;1;1;15;7;15;3
8930;1;1;1;1;1;15;7;15;3
8931;1;1;0;0;1;15;7;15;4
8932;1;2;0;0;1;15;7;16;4
8933;1;2;1;0;1;15;7;16;5
8934;1;0;0;1;1;15;7;16;6
8935;1;0;0;1;1;15;8;16;6
8936;0;1;0;1;1;15;9;15;6
8937;1;0;1;1;1;15;9;15;6
8938;1;1;1;1;1;15;10;15;6
8939;1;1;1;1;1;15;10;16;6
8940;1;2;1;0;1;15;10;17;6
8941;1;1;0;1;1;15;10;17;7
8942;0;2;0;1;1;15;10;18;6
8943;0;1;0;0;1;15;10;17;6
8944;0;0;0;1;1;15;9;17;6
8945;0;0;1;1;1;15;9;17;5
8946;1;1;0;0;1;15;9;17;5
8947;0;2;0;1;1;15;9;18;4
8948;1;0;0;0;1;15;9;18;4
8949;1;2;0;1;1;15;10;18;4
8950;1;2;0;0;1;15;10;18;5
8951;1;0;0;1;1;15;10;18;6
8952;1;0;1;0;1;15;11;18;6
8953;1;2;1;1;1;15;11;18;7
8954;0;2;0;0;1;15;11;18;7
8955;0;1;0;0;1;15;11;17;7
8956;0;0;1;0;1;15;11;17;6
8957;1;0;0;0;1;15;11;17;6
8958;1;0;1;0;1;15;12;17;6
8959;1;2;1;0;1;15;13;17;6
8960;1;1;1;0;1;15;13;17;7
8961;0;0;1;0;1;15;12;17;8
8962;0;1;1;1;1;15;12;16;8
8963;0;1;1;1;1;15;12;15;8
8964;0;2;1;0;1;15;12;15;7
8965;1;0;0;1;1;15;12;15;7
8966;0;1;0;0;1;15;12;15;7
8967;0;2;1;1;1;15;12;15;6
8968;1;0;1;0;1;15;12;15;6
8969;1;0;0;1;1;15;13;15;6
8970;1;1;1;1;1;15;14;15;6
8971;0;0;1;0;1;15;13;16;6
8972;1;1;0;1;1;15;13;16;6
8973;1;0;0;0;1;15;13;17;6
8974;1;0;0;0;1;15;14;17;6
8975;1;0;1;1;1;15;15;17;6
8976;1;1;1;0;1;15;16;17;6
8977;0;2;0;1;1;15;16;18;5
8978;1;1;1;0;1;15;16;18;5
8979;0;1;0;0;1;15;16;18;5
8980;0;1;1;0;1;15;16;17;5
8981;1;0;0;1;1;15;16;17;5
8982;1;1;1;0;1;15;16;18;5
8983;1;2;1;0;1;15;16;19;5
8984;1;1;1;0;1;15;16;19;6
8985;1;0;0;1;1;15;16;20;6
8986;0;1;1;1;1;15;16;20;6
8987;1;2;1;1;1;15;16;20;6
8988;1;0;0;0;1;15;16;20;7
8989;1;2;0;0;1;15;17;20;7
8990;1;1;0;1;1;15;17;20;8
8991;1;1;0;0;1;15;17;21;8
8992;0;0;1;0;1;15;16;22;8
8993;1;1;0;1;1;15;16;22;8
8994;1;1;1;0;1;15;16;23;8
8995;0;1;0;1;1;15;16;23;8
8996;1;2;0;0;1;15;16;23;8
8997;1;1;0;0;1;15;16;23;9
8998;1;1;1;0;1;15;16;24;9
8999;0;2;1;1;1;15;16;25;8
9000;1;0;0;1;1;15;16;25;8
9001;1;2;1;0;1;15;17;25;8
9002;0;1;0;0;1;15;17;24;9
9003;1;1;0;1;1;15;17;24;9
9004;0;0;0;1;1;15;16;25;9
9005;0;0;0;0;1;15;15;25;9
9006;0;0;1;0;1;15;14;25;9
9007;0;1;1;0;1;15;14;24;9
9008;0;2;1;0;1;15;14;24;8
9009;1;2;0;1;1;15;14;24;8
9010;1;0;1;0;1;15;14;24;9
9011;1;1;0;0;1;15;15;24;9
9012;0;2;1;0;1;15;15;24;9
9013;1;0;1;0;1;15;15;24;9
9014;1;1;1;1;1;15;15;24;10
9015;1;1;1;0;1;15;15;25;10
9016;1;2;0;1;1;15;15;26;10
9017;1;0;1;1;1;15;15;26;11
9018;0;0;0;1;1;15;16;26;10
9019;0;2;0;1;1;15;16;26;9
9020;0;0;1;0;1;15;16;26;8
9021;1;2;1;1;1;15;16;26;8
9022;1;2;0;0;1;15;16;26;9
9023;0;2;1;1;1;15;16;26;9
9024;0;2;0;1;1;15;16;26;8
9025;1;2;1;0;1;15;16;26;8
9026;0;1;1;1;1;15;16;25;9
9027;0;0;1;1;1;15;15;25;9
9028;1;2;1;1;1;15;15;25;9
9029;0;1;1;1;1;15;15;24;10
9030;0;0;0;0;1;15;14;24;10
9031;1;2;0;0;1;15;14;24;10
9032;1;1;0;1;1;15;14;24;11
9033;1;1;0;0;1;15;14;24;12
9034;1;2;0;0;1;15;14;25;12
9035;1;1;1;0;1;15;14;25;13
9036;0;0;0;1;1;15;13;26;13
9037;0;0;1;0;1;15;12;26;13
9038;1;1;1;0;1;15;12;26;13
9039;1;1;0;0;1;15;12;26;14
9040;1;2;0;0;1;15;12;26;15
9041;1;1;0;1;1;15;12;26;16
9042;1;2;1;0;1;15;12;27;16
9043;1;0;0;1;1;15;12;27;17
9044;0;0;1;1;1;15;12;28;16
9045;1;0;1;0;1;15;12;28;16
9046;0;2;1;0;1;15;12;29;15
9047;0;0;0;1;1;15;11;29;15
9048;1;0;0;0;1;15;11;29;15
9049;0;0;1;0;1;15;11;29;15
9050;1;0;0;1;1;15;11;29;15
9051;1;2;0;1;1;15;12;29;15
9052;1;1;1;1;1;15;12;29;16
9053;0;2;0;0;1;15;12;30;15
9054;1;0;0;0;1;15;12;30;15
9055;1;0;1;1;1;15;13;30;15
9056;0;2;1;1;1;15;13;31;14
9057;1;0;1;0;1;15;13;31;14
9058;1;2;0;1;1;15;13;32;14
9059;0;0;1;0;1;15;12;32;15
9060;1;0;0;0;1;15;12;32;15
9061;0;0;0;0;1;15;12;32;15
9062;0;2;1;0;1;15;12;32;14
9063;0;0;1;0;1;15;11;32;14
9064;1;2;0;0;1;15;11;32;14
9065;0;1;1;0;1;15;11;31;15
9066;1;0;0;0;1;15;11;31;15
9067;0;0;1;1;1;15;10;32;15
9068;1;1;1;1;1;15;10;32;15
9069;0;2;1;0;1;15;10;33;14
9070;1;1;1;1;1;15;10;33;14
9071;0;1;1;0;1;15;10;33;14
9072;1;0;0;1;1;15;10;33;14
9073;1;0;0;1;1;15;11;33;14
9074;1;0;1;0;1;15;12;33;14
9075;0;2;1;0;1;15;12;34;13
9076;1;2;0;0;1;15;12;34;13
9077;0;2;0;1;1;15;12;34;13
9078;1;2;1;1;1;15;12;34;13
9079;0;0;1;0;1;15;12;34;13
9080;0;2;0;1;1;15;12;34;12
9081;0;0;0;0;1;15;11;34;12
9082;0;2;1;0;1;15;11;34;11
9083;0;0;0;1;1;15;10;34;11
9084;1;2;1;0;1;15;10;34;11
9085;0;1;0;1;1;15;10;33;12
9086;0;1;1;1;1;15;10;32;12
9087;1;1;1;1;1;15;10;32;12
9088;0;2;1;1;1;15;10;33;11
9089;1;2;1;0;1;15;10;33;11
9090;1;1;1;1;1;15;10;33;12
9091;1;1;0;0;1;15;10;33;13
9092;1;0;0;1;1;15;10;34;13
9093;0;1;1;1;1;15;10;34;13
9094;1;1;1;0;1;15;10;34;13
9095;0;2;0;1;1;15;10;35;12
9096;0;0;0;0;1;15;9;35;12
9097;1;1;1;0;1;15;9;35;12
9098;0;2;1;0;1;15;9;35;12
9099;1;0;0;0;1;15;9;35;12
9100;0;0;1;1;1;15;9;35;12
9101;0;2;0;0;1;15;9;35;11
9102;0;1;1;1;1;15;9;34;11
9103;0;0;1;1;1;15;8;34;11
9104;1;1;1;1;1;15;8;34;11
9105;1;2;1;1;1;15;8;34;12
9106;0;1;0;1;1;15;8;33;13
9107;0;0;0;1;1;15;7;33;13
9108;0;2;0;1;1;15;7;33;12
9109;1;0;0;0;1;15;7;33;12
9110;0;2;0;1;1;15;8;33;11
9111;1;0;0;0;1;15;8;33;11
9112;1;2;0;0;1;15;9;33;11
9113;1;0;1;1;1;15;9;33;12
9114;1;1;1;0;1;15;10;33;12
9115;0;0;1;0;1;15;10;33;12
9116;0;1;0;0;1;15;10;32;12
9117;1;0;0;1;1;15;10;32;12
9118;1;2;0;0;1;15;10;32;13
9119;0;2;0;0;1;15;10;32;13
9120;1;2;0;0;1;15;10;32;13
9121;1;1;0;1;1;15;10;32;14
9122;1;0;0;0;1;15;10;33;14
9123;1;2;0;0;1;15;10;34;14
9124;1;0;1;1;1;15;10;34;15
9125;1;2;1;1;1;15;11;34;15
9126;0;0;0;0;1;15;10;34;16
9127;1;0;1;0;1;15;10;34;16
9128;1;0;1;0;1;15;11;34;16
9129;0;1;1;0;1;15;12;33;16
9130;1;0;1;0;1;15;12;33;16
9131;0;1;1;1;1;15;12;34;15
9132;1;0;1;1;1;15;12;34;15
9133;1;1;1;0;1;15;13;34;15
9134;1;0;1;1;1;15;13;35;15
9135;1;2;1;1;1;15;14;35;15
9136;1;1;0;1;1;15;14;35;16
9137;0;2;1;0;1;15;14;36;15
9138;1;0;1;0;1;15;14;36;15
9139;1;0;1;0;1;15;15;36;15
9140;1;2;1;0;1;15;16;36;15
9141;1;1;0;0;1;15;16;36;16
9142;1;1;0;0;1;15;16;37;16
9143;0;0;0;0;1;15;15;38;16
9144;0;2;0;0;1;15;15;38;15
9145;0;1;0;1;1;15;15;37;15
9146;0;2;0;1;1;15;15;37;14
9147;0;1;1;0;1;15;15;36;14
9148;0;1;1;0;1;15;15;35;14
9149;1;2;1;1;1;15;15;35;14
9150;0;0;1;0;1;15;14;35;15
9151;1;1;0;0;1;15;14;35;15
9152;1;2;1;0;1;15;14;36;15
9153;1;1;1;1;1;15;14;36;16
9154;0;0;1;1;1;15;13;37;16
9155;0;0;1;0;1;15;12;37;16
9156;1;0;0;1;1;15;12;37;16
9157;1;1;1;1;1;15;13;37;16
9158;0;1;0;0;1;15;13;36;17
9159;0;0;0;0;1;15;12;36;17
9160;1;0;1;0;1;15;12;36;17
9161;0;1;0;1;1;15;12;35;18
9162;0;2;0;1;1;15;12;35;17
9163;0;1;0;0;1;15;12;34;17
9164;1;1;0;1;1;15;12;34;17
9165;0;2;0;1;1;15;12;34;17
9166;0;1;1;0;1;15;12;33;17
9167;1;2;1;0;1;15;12;33;17
9168;0;2;0;0;1;15;12;33;17
9169;1;1;0;1;1;15;12;33;17
9170;0;2;1;0;1;15;12;34;16
9171;0;0;1;1;1;15;11;34;16
9172;1;2;1;1;1;15;11;34;16
9173;0;2;0;1;1;15;11;34;16
9174;1;1;1;0;1;15;11;34;16
9175;1;1;0;1;1;15;11;35;16
9176;0;0;0;1;1;15;10;36;16
9177;0;0;1;1;1;15;9;36;16
9178;0;1;1;1;1;15;9;35;16
9179;1;1;0;0;1;15;9;35;16
9180;1;0;1;0;1;15;9;36;16
9181;1;1;1;0;1;15;10;36;16
9182;0;2;0;0;1;15;10;36;16
9183;1;1;0;1;1;15;10;36;16
9184;0;1;1;1;1;15;10;36;16
9185;1;0;0;1;1;15;10;36;16
9186;1;0;1;0;1;15;11;36;16
9187;0;2;1;0;1;15;12;36;15
9188;1;2;1;1;1;15;12;36;15
9189;0;1;0;0;1;15;12;35;16
9190;1;2;0;1;1;15;12;35;16
9191;0;1;0;1;1;15;12;34;17
9192;0;0;0;1;1;15;11;34;17
9193;0;1;0;1;1;15;11;33;17
9194;1;0;1;1;1;15;11;33;17
9195;1;2;0;1;1;15;12;33;17
9196;0;0;0;1;1;15;11;33;18
9197;1;0;0;1;1;15;11;33;18
9198;1;2;0;1;1;15;12;33;18
9199;0;0;0;1;1;15;11;33;19
9200;1;0;1;0;1;15;11;33;19
9201;1;1;1;1;1;15;12;33;19
9202;0;0;0;1;1;15;11;33;20
9203;1;0;0;0;1;15;11;33;20
9204;0;2;0;1;1;15;12;33;19
9205;1;1;1;1;1;15;12;33;19
9206;1;1;0;1;1;15;12;34;19
9207;1;1;1;1;1;15;12;35;19
9208;0;1;0;1;1;15;12;35;19
9209;1;1;1;0;1;15;12;35;19
9210;1;1;0;0;1;15;12;36;19
9211;1;2;1;0;1;15;12;37;19
9212;1;2;0;1;1;15;12;37;20
9213;1;0;1;0;1;15;12;37;21
9214;1;2;1;0;1;15;13;37;21
9215;0;2;1;0;1;15;13;37;21
9216;0;0;1;0;1;15;13;37;20
9217;0;0;1;1;1;15;12;37;20
9218;0;1;1;0;1;15;12;36;20
9219;1;1;1;1;1;15;12;36;20
9220;1;0;1;0;1;15;12;36;21
9221;0;1;1;1;1;15;13;35;21
9222;1;0;1;1;1;15;13;35;21
9223;1;1;1;0;1;15;14;35;21
9224;1;0;1;0;1;15;14;36;21
9225;0;0;1;1;1;15;14;36;21
9226;1;0;0;0;1;15;14;36;21
9227;1;2;0;0;1;15;15;36;21
9228;0;1;0;1;1;15;15;35;22
9229;1;1;0;0;1;15;15;35;22
9230;0;0;0;0;1;15;14;36;22
9231;0;1;0;0;1;15;14;35;22
9232;1;0;0;1;1;15;14;35;22
9233;1;0;0;1;1;15;15;35;22
9234;1;1;1;1;1;15;16;35;22
9235;1;2;0;0;1;15;16;35;23
9236;0;1;0;1;1;15;16;34;24
9237;0;2;1;0;1;15;16;34;23
9238;0;0;0;1;1;15;15;34;23
9239;1;0;1;0;1;15;15;34;23
9240;1;1;1;1;1;15;16;34;23
9241;0;2;0;1;1;15;16;35;22
9242;1;2;1;1;1;15;16;35;22
9243;0;0;0;1;1;15;15;35;23
9244;1;2;0;0;1;15;15;35;23
9245;1;2;1;1;1;15;15;35;24
9246;0;2;1;0;1;15;15;35;24
9247;1;1;0;1;1;15;15;35;24
9248;1;0;0;0;1;15;15;36;24
9249;0;1;1;1;1;15;16;35;24
9250;1;2;1;1;1;15;16;35;24
9251;0;0;1;1;1;15;15;35;25
9252;0;1;1;0;1;15;15;34;25
9253;0;2;1;0;1;15;15;34;24
9254;1;1;1;1;1;15;15;34;24
9255;0;0;1;0;1;15;14;35;24
9256;0;2;0;1;1;15;14;35;23
9257;1;2;0;0;1;15;14;35;23
9258;1;0;1;0;1;15;14;35;24
9259;1;0;0;1;1;15;15;35;24
9260;1;2;1;1;1;15;16;35;24
9261;1;2;1;0;1;15;16;35;25
9262;0;1;1;1;1;15;16;34;26
9263;0;2;0;1;1;15;16;34;25
9264;1;2;0;1;1;15;16;34;25
9265;1;0;1;1;1;15;16;34;26
9266;1;0;0;0;1;15;17;34;26
9267;0;2;0;1;1;15;18;34;25
9268;0;2;0;0;1;15;18;34;24
9269;0;0;1;1;1;15;17;34;24
9270;0;1;1;1;1;15;17;33;24
9271;1;2;1;0;1;15;17;33;24
9272;0;2;0;0;1;15;17;33;24
9273;0;0;1;0;1;15;16;33;24
9274;0;0;1;0;1;15;15;33;24
9275;0;0;1;0;1;15;14;33;24
9276;1;1;1;0;1;15;14;33;24
9277;1;1;1;0;1;15;14;34;24
9278;0;1;0;1;1;15;14;34;24
9279;0;1;0;0;1;15;14;33;24
9280;0;1;0;1;1;15;14;32;24
9281;0;2;1;1;1;15;14;32;23
9282;1;1;1;1;1;15;14;32;23
9283;1;0;0;0;1;15;14;33;23
9284;0;0;1;0;1;15;14;33;23
9285;0;2;0;0;1;15;14;33;22
9286;1;1;0;0;1;15;14;33;22
9287;0;2;1;1;1;15;14;34;21
9288;0;1;1;1;1;15;14;33;21
9289;0;2;0;0;1;15;14;33;20
9290;1;0;0;0;1;15;14;33;20
9291;0;0;0;1;1;15;14;33;20
9292;1;1;0;1;1;15;14;33;20
9293;1;2;1;0;1;15;14;34;20
9294;1;0;0;0;1;15;14;34;21
9295;1;2;1;1;1;15;15;34;21
9296;0;0;1;1;1;15;15;34;21
9297;0;0;1;0;1;15;14;34;21
9298;1;2;0;1;1;15;14;34;21
9299;0;2;0;0;1;15;14;34;21
9300;1;2;0;0;1;15;14;34;21
9301;1;0;0;1;1;15;14;34;22
9302;1;0;1;1;1;15;14;34;23
9303;1;0;0;0;1;15;15;34;23
9304;0;1;0;1;1;15;16;34;22
9305;1;1;0;1;1;15;16;34;22
9306;1;0;0;1;1;15;16;34;23
9307;0;2;1;0;1;15;17;34;22
9308;0;0;0;1;1;15;16;34;22
9309;1;0;1;0;1;15;16;34;22
9310;1;2;0;0;1;15;17;34;22
9311;1;2;0;0;1;15;17;34;23
9312;1;0;0;1;1;15;17;34;24
9313;1;0;1;1;1;15;17;35;24
9314;1;1;1;1;1;15;17;36;24
9315;1;0;1;1;1;15;17;36;25
9316;0;2;0;0;1;15;18;36;24
9317;1;2;0;0;1;15;18;36;24
9318;1;1;0;1;1;15;18;36;25
9319;1;1;0;0;1;15;18;37;25
9320;0;1;1;1;1;15;18;37;25
9321;0;2;1;0;1;15;18;37;24
9322;1;2;0;0;1;15;18;37;24
9323;1;0;1;1;1;15;18;37;25
9324;1;0;1;0;1;15;18;37;26
9325;0;0;1;0;1;15;18;37;26
9326;1;1;0;1;1;15;18;37;26
9327;0;2;0;0;1;15;18;38;25
9328;0;1;0;1;1;15;18;37;25
9329;1;1;0;1;1;15;18;37;25
9330;1;1;0;1;1;15;18;38;25
9331;0;0;1;0;1;15;17;39;25
9332;1;1;0;0;1;15;17;39;25
9333;1;2;0;1;1;15;17;39;26
9334;1;1;0;1;1;15;17;39;27
9335;0;0;1;0;1;15;16;40;27
9336;1;0;1;1;1;15;16;40;27
9337;0;1;0;0;1;15;17;39;27
9338;1;0;1;0;1;15;17;39;27
9339;0;1;0;0;1;15;18;38;27
9340;0;2;0;1;1;15;18;38;26
9341;0;0;0;0;1;15;17;38;26
9342;1;0;0;1;1;15;17;38;26
9343;0;2;0;0;1;15;17;39;25
9344;1;0;0;1;1;15;17;39;25
9345;1;0;1;1;1;15;18;39;25
9346;0;0;0;1;1;15;18;39;25
9347;1;2;0;0;1;15;18;39;25
9348;1;1;1;1;1;15;18;39;26
9349;1;0;1;1;1;15;18;40;26
9350;0;2;1;0;1;15;19;40;25
9351;0;2;1;1;1;15;19;40;24
9352;1;2;1;0;1;15;19;40;24
9353;0;1;1;0;1;15;19;40;24
9354;1;1;1;1;1;15;19;40;24
9355;0;2;0;1;1;15;19;41;23
9356;1;1;0;1;1;15;19;41;23
9357;1;1;1;1;1;15;19;41;24
9358;1;1;1;0;1;15;19;42;24
9359;1;2;0;0;1;15;19;42;25
9360;0;0;1;0;1;15;18;42;26
9361;1;2;1;0;1;15;18;42;26
9362;0;2;1;0;1;15;18;42;26
9363;0;1;0;1;1;15;18;41;26
9364;1;1;1;1;1;15;18;41;26
9365;0;0;0;1;1;15;17;41;27
9366;0;2;0;1;1;15;17;41;26
9367;0;2;0;0;1;15;17;41;25
9368;1;2;0;0;1;15;17;41;25
9369;0;1;0;1;1;15;17;40;26
9370;1;2;1;1;1;15;17;40;26
9371;1;2;1;0;1;15;17;40;27
9372;1;2;0;1;1;15;17;40;28
9373;1;0;0;0;1;15;17;40;29
9374;0;1;0;0;1;15;18;39;29
9375;1;0;0;0;1;15;18;39;29
9376;1;2;0;1;1;15;19;39;29
9377;0;1;0;1;1;15;19;38;30
9378;0;2;1;0;1;15;19;38;29
9379;0;1;0;1;1;15;19;37;29
9380;1;2;1;1;1;15;19;37;29
9381;1;0;1;0;1;15;19;37;30
9382;0;2;1;1;1;15;20;37;29
9383;1;2;1;1;1;15;20;37;29
9384;1;2;0;0;1;15;20;37;30
9385;0;2;0;1;1;15;20;37;30
9386;1;0;0;0;1;15;20;37;30
9387;1;1;1;1;1;15;21;37;30
9388;0;0;1;0;1;15;20;38;30
9389;0;1;0;0;1;15;20;37;30
9390;1;2;0;0;1;15;20;37;30
9391;1;0;0;1;1;15;20;37;31
9392;0;0;1;1;1;15;20;37;31
9393;1;0;1;1;1;15;20;37;31
9394;0;1;0;1;1;15;21;36;31
9395;1;2;0;1;1;15;21;36;31
9396;0;0;0;1;1;15;20;36;32
9397;0;0;1;1;1;15;19;36;32
9398;0;1;0;1;1;15;19;35;32
9399;1;2;1;1;1;15;19;35;32
9400;0;1;1;0;1;15;19;34;33
9401;1;1;0;0;1;15;19;34;33
9402;1;0;1;0;1;15;19;35;33
9403;1;1;1;0;1;15;20;35;33
9404;1;0;0;0;1;15;20;36;33
9405;0;0;1;0;1;15;19;37;33
9406;1;0;1;0;1;15;19;37;33
9407;1;1;0;1;1;15;20;37;33
9408;1;1;1;1;1;16;20;38;33
9409;0;1;0;1;1;16;20;37;34
9410;0;2;0;0;1;16;20;37;33
9411;1;1;1;1;1;16;20;37;33
9412;1;1;1;1;1;16;20;38;33
9413;0;0;0;1;1;16;19;38;34
9415;1;2;1;0;1;16;19;38;34
9416;1;1;0;1;1;16;19;38;35
9417;1;1;0;0;1;16;19;39;35
9418;1;2;1;1;1;16;19;40;35
9419;1;1;1;1;1;16;19;40;36
9420;1;0;1;1;1;16;19;41;36
9421;1;0;0;0;1;16;20;41;36
9422;1;2;1;0;1;16;21;41;36
9423;1;1;1;0;1;16;21;41;37
9424;0;1;1;1;1;16;21;42;36
9425;1;0;0;0;1;16;21;42;36
9426;1;1;1;0;1;16;22;42;36
9427;0;0;0;1;1;16;21;42;37
9428;0;0;1;0;1;16;21;42;36
9430;1;0;0;0;1;16;21;42;36
9431;1;2;1;1;1;16;22;42;36
9433;1;1;1;0;1;16;22;42;37
9434;0;2;0;0;1;16;22;42;37
9436;1;1;1;1;1;16;22;42;37
9437;0;1;1;0;1;16;22;43;36
9439;0;2;0;1;1;16;22;43;35
9440;1;2;0;1;1;16;22;43;35
9441;1;0;0;1;1;16;22;43;36
9442;1;0;1;1;1;16;23;43;36
9443;1;1;0;0;1;16;24;43;36
9444;1;1;1;0;1;16;24;44;36
9445;1;0;1;1;1;16;24;45;36
9446;1;0;0;0;1;16;25;45;36
9448;1;1;1;0;1;16;26;45;36
9449;1;1;0;0;1;16;26;45;37
9450;1;1;1;1;1;16;26;46;37
9451;1;0;1;1;1;16;26;46;38
9452;1;1;1;1;1;16;27;46;38
9453;1;1;1;1;1;16;27;47;38
9454;0;1;0;0;1;16;27;46;39
9455;1;1;0;1;1;16;27;46;39
9456;1;2;0;1;1;16;27;47;39
9457;1;2;0;0;1;16;27;47;40
9458;0;2;1;1;1;16;27;47;40
9459;1;1;1;1;1;16;27;47;40
9460;1;0;0;0;1;16;27;48;40
9461;1;0;1;0;1;16;28;48;40
9462;0;0;0;0;1;16;28;48;40
9463;1;1;1;1;1;16;28;48;40
9464;1;2;1;1;1;16;28;49;40
9466;1;1;0;0;1;16;28;49;41
9467;1;1;1;1;1;16;28;50;41
9468;1;0;0;1;1;16;28;50;42
9469;1;0;0;1;1;16;29;50;42
9470;1;0;0;0;1;16;29;51;42
9471;1;0;0;1;1;16;29;52;42
9472;1;0;1;0;1;16;30;52;42
9473;0;2;0;1;1;16;30;52;42
9474;1;0;1;1;1;16;30;52;42
9476;1;0;1;1;1;16;31;52;42
9477;1;0;0;1;1;16;32;52;42
9478;0;2;1;0;1;16;33;52;41
9479;1;2;1;0;1;16;33;52;41
9480;0;1;0;1;1;16;33;51;42
9481;0;2;0;1;1;16;33;51;41
9482;1;2;1;0;1;16;33;51;41
9483;1;1;0;0;1;16;33;51;42
9484;1;1;0;0;1;16;33;52;42
9485;1;1;1;1;1;16;33;53;42
9486;1;1;1;1;1;16;33;54;42
9488;1;1;0;0;1;16;33;54;43
9489;1;0;1;0;1;16;33;55;43
9490;1;0;1;0;1;16;33;55;44
9491;1;1;1;1;1;16;34;55;44
9492;1;0;0;0;1;16;34;56;44
9494;0;1;0;1;1;16;35;55;44
9496;1;1;0;1;1;16;35;55;44
9497;1;2;1;1;1;16;35;56;44
9500;1;0;0;1;1;16;35;56;45
9501;0;0;1;1;1;16;36;56;44
9502;1;2;1;1;1;16;36;56;44
9503;1;0;1;0;1;16;36;56;45
9504;1;1;1;0;1;16;36;56;46
9506;0;2;0;1;1;16;36;57;45
9507;1;1;0;0;1;16;36;57;45
9509;0;0;1;0;1;16;36;58;44
9511;1;0;0;0;1;16;36;58;44
9512;1;1;1;1;1;16;37;58;44
9513;0;1;1;0;1;16;37;57;45
9514;1;2;1;0;1;16;37;57;45
9517;1;2;1;0;1;16;37;57;46
9518;1;2;0;1;1;16;37;57;47
9519;1;1;0;1;1;16;37;57;48
9520;1;1;0;0;1;16;37;57;49
9522;1;2;1;1;1;16;37;58;49
9523;1;0;0;0;1;16;37;58;50
9524;1;0;0;1;1;16;38;58;50
9525;0;1;1;0;1;16;39;57;50
9526;1;1;0;0;1;16;39;57;50
9527;1;1;1;0;1;16;39;58;50
9528;1;1;1;1;1;16;39;59;50
9529;1;1;0;1;1;16;39;59;51
9530;1;0;0;0;1;16;39;59;52
9531;1;0;0;1;1;16;40;59;52
9532;1;0;0;1;1;16;41;59;52
9533;1;2;0;0;1;16;42;59;52
9534;1;0;0;1;1;16;42;59;53
9535;1;1;1;1;1;16;43;59;53
9536;0;1;1;0;1;16;43;59;53
9537;1;0;0;0;1;16;43;59;53
9538;1;1;0;1;1;16;44;59;53
9539;0;0;0;0;1;16;43;59;54
9541;1;1;0;0;1;16;43;59;54
9544;1;0;0;0;1;16;43;60;54
9545;0;0;0;0;1;16;43;60;54
9546;1;0;0;1;1;16;43;60;54
9547;1;2;0;1;1;16;44;60;54
9548;1;2;1;0;1;16;44;60;55
9549;1;2;0;0;1;16;44;60;56
9550;0;1;1;1;1;16;44;60;56
9551;0;2;0;1;1;16;44;60;55
9553;0;1;1;0;1;16;44;60;54
9554;0;2;1;1;1;16;44;60;53
9555;0;1;1;1;1;16;44;59;53
9556;1;1;0;1;1;16;44;59;53
9557;1;2;0;0;1;16;44;60;53
9558;1;2;1;0;1;16;44;60;54
9559;1;2;0;1;1;16;44;60;55
9560;1;2;0;0;1;16;44;60;56
9561;0;2;1;1;1;16;44;60;56
9562;0;0;1;0;1;16;43;60;56
9564;1;2;0;1;1;16;43;60;56
9565;0;0;0;1;1;16;42;60;57
9566;1;0;0;1;1;16;42;60;57
9567;1;0;0;1;1;16;43;60;57
9568;1;0;1;1;1;16;44;60;57
9569;0;2;1;0;1;16;44;60;57
9570;1;1;1;1;1;16;44;60;57
9571;0;2;0;1;1;16;44;60;57
9573;1;1;0;1;1;16;44;60;57
9574;1;0;1;0;1;16;44;61;57
9575;0;2;1;0;1;16;45;61;56
9576;1;1;0;0;1;16;45;61;56
9577;1;1;0;1;1;16;45;61;57
9578;0;0;0;0;1;16;44;62;57
9579;1;0;1;0;1;16;44;62;57
9580;1;0;0;0;1;16;45;62;57
9581;1;2;0;1;1;16;46;62;57
9582;1;1;0;1;1;16;46;62;58
9583;1;1;1;1;1;16;46;62;59
9585;0;2;1;1;1;16;46;62;59
9586;1;0;0;0;1;16;46;62;59
9587;0;1;0;0;1;16;46;61;60
9588;1;0;1;1;1;16;46;61;60
9589;0;2;1;1;1;16;47;61;59
9593;1;1;0;1;1;16;47;61;59
9594;1;2;1;1;1;16;47;62;59
9595;1;2;1;0;1;16;47;62;60
9596;0;2;0;1;1;16;47;62;60
9597;0;0;1;1;1;16;46;62;60
9599;1;2;0;0;1;16;46;62;60
9600;0;0;0;1;1;16;45;62;61
9602;0;0;1;1;1;16;44;62;61
9603;1;2;0;0;1;16;44;62;61
9604;1;2;1;0;1;16;44;62;62
9605;1;0;0;0;1;16;44;62;63
9606;1;0;1;0;1;16;45;62;63
9607;1;1;0;0;1;16;46;62;63
9608;1;0;0;1;1;16;46;63;63
9609;0;1;0;0;1;16;47;62;63
9613;1;0;0;1;1;16;47;62;63
9615;1;0;0;0;1;16;48;62;63
9616;0;1;0;1;1;16;49;61;63
9617;0;2;1;1;1;16;49;61;62
9618;0;0;1;0;1;16;48;61;62
9619;1;2;0;0;1;16;48;61;62
9620;1;2;1;0;1;16;48;61;63
9621;1;0;0;1;1;16;48;61;64
9622;1;1;0;0;1;16;48;62;64
9623;1;2;1;0;1;16;48;62;65
9625;1;0;1;1;1;16;48;62;66
9626;0;1;0;1;1;16;49;61;66
9627;1;0;0;0;1;16;49;61;66
9628;1;1;1;0;1;16;50;61;66
9629;1;0;1;1;1;16;50;62;66
9630;1;1;1;0;1;16;51;62;66
9631;0;1;0;1;1;16;51;61;67
9632;1;1;0;0;1;16;51;61;67
9633;1;1;0;1;1;16;51;61;68
9635;0;1;0;1;1;16;51;61;68
9636;1;1;1;0;1;16;51;61;68
9637;1;1;1;1;1;16;51;62;68
9639;0;1;0;1;1;16;51;62;68
9640;1;0;1;1;1;16;51;62;68
9642;1;2;1;1;1;16;52;62;68
9643;0;1;0;0;1;16;52;61;69
9644;1;1;0;0;1;16;52;61;69
9645;1;1;1;0;1;16;52;62;69
9646;1;1;0;1;1;16;52;63;69
9647;1;2;0;0;1;16;52;64;69
9648;1;2;1;0;1;16;52;64;70
9649;1;0;0;1;1;16;52;64;71
9650;1;2;1;1;1;16;53;64;71
9651;0;1;0;1;1;16;53;63;72
9652;1;1;0;1;1;16;53;63;72
9654;1;0;1;1;1;16;53;64;72
9655;1;2;0;1;1;16;54;64;72
9656;1;0;0;0;1;16;54;64;73
9657;1;2;1;0;1;16;55;64;73
9658;1;2;1;1;1;16;55;64;74
9659;1;0;0;0;1;16;55;64;75
9660;1;0;0;0;1;16;55;64;76
9661;1;1;0;0;1;16;55;65;76
9664;0;2;0;0;1;16;55;66;75
9665;1;2;1;1;1;16;55;66;75
9666;1;2;0;1;1;16;55;66;76
9667;1;1;1;1;1;16;55;66;77
9668;1;1;0;0;1;16;55;66;78
9669;1;1;0;1;1;16;55;67;78
9670;0;2;0;1;1;16;55;68;77
9671;1;0;0;0;1;16;55;68;77
9672;1;1;0;0;1;16;56;68;77
9673;1;0;1;1;1;16;56;69;77
9674;1;0;0;1;1;16;56;69;78
9675;0;1;0;0;1;16;57;68;78
9677;0;2;1;1;1;16;57;68;77
9678;0;0;0;1;1;16;56;68;77
9679;0;0;0;0;1;16;55;68;77
9680;1;1;0;0;1;16;55;68;77
9681;1;2;0;1;1;16;55;69;77
9682;1;1;0;1;1;16;55;69;78
9684;1;1;0;0;1;16;55;70;78
9685;1;0;1;1;1;16;55;71;78
9686;0;1;0;1;1;16;56;70;78
9687;0;1;0;1;1;16;56;69;78
9689;1;1;0;1;1;16;56;69;78
9690;1;0;0;1;1;16;56;70;78
9691;0;2;1;0;1;16;56;70;78
9692;1;1;0;1;1;16;56;70;78
9693;1;0;1;1;1;16;56;71;78
9694;1;2;0;0;1;16;57;71;78
9695;1;0;0;1;1;16;57;71;79
9696;1;0;0;0;1;16;58;71;79
9697;1;0;0;1;1;16;59;71;79
9698;1;1;0;1;1;16;60;71;79
9699;1;2;0;1;1;16;60;72;79
9700;0;1;0;1;1;16;60;71;80
9701;1;2;1;0;1;16;60;71;80
9702;0;2;1;0;1;16;60;71;80
9703;1;0;0;1;1;16;60;71;80
9704;1;2;1;1;1;16;61;71;80
9706;0;2;1;0;1;16;61;71;80
9707;1;0;0;1;1;16;61;71;80
9708;1;1;0;1;1;16;62;71;80
9712;1;0;1;0;1;16;62;71;81
9713;1;0;0;0;1;16;62;72;81
9714;1;2;0;1;1;16;63;72;81
9715;1;1;0;1;1;16;63;72;82
9716;0;1;1;1;1;16;63;72;82
9717;0;1;0;1;1;16;63;71;82
9718;1;2;0;1;1;16;63;71;82
9719;1;2;1;1;1;16;63;71;83
9720;0;0;0;0;1;16;62;71;84
9721;1;1;1;0;1;16;62;71;84
9722;1;1;1;0;1;16;62;72;84
9723;0;2;0;1;1;16;62;72;84
9724;0;0;0;1;1;16;61;72;84
9725;1;1;1;1;1;16;61;72;84
9726;1;2;1;1;1;16;61;73;84
9727;0;1;1;0;1;16;61;72;85
9728;0;1;1;0;1;16;61;71;85
9730;1;0;1;0;1;16;61;71;85
9732;0;0;0;1;1;16;61;71;85
9734;1;0;1;1;1;16;61;71;85
9735;1;1;1;0;1;16;61;71;86
9736;1;0;0;1;1;16;61;72;86
9737;1;1;0;0;1;16;62;72;86
9738;0;1;1;0;1;16;62;72;86
9739;0;2;1;0;1;16;62;72;85
9740;1;1;1;1;1;16;62;72;85
9741;1;0;1;0;1;16;62;72;86
9742;1;2;0;1;1;16;63;72;86
9743;1;1;0;0;1;16;63;72;87
9744;1;1;0;1;1;16;63;72;88
9747;1;2;0;0;1;16;63;73;88
9748;0;2;1;1;1;16;63;73;88
9749;0;0;1;1;1;16;63;73;87
9750;1;0;0;1;1;16;63;73;87
9752;0;1;0;1;1;16;64;72;87
9754;1;2;1;0;1;16;64;72;87
9755;1;2;1;0;1;16;64;72;88
9756;1;0;0;1;1;16;64;72;89
9757;1;1;1;1;1;16;65;72;89
9758;1;2;1;0;1;16;65;73;89
9759;0;1;0;1;1;16;65;72;90
9760;1;1;1;0;1;16;65;72;90
9761;1;1;1;0;1;16;65;72;91
9762;1;2;0;0;1;16;65;73;91
9763;1;1;1;1;1;16;65;73;92
9764;1;0;1;0;1;16;65;73;93
9765;1;0;0;1;1;16;66;73;93
9766;1;2;0;1;1;16;67;73;93
9767;0;1;1;0;1;16;67;72;94
9768;0;0;0;1;1;16;66;72;94
9769;1;0;1;1;1;16;66;72;94
9770;1;1;0;1;1;16;67;72;94
9771;1;0;0;1;1;16;67;73;94
9773;0;1;0;0;1;16;68;72;94
9774;0;0;1;0;1;16;67;72;94
9775;1;2;1;0;1;16;67;72;94
9777;1;0;1;0;1;16;67;72;95
9778;1;0;0;1;1;16;68;72;95
9779;1;0;0;1;1;16;69;72;95
9781;1;2;1;0;1;16;70;72;95
9782;1;0;1;0;1;16;70;72;96
9783;1;2;1;1;1;16;70;72;97
9784;1;1;1;0;1;16;70;72;98
9786;1;2;1;0;1;16;70;73;98
9787;0;0;0;0;1;16;69;73;99
9788;1;2;1;1;1;16;69;73;99
9789;1;1;1;1;1;16;69;73;100
9790;1;0;1;0;1;16;69;74;100
9791;1;1;0;1;1;16;69;74;101
9792;1;2;0;1;1;16;69;75;101
9794;1;1;0;1;1;16;69;75;102
9796;1;1;0;1;1;16;69;76;102
9797;1;0;1;1;1;16;69;77;102
9799;0;2;0;0;1;16;70;77;101
9800;1;0;1;0;1;16;70;77;101
9801;1;1;0;1;1;16;71;77;101
9802;0;2;0;1;1;16;71;78;100
9803;1;1;1;0;1;16;71;78;100
9804;1;1;1;1;1;16;71;79;100
9805;1;1;1;1;1;16;71;80;100
9806;1;0;1;1;1;16;71;80;101
9807;0;1;0;1;1;16;72;79;101
9809;1;2;0;0;1;16;72;79;101
9810;1;0;0;0;1;16;72;79;102
9811;0;1;1;1;1;16;72;79;102
9812;1;2;0;0;1;16;72;79;102
9813;1;1;0;1;1;16;72;79;103
9814;1;1;1;1;1;16;72;80;103
9815;1;1;0;0;1;16;72;80;104
9816;1;1;0;1;1;16;72;81;104
9817;0;2;1;0;1;16;72;81;104
9818;0;2;0;1;1;16;72;81;103
9819;1;1;0;0;1;16;72;81;103
9820;1;1;0;1;1;16;72;82;103
9821;1;0;1;1;1;16;72;83;103
9822;1;0;1;0;1;16;72;84;103
9823;1;2;0;1;1;16;73;84;103
9824;1;1;0;1;1;16;73;84;104
9825;0;0;0;1;1;16;72;85;104
9826;1;1;0;0;1;16;72;85;104
9827;1;1;1;0;1;16;72;86;104
9828;1;1;1;1;1;16;72;87;104
9829;1;1;0;0;1;16;72;88;104
9830;1;2;1;1;1;16;72;89;104
9832;0;1;0;1;1;16;72;88;105
9833;1;1;1;1;1;16;72;88;105
9835;1;2;0;0;1;16;72;88;106
9836;1;1;1;1;1;16;72;88;107
9837;1;0;1;0;1;16;72;89;107
9838;0;1;1;0;1;16;73;89;106
9839;1;0;1;0;1;16;73;89;106
9841;1;1;1;1;1;16;74;89;106
9843;1;2;0;1;1;16;74;90;106
9845;1;1;0;1;1;16;74;90;107
9846;1;0;1;1;1;16;74;91;107
9847;1;1;0;1;1;16;75;91;107
9848;0;0;1;1;1;16;75;92;106
9849;1;1;1;1;1;16;75;92;106
9851;1;0;0;1;1;16;75;92;107
9852;1;2;1;1;1;16;76;92;107
9855;1;2;1;0;1;16;76;92;108
9856;1;0;1;1;1;16;76;92;109
9857;0;1;0;1;1;16;76;92;109
9858;1;1;1;0;1;16;76;92;109
9859;1;0;1;0;1;16;76;93;109
9860;0;2;1;0;1;16;77;93;108
9861;1;0;1;1;1;16;77;93;108
9862;0;0;0;0;1;16;76;93;109
9863;1;2;0;0;1;16;76;93;109
9864;0;2;0;1;1;16;76;93;109
9865;0;2;0;1;1;16;76;93;108
9866;0;2;0;1;1;16;76;93;107
9867;1;0;1;1;1;16;76;93;107
9868;0;0;0;1;1;16;76;93;107
9869;1;2;0;0;1;16;76;93;107
9870;1;2;1;1;1;16;76;93;108
9871;0;0;1;0;1;16;76;93;108
9872;1;0;1;1;1;16;76;93;108
9873;1;1;1;0;1;16;76;94;108
9874;1;1;1;1;1;16;76;95;108
9875;1;0;0;1;1;16;76;96;108
9876;1;2;1;0;1;16;77;96;108
9877;1;2;1;1;1;16;77;96;109
9878;0;2;1;1;1;16;77;96;109
9879;1;0;1;1;1;16;77;96;109
9880;1;0;0;0;1;16;77;96;110
9881;0;0;0;1;1;16;77;96;110
9882;1;2;0;1;1;16;77;96;110
9883;0;2;0;1;1;16;77;96;110
9884;0;2;0;0;1;16;77;96;109
9886;1;0;0;1;1;16;77;96;109
9887;1;0;0;1;1;16;77;97;109
9888;1;2;0;0;1;16;78;97;109
9889;1;0;1;1;1;16;78;97;110
9890;1;0;0;0;1;16;79;97;110
9891;0;0;1;1;1;16;80;97;109
9892;0;0;0;0;1;16;79;97;109
9893;1;0;1;1;1;16;79;97;109
9894;0;0;0;0;1;16;79;97;109
9895;0;2;1;0;1;16;79;97;108
9896;1;2;1;1;1;16;79;97;108
9897;1;2;0;1;1;16;79;97;109
9898;1;1;1;1;1;16;79;97;110
9899;1;0;0;0;1;16;79;98;110
9900;1;0;1;1;1;16;79;98;111
9901;1;0;1;0;1;16;79;98;112
9902;1;1;0;1;1;16;80;98;112
9903;0;1;1;1;1;16;80;99;111
9904;1;0;1;0;1;16;80;99;111
9905;1;0;0;0;1;16;80;99;112
9906;1;0;1;1;1;16;80;100;112
9907;1;1;0;0;1;16;81;100;112
9908;1;2;0;1;1;16;81;101;112
9909;1;2;1;1;1;16;81;101;113
9911;0;2;0;0;1;16;81;101;113
9912;1;1;1;0;1;16;81;101;113
9913;1;2;0;0;1;16;81;102;113
9915;1;2;0;1;1;16;81;102;114
9916;1;1;0;0;1;16;81;102;115
9917;1;1;0;0;1;16;81;103;115
9918;0;1;0;0;1;16;81;102;116
9919;1;2;1;1;1;16;81;102;116
9920;1;0;1;0;1;16;81;102;117
9921;1;2;0;0;1;16;82;102;117
9922;1;1;1;1;1;16;82;102;118
9923;1;1;1;1;1;16;82;103;118
9924;1;1;1;0;1;16;82;104;118
9925;1;1;1;0;1;16;82;104;119
9926;1;1;0;1;1;16;82;104;120
9927;0;2;0;1;1;16;82;104;120
9928;1;1;0;0;1;16;82;104;120
9929;1;2;1;0;1;16;82;105;120
9930;1;1;0;0;1;16;82;105;121
9931;1;0;0;0;1;16;82;106;121
9932;0;0;1;0;1;16;83;106;120
9934;1;1;1;1;1;16;83;106;120
9935;1;0;0;0;1;16;83;106;121
9936;0;1;1;1;1;16;84;106;120
9937;1;1;0;0;1;16;84;106;120
9938;0;1;0;0;1;16;84;105;121
9939;0;0;0;1;1;16;83;105;121
9940;1;0;1;1;1;16;83;105;121
9941;0;0;1;0;1;16;84;105;120
9942;1;2;1;0;1;16;84;105;120
9943;1;1;1;0;1;16;84;105;121
9944;1;0;0;0;1;16;84;106;121
9945;0;1;1;0;1;16;85;106;120
9946;0;1;0;0;1;16;85;105;120
9947;0;2;1;0;1;16;85;105;119
9948;1;0;0;1;1;16;85;105;119
9949;0;2;0;1;1;16;86;105;118
9950;0;1;0;0;1;16;86;104;118
9951;0;2;1;1;1;16;86;104;117
9952;1;1;1;0;1;16;86;104;117
9953;1;0;0;0;1;16;86;105;117
9954;1;2;0;1;1;16;87;105;117
9955;1;0;1;0;1;16;87;105;118
9956;1;2;0;0;1;16;88;105;118
9957;1;2;1;0;1;16;88;105;119
9959;1;1;1;0;1;16;88;105;120
9960;1;1;0;0;1;16;88;106;120
9961;1;1;1;0;1;16;88;107;120
9963;1;2;1;1;1;16;88;108;120
9964;1;2;1;0;1;16;88;108;121
9966;1;1;1;0;1;16;88;108;122
9967;1;1;1;1;1;16;88;109;122
9968;0;2;1;0;1;16;88;110;121
9969;0;0;1;1;1;16;87;110;121
9972;1;0;0;1;1;16;87;110;121
9973;0;0;0;1;1;16;87;110;121
9974;1;1;1;1;1;16;87;110;121
9975;1;1;0;0;1;16;87;110;122
9976;1;2;1;0;1;16;87;111;122
9977;1;1;0;1;1;16;87;111;123
9978;1;1;0;1;1;16;87;112;123
9979;1;0;0;1;1;16;87;113;123
9980;1;0;0;0;1;16;88;113;123
9981;1;0;1;1;1;16;89;113;123
9982;1;0;1;1;1;16;90;113;123
9984;1;1;1;1;1;16;91;113;123
9985;1;0;0;0;1;16;91;114;123
9986;1;1;1;0;1;16;92;114;123
9987;0;2;0;1;1;16;92;114;123
9988;0;1;1;1;1;16;92;114;122
9989;0;1;0;1;1;16;92;113;122
9990;1;2;0;0;1;16;92;113;122
9991;0;0;1;1;1;16;91;113;123
9992;0;2;1;1;1;16;91;113;122
9993;0;1;1;1;1;16;91;112;122
9994;1;2;1;0;1;16;91;112;122
9995;0;0;0;0;1;16;90;112;123
9996;0;0;1;1;1;17;89;112;123
9997;0;1;0;1;1;17;89;111;123
9998;0;2;0;0;1;17;89;111;122
9999;0;1;1;1;1;17;89;110;122
